# TCHES 2026 Table 2 sweep - Boyer-Peralta S-box across all orders and latencies.
source /home/nilotpola/Downloads/TETRIS-artefact/COMPRESS-results/work/ve/bin/activate; TB_CHECK_REF=aes_sbox make -C compress CIRCUIT=circuits/aes_bp.txt LATS="4 5 6" DS="2 3 4 5" GADGETS_CONFIG=gadget_library/gadgets_opt.toml WORK=../work/aes_full_opt area
make[1]: Entering directory '/home/nilotpola/Downloads/TETRIS-artefact/COMPRESS-results/compress'
python3 scripts/compress.py --num-shares 2 --latency=4 --circuit=circuits/aes_bp.txt --out=../work/aes_full_opt/circuits/aes_bp_d2_l4/design.v --outh=../work/aes_full_opt/circuits/aes_bp_d2_l4/design.vh --gadgets-area-csv=../work/aes_full_opt/gadget_area/areas_d2.csv --rng-area-txt=../work/aes_full_opt/rng_area/area_ge.txt --outstats=../work/aes_full_opt/circuits/aes_bp_d2_l4//stats.json --outdump=../work/aes_full_opt/circuits/aes_bp_d2_l4//compress_model.pkl --gadgets-config=gadget_library/gadgets_opt.toml --time-limit 3600 > ../work/aes_full_opt/circuits/aes_bp_d2_l4//compress.log
cp ../work/aes_full_opt/circuits/aes_bp_d2_l4/design.v ../work/aes_full_opt/circuits/aes_bp_d2_l4//aes_bp.v
cp ../work/aes_full_opt/circuits/aes_bp_d2_l4/design.vh ../work/aes_full_opt/circuits/aes_bp_d2_l4//aes_bp.vh
SYNTH_SRCS="gadget_library/BIN/*.v gadget_library/MSK/*.v gadget_library/RNG/trivium/*.v ../work/aes_full_opt/circuits/aes_bp_d2_l4/design.v" SYNTH_TOP=aes_bp VDEFINES="-DDEFAULTSHARES=2" \
RESDIR=../work/aes_full_opt/circuits/aes_bp_d2_l4/synth/ \
yosys -qq -c synthesis/synth.tcl -l  ../work/aes_full_opt/circuits/aes_bp_d2_l4/synth//synth.log
python3 scripts/compress.py --num-shares 2 --latency=5 --circuit=circuits/aes_bp.txt --out=../work/aes_full_opt/circuits/aes_bp_d2_l5/design.v --outh=../work/aes_full_opt/circuits/aes_bp_d2_l5/design.vh --gadgets-area-csv=../work/aes_full_opt/gadget_area/areas_d2.csv --rng-area-txt=../work/aes_full_opt/rng_area/area_ge.txt --outstats=../work/aes_full_opt/circuits/aes_bp_d2_l5//stats.json --outdump=../work/aes_full_opt/circuits/aes_bp_d2_l5//compress_model.pkl --gadgets-config=gadget_library/gadgets_opt.toml --time-limit 3600 > ../work/aes_full_opt/circuits/aes_bp_d2_l5//compress.log
cp ../work/aes_full_opt/circuits/aes_bp_d2_l5/design.v ../work/aes_full_opt/circuits/aes_bp_d2_l5//aes_bp.v
cp ../work/aes_full_opt/circuits/aes_bp_d2_l5/design.vh ../work/aes_full_opt/circuits/aes_bp_d2_l5//aes_bp.vh
SYNTH_SRCS="gadget_library/BIN/*.v gadget_library/MSK/*.v gadget_library/RNG/trivium/*.v ../work/aes_full_opt/circuits/aes_bp_d2_l5/design.v" SYNTH_TOP=aes_bp VDEFINES="-DDEFAULTSHARES=2" \
RESDIR=../work/aes_full_opt/circuits/aes_bp_d2_l5/synth/ \
yosys -qq -c synthesis/synth.tcl -l  ../work/aes_full_opt/circuits/aes_bp_d2_l5/synth//synth.log
python3 scripts/compress.py --num-shares 2 --latency=6 --circuit=circuits/aes_bp.txt --out=../work/aes_full_opt/circuits/aes_bp_d2_l6/design.v --outh=../work/aes_full_opt/circuits/aes_bp_d2_l6/design.vh --gadgets-area-csv=../work/aes_full_opt/gadget_area/areas_d2.csv --rng-area-txt=../work/aes_full_opt/rng_area/area_ge.txt --outstats=../work/aes_full_opt/circuits/aes_bp_d2_l6//stats.json --outdump=../work/aes_full_opt/circuits/aes_bp_d2_l6//compress_model.pkl --gadgets-config=gadget_library/gadgets_opt.toml --time-limit 3600 > ../work/aes_full_opt/circuits/aes_bp_d2_l6//compress.log
cp ../work/aes_full_opt/circuits/aes_bp_d2_l6/design.v ../work/aes_full_opt/circuits/aes_bp_d2_l6//aes_bp.v
cp ../work/aes_full_opt/circuits/aes_bp_d2_l6/design.vh ../work/aes_full_opt/circuits/aes_bp_d2_l6//aes_bp.vh
SYNTH_SRCS="gadget_library/BIN/*.v gadget_library/MSK/*.v gadget_library/RNG/trivium/*.v ../work/aes_full_opt/circuits/aes_bp_d2_l6/design.v" SYNTH_TOP=aes_bp VDEFINES="-DDEFAULTSHARES=2" \
RESDIR=../work/aes_full_opt/circuits/aes_bp_d2_l6/synth/ \
yosys -qq -c synthesis/synth.tcl -l  ../work/aes_full_opt/circuits/aes_bp_d2_l6/synth//synth.log
VDEFINES="-DDEFAULTSHARES=3" SYNTH_TOP=MSKand_hpc2o_swapped_tof RESDIR=../work/aes_full_opt/gadget_area/MSKand_hpc2o_swapped_tof_d3/ yosys -qq -c synthesis/synth.tcl -l  ../work/aes_full_opt/gadget_area/MSKand_hpc2o_swapped_tof_d3//synth.log
VDEFINES="-DDEFAULTSHARES=3" SYNTH_TOP=MSKand_hpc2_cross_swapped RESDIR=../work/aes_full_opt/gadget_area/MSKand_hpc2_cross_swapped_d3/ yosys -qq -c synthesis/synth.tcl -l  ../work/aes_full_opt/gadget_area/MSKand_hpc2_cross_swapped_d3//synth.log
VDEFINES="-DDEFAULTSHARES=3" SYNTH_TOP=MSKg16mul_dom RESDIR=../work/aes_full_opt/gadget_area/MSKg16mul_dom_d3/ yosys -qq -c synthesis/synth.tcl -l  ../work/aes_full_opt/gadget_area/MSKg16mul_dom_d3//synth.log
VDEFINES="-DDEFAULTSHARES=3" SYNTH_TOP=MSKand_hpc1 RESDIR=../work/aes_full_opt/gadget_area/MSKand_hpc1_d3/ yosys -qq -c synthesis/synth.tcl -l  ../work/aes_full_opt/gadget_area/MSKand_hpc1_d3//synth.log
VDEFINES="-DDEFAULTSHARES=3" SYNTH_TOP=MSKand_hpc2o_tof RESDIR=../work/aes_full_opt/gadget_area/MSKand_hpc2o_tof_d3/ yosys -qq -c synthesis/synth.tcl -l  ../work/aes_full_opt/gadget_area/MSKand_hpc2o_tof_d3//synth.log
VDEFINES="-DDEFAULTSHARES=3" SYNTH_TOP=MSKg4mul_hpc3 RESDIR=../work/aes_full_opt/gadget_area/MSKg4mul_hpc3_d3/ yosys -qq -c synthesis/synth.tcl -l  ../work/aes_full_opt/gadget_area/MSKg4mul_hpc3_d3//synth.log
VDEFINES="-DDEFAULTSHARES=3" SYNTH_TOP=MSKmux RESDIR=../work/aes_full_opt/gadget_area/MSKmux_d3/ yosys -qq -c synthesis/synth.tcl -l  ../work/aes_full_opt/gadget_area/MSKmux_d3//synth.log
VDEFINES="-DDEFAULTSHARES=3" SYNTH_TOP=MSKand_hpc3_cross RESDIR=../work/aes_full_opt/gadget_area/MSKand_hpc3_cross_d3/ yosys -qq -c synthesis/synth.tcl -l  ../work/aes_full_opt/gadget_area/MSKand_hpc3_cross_d3//synth.log
VDEFINES="-DDEFAULTSHARES=3" SYNTH_TOP=G16_mul RESDIR=../work/aes_full_opt/gadget_area/G16_mul_d3/ yosys -qq -c synthesis/synth.tcl -l  ../work/aes_full_opt/gadget_area/G16_mul_d3//synth.log
VDEFINES="-DDEFAULTSHARES=3" SYNTH_TOP=MSKand_hpc3_cross_er_swapped RESDIR=../work/aes_full_opt/gadget_area/MSKand_hpc3_cross_er_swapped_d3/ yosys -qq -c synthesis/synth.tcl -l  ../work/aes_full_opt/gadget_area/MSKand_hpc3_cross_er_swapped_d3//synth.log
VDEFINES="-DDEFAULTSHARES=3" SYNTH_TOP=MSKg4mul_dom RESDIR=../work/aes_full_opt/gadget_area/MSKg4mul_dom_d3/ yosys -qq -c synthesis/synth.tcl -l  ../work/aes_full_opt/gadget_area/MSKg4mul_dom_d3//synth.log
VDEFINES="-DDEFAULTSHARES=3" SYNTH_TOP=MSKand_hpc3_cross_er RESDIR=../work/aes_full_opt/gadget_area/MSKand_hpc3_cross_er_d3/ yosys -qq -c synthesis/synth.tcl -l  ../work/aes_full_opt/gadget_area/MSKand_hpc3_cross_er_d3//synth.log
VDEFINES="-DDEFAULTSHARES=3" SYNTH_TOP=MSKand_hpc3o_swapped RESDIR=../work/aes_full_opt/gadget_area/MSKand_hpc3o_swapped_d3/ yosys -qq -c synthesis/synth.tcl -l  ../work/aes_full_opt/gadget_area/MSKand_hpc3o_swapped_d3//synth.log
VDEFINES="-DDEFAULTSHARES=3" SYNTH_TOP=MSKand_hpc2_swapped RESDIR=../work/aes_full_opt/gadget_area/MSKand_hpc2_swapped_d3/ yosys -qq -c synthesis/synth.tcl -l  ../work/aes_full_opt/gadget_area/MSKand_hpc2_swapped_d3//synth.log
VDEFINES="-DDEFAULTSHARES=3" SYNTH_TOP=MSKand_hpc3o RESDIR=../work/aes_full_opt/gadget_area/MSKand_hpc3o_d3/ yosys -qq -c synthesis/synth.tcl -l  ../work/aes_full_opt/gadget_area/MSKand_hpc3o_d3//synth.log
VDEFINES="-DDEFAULTSHARES=3" SYNTH_TOP=MSKand_hpc2o_swapped RESDIR=../work/aes_full_opt/gadget_area/MSKand_hpc2o_swapped_d3/ yosys -qq -c synthesis/synth.tcl -l  ../work/aes_full_opt/gadget_area/MSKand_hpc2o_swapped_d3//synth.log
VDEFINES="-DDEFAULTSHARES=3" SYNTH_TOP=MSKreg RESDIR=../work/aes_full_opt/gadget_area/MSKreg_d3/ yosys -qq -c synthesis/synth.tcl -l  ../work/aes_full_opt/gadget_area/MSKreg_d3//synth.log
VDEFINES="-DDEFAULTSHARES=3" SYNTH_TOP=MSKand_hpc2 RESDIR=../work/aes_full_opt/gadget_area/MSKand_hpc2_d3/ yosys -qq -c synthesis/synth.tcl -l  ../work/aes_full_opt/gadget_area/MSKand_hpc2_d3//synth.log
VDEFINES="-DDEFAULTSHARES=3" SYNTH_TOP=MSKand_dom RESDIR=../work/aes_full_opt/gadget_area/MSKand_dom_d3/ yosys -qq -c synthesis/synth.tcl -l  ../work/aes_full_opt/gadget_area/MSKand_dom_d3//synth.log
VDEFINES="-DDEFAULTSHARES=3" SYNTH_TOP=MSKand_ghpc RESDIR=../work/aes_full_opt/gadget_area/MSKand_ghpc_d3/ yosys -qq -c synthesis/synth.tcl -l  ../work/aes_full_opt/gadget_area/MSKand_ghpc_d3//synth.log
VDEFINES="-DDEFAULTSHARES=3" SYNTH_TOP=MSKg16mul_hpc1 RESDIR=../work/aes_full_opt/gadget_area/MSKg16mul_hpc1_d3/ yosys -qq -c synthesis/synth.tcl -l  ../work/aes_full_opt/gadget_area/MSKg16mul_hpc1_d3//synth.log
VDEFINES="-DDEFAULTSHARES=3" SYNTH_TOP=MSKscanReg RESDIR=../work/aes_full_opt/gadget_area/MSKscanReg_d3/ yosys -qq -c synthesis/synth.tcl -l  ../work/aes_full_opt/gadget_area/MSKscanReg_d3//synth.log
VDEFINES="-DDEFAULTSHARES=3" SYNTH_TOP=MSKand_hpc2_cross RESDIR=../work/aes_full_opt/gadget_area/MSKand_hpc2_cross_d3/ yosys -qq -c synthesis/synth.tcl -l  ../work/aes_full_opt/gadget_area/MSKand_hpc2_cross_d3//synth.log
VDEFINES="-DDEFAULTSHARES=3" SYNTH_TOP=MSKinv RESDIR=../work/aes_full_opt/gadget_area/MSKinv_d3/ yosys -qq -c synthesis/synth.tcl -l  ../work/aes_full_opt/gadget_area/MSKinv_d3//synth.log
VDEFINES="-DDEFAULTSHARES=3" SYNTH_TOP=MSKregEn RESDIR=../work/aes_full_opt/gadget_area/MSKregEn_d3/ yosys -qq -c synthesis/synth.tcl -l  ../work/aes_full_opt/gadget_area/MSKregEn_d3//synth.log
VDEFINES="-DDEFAULTSHARES=3" SYNTH_TOP=MSKand_hpc2o_cross RESDIR=../work/aes_full_opt/gadget_area/MSKand_hpc2o_cross_d3/ yosys -qq -c synthesis/synth.tcl -l  ../work/aes_full_opt/gadget_area/MSKand_hpc2o_cross_d3//synth.log
VDEFINES="-DDEFAULTSHARES=3" SYNTH_TOP=MSKand_ghpcll RESDIR=../work/aes_full_opt/gadget_area/MSKand_ghpcll_d3/ yosys -qq -c synthesis/synth.tcl -l  ../work/aes_full_opt/gadget_area/MSKand_ghpcll_d3//synth.log
VDEFINES="-DDEFAULTSHARES=3" SYNTH_TOP=MSKand_hpc3 RESDIR=../work/aes_full_opt/gadget_area/MSKand_hpc3_d3/ yosys -qq -c synthesis/synth.tcl -l  ../work/aes_full_opt/gadget_area/MSKand_hpc3_d3//synth.log
VDEFINES="-DDEFAULTSHARES=3" SYNTH_TOP=MSKg4mul_hpc1 RESDIR=../work/aes_full_opt/gadget_area/MSKg4mul_hpc1_d3/ yosys -qq -c synthesis/synth.tcl -l  ../work/aes_full_opt/gadget_area/MSKg4mul_hpc1_d3//synth.log
VDEFINES="-DDEFAULTSHARES=3" SYNTH_TOP=MSKxor RESDIR=../work/aes_full_opt/gadget_area/MSKxor_d3/ yosys -qq -c synthesis/synth.tcl -l  ../work/aes_full_opt/gadget_area/MSKxor_d3//synth.log
VDEFINES="-DDEFAULTSHARES=3" SYNTH_TOP=MSKand_hpc2o_cross_swapped RESDIR=../work/aes_full_opt/gadget_area/MSKand_hpc2o_cross_swapped_d3/ yosys -qq -c synthesis/synth.tcl -l  ../work/aes_full_opt/gadget_area/MSKand_hpc2o_cross_swapped_d3//synth.log
VDEFINES="-DDEFAULTSHARES=3" SYNTH_TOP=MSKxnor RESDIR=../work/aes_full_opt/gadget_area/MSKxnor_d3/ yosys -qq -c synthesis/synth.tcl -l  ../work/aes_full_opt/gadget_area/MSKxnor_d3//synth.log
VDEFINES="-DDEFAULTSHARES=3" SYNTH_TOP=MSKcst RESDIR=../work/aes_full_opt/gadget_area/MSKcst_d3/ yosys -qq -c synthesis/synth.tcl -l  ../work/aes_full_opt/gadget_area/MSKcst_d3//synth.log
VDEFINES="-DDEFAULTSHARES=3" SYNTH_TOP=MSKnor_hpc2 RESDIR=../work/aes_full_opt/gadget_area/MSKnor_hpc2_d3/ yosys -qq -c synthesis/synth.tcl -l  ../work/aes_full_opt/gadget_area/MSKnor_hpc2_d3//synth.log
VDEFINES="-DDEFAULTSHARES=3" SYNTH_TOP=MSKg16mul_hpc3 RESDIR=../work/aes_full_opt/gadget_area/MSKg16mul_hpc3_d3/ yosys -qq -c synthesis/synth.tcl -l  ../work/aes_full_opt/gadget_area/MSKg16mul_hpc3_d3//synth.log
VDEFINES="-DDEFAULTSHARES=3" SYNTH_TOP=MSKand_hpc3o_swapped_tof RESDIR=../work/aes_full_opt/gadget_area/MSKand_hpc3o_swapped_tof_d3/ yosys -qq -c synthesis/synth.tcl -l  ../work/aes_full_opt/gadget_area/MSKand_hpc3o_swapped_tof_d3//synth.log
VDEFINES="-DDEFAULTSHARES=3" SYNTH_TOP=MSKand_sharewise RESDIR=../work/aes_full_opt/gadget_area/MSKand_sharewise_d3/ yosys -qq -c synthesis/synth.tcl -l  ../work/aes_full_opt/gadget_area/MSKand_sharewise_d3//synth.log
VDEFINES="-DDEFAULTSHARES=3" SYNTH_TOP=MSKand_hpc2o RESDIR=../work/aes_full_opt/gadget_area/MSKand_hpc2o_d3/ yosys -qq -c synthesis/synth.tcl -l  ../work/aes_full_opt/gadget_area/MSKand_hpc2o_d3//synth.log
VDEFINES="-DDEFAULTSHARES=3" SYNTH_TOP=G4_mul RESDIR=../work/aes_full_opt/gadget_area/G4_mul_d3/ yosys -qq -c synthesis/synth.tcl -l  ../work/aes_full_opt/gadget_area/G4_mul_d3//synth.log
VDEFINES="-DDEFAULTSHARES=3" SYNTH_TOP=MSKand_hpc3o_tof RESDIR=../work/aes_full_opt/gadget_area/MSKand_hpc3o_tof_d3/ yosys -qq -c synthesis/synth.tcl -l  ../work/aes_full_opt/gadget_area/MSKand_hpc3o_tof_d3//synth.log
VDEFINES="-DDEFAULTSHARES=3" SYNTH_TOP=MSKref_sni RESDIR=../work/aes_full_opt/gadget_area/MSKref_sni_d3/ yosys -qq -c synthesis/synth.tcl -l  ../work/aes_full_opt/gadget_area/MSKref_sni_d3//synth.log
python3 scripts/summarize_gadget_area.py --outcsv=../work/aes_full_opt/gadget_area/areas_d3.csv ../work/aes_full_opt/gadget_area/MSKand_hpc2o_swapped_tof_d3/area.json ../work/aes_full_opt/gadget_area/MSKand_hpc2_cross_swapped_d3/area.json ../work/aes_full_opt/gadget_area/MSKg16mul_dom_d3/area.json ../work/aes_full_opt/gadget_area/MSKand_hpc1_d3/area.json ../work/aes_full_opt/gadget_area/MSKand_hpc2o_tof_d3/area.json ../work/aes_full_opt/gadget_area/MSKg4mul_hpc3_d3/area.json ../work/aes_full_opt/gadget_area/MSKmux_d3/area.json ../work/aes_full_opt/gadget_area/MSKand_hpc3_cross_d3/area.json ../work/aes_full_opt/gadget_area/G16_mul_d3/area.json ../work/aes_full_opt/gadget_area/MSKand_hpc3_cross_er_swapped_d3/area.json ../work/aes_full_opt/gadget_area/MSKg4mul_dom_d3/area.json ../work/aes_full_opt/gadget_area/MSKand_hpc3_cross_er_d3/area.json ../work/aes_full_opt/gadget_area/MSKand_hpc3o_swapped_d3/area.json ../work/aes_full_opt/gadget_area/MSKand_hpc2_swapped_d3/area.json ../work/aes_full_opt/gadget_area/MSKand_hpc3o_d3/area.json ../work/aes_full_opt/gadget_area/MSKand_hpc2o_swapped_d3/area.json ../work/aes_full_opt/gadget_area/MSKreg_d3/area.json ../work/aes_full_opt/gadget_area/MSKand_hpc2_d3/area.json ../work/aes_full_opt/gadget_area/MSKand_dom_d3/area.json ../work/aes_full_opt/gadget_area/MSKand_ghpc_d3/area.json ../work/aes_full_opt/gadget_area/MSKg16mul_hpc1_d3/area.json ../work/aes_full_opt/gadget_area/MSKscanReg_d3/area.json ../work/aes_full_opt/gadget_area/MSKand_hpc2_cross_d3/area.json ../work/aes_full_opt/gadget_area/MSKinv_d3/area.json ../work/aes_full_opt/gadget_area/MSKregEn_d3/area.json ../work/aes_full_opt/gadget_area/MSKand_hpc2o_cross_d3/area.json ../work/aes_full_opt/gadget_area/MSKand_ghpcll_d3/area.json ../work/aes_full_opt/gadget_area/MSKand_hpc3_d3/area.json ../work/aes_full_opt/gadget_area/MSKg4mul_hpc1_d3/area.json ../work/aes_full_opt/gadget_area/MSKxor_d3/area.json ../work/aes_full_opt/gadget_area/MSKand_hpc2o_cross_swapped_d3/area.json ../work/aes_full_opt/gadget_area/MSKxnor_d3/area.json ../work/aes_full_opt/gadget_area/MSKcst_d3/area.json ../work/aes_full_opt/gadget_area/MSKnor_hpc2_d3/area.json ../work/aes_full_opt/gadget_area/MSKg16mul_hpc3_d3/area.json ../work/aes_full_opt/gadget_area/MSKand_hpc3o_swapped_tof_d3/area.json ../work/aes_full_opt/gadget_area/MSKand_sharewise_d3/area.json ../work/aes_full_opt/gadget_area/MSKand_hpc2o_d3/area.json ../work/aes_full_opt/gadget_area/G4_mul_d3/area.json ../work/aes_full_opt/gadget_area/MSKand_hpc3o_tof_d3/area.json ../work/aes_full_opt/gadget_area/MSKref_sni_d3/area.json
python3 scripts/compress.py --num-shares 3 --latency=4 --circuit=circuits/aes_bp.txt --out=../work/aes_full_opt/circuits/aes_bp_d3_l4/design.v --outh=../work/aes_full_opt/circuits/aes_bp_d3_l4/design.vh --gadgets-area-csv=../work/aes_full_opt/gadget_area/areas_d3.csv --rng-area-txt=../work/aes_full_opt/rng_area/area_ge.txt --outstats=../work/aes_full_opt/circuits/aes_bp_d3_l4//stats.json --outdump=../work/aes_full_opt/circuits/aes_bp_d3_l4//compress_model.pkl --gadgets-config=gadget_library/gadgets_opt.toml --time-limit 3600 > ../work/aes_full_opt/circuits/aes_bp_d3_l4//compress.log
cp ../work/aes_full_opt/circuits/aes_bp_d3_l4/design.v ../work/aes_full_opt/circuits/aes_bp_d3_l4//aes_bp.v
cp ../work/aes_full_opt/circuits/aes_bp_d3_l4/design.vh ../work/aes_full_opt/circuits/aes_bp_d3_l4//aes_bp.vh
SYNTH_SRCS="gadget_library/BIN/*.v gadget_library/MSK/*.v gadget_library/RNG/trivium/*.v ../work/aes_full_opt/circuits/aes_bp_d3_l4/design.v" SYNTH_TOP=aes_bp VDEFINES="-DDEFAULTSHARES=3" \
RESDIR=../work/aes_full_opt/circuits/aes_bp_d3_l4/synth/ \
yosys -qq -c synthesis/synth.tcl -l  ../work/aes_full_opt/circuits/aes_bp_d3_l4/synth//synth.log
python3 scripts/compress.py --num-shares 3 --latency=5 --circuit=circuits/aes_bp.txt --out=../work/aes_full_opt/circuits/aes_bp_d3_l5/design.v --outh=../work/aes_full_opt/circuits/aes_bp_d3_l5/design.vh --gadgets-area-csv=../work/aes_full_opt/gadget_area/areas_d3.csv --rng-area-txt=../work/aes_full_opt/rng_area/area_ge.txt --outstats=../work/aes_full_opt/circuits/aes_bp_d3_l5//stats.json --outdump=../work/aes_full_opt/circuits/aes_bp_d3_l5//compress_model.pkl --gadgets-config=gadget_library/gadgets_opt.toml --time-limit 3600 > ../work/aes_full_opt/circuits/aes_bp_d3_l5//compress.log
cp ../work/aes_full_opt/circuits/aes_bp_d3_l5/design.v ../work/aes_full_opt/circuits/aes_bp_d3_l5//aes_bp.v
cp ../work/aes_full_opt/circuits/aes_bp_d3_l5/design.vh ../work/aes_full_opt/circuits/aes_bp_d3_l5//aes_bp.vh
SYNTH_SRCS="gadget_library/BIN/*.v gadget_library/MSK/*.v gadget_library/RNG/trivium/*.v ../work/aes_full_opt/circuits/aes_bp_d3_l5/design.v" SYNTH_TOP=aes_bp VDEFINES="-DDEFAULTSHARES=3" \
RESDIR=../work/aes_full_opt/circuits/aes_bp_d3_l5/synth/ \
yosys -qq -c synthesis/synth.tcl -l  ../work/aes_full_opt/circuits/aes_bp_d3_l5/synth//synth.log
python3 scripts/compress.py --num-shares 3 --latency=6 --circuit=circuits/aes_bp.txt --out=../work/aes_full_opt/circuits/aes_bp_d3_l6/design.v --outh=../work/aes_full_opt/circuits/aes_bp_d3_l6/design.vh --gadgets-area-csv=../work/aes_full_opt/gadget_area/areas_d3.csv --rng-area-txt=../work/aes_full_opt/rng_area/area_ge.txt --outstats=../work/aes_full_opt/circuits/aes_bp_d3_l6//stats.json --outdump=../work/aes_full_opt/circuits/aes_bp_d3_l6//compress_model.pkl --gadgets-config=gadget_library/gadgets_opt.toml --time-limit 3600 > ../work/aes_full_opt/circuits/aes_bp_d3_l6//compress.log
cp ../work/aes_full_opt/circuits/aes_bp_d3_l6/design.v ../work/aes_full_opt/circuits/aes_bp_d3_l6//aes_bp.v
cp ../work/aes_full_opt/circuits/aes_bp_d3_l6/design.vh ../work/aes_full_opt/circuits/aes_bp_d3_l6//aes_bp.vh
SYNTH_SRCS="gadget_library/BIN/*.v gadget_library/MSK/*.v gadget_library/RNG/trivium/*.v ../work/aes_full_opt/circuits/aes_bp_d3_l6/design.v" SYNTH_TOP=aes_bp VDEFINES="-DDEFAULTSHARES=3" \
RESDIR=../work/aes_full_opt/circuits/aes_bp_d3_l6/synth/ \
yosys -qq -c synthesis/synth.tcl -l  ../work/aes_full_opt/circuits/aes_bp_d3_l6/synth//synth.log
VDEFINES="-DDEFAULTSHARES=4" SYNTH_TOP=MSKand_hpc2o_swapped_tof RESDIR=../work/aes_full_opt/gadget_area/MSKand_hpc2o_swapped_tof_d4/ yosys -qq -c synthesis/synth.tcl -l  ../work/aes_full_opt/gadget_area/MSKand_hpc2o_swapped_tof_d4//synth.log
VDEFINES="-DDEFAULTSHARES=4" SYNTH_TOP=MSKand_hpc2_cross_swapped RESDIR=../work/aes_full_opt/gadget_area/MSKand_hpc2_cross_swapped_d4/ yosys -qq -c synthesis/synth.tcl -l  ../work/aes_full_opt/gadget_area/MSKand_hpc2_cross_swapped_d4//synth.log
VDEFINES="-DDEFAULTSHARES=4" SYNTH_TOP=MSKg16mul_dom RESDIR=../work/aes_full_opt/gadget_area/MSKg16mul_dom_d4/ yosys -qq -c synthesis/synth.tcl -l  ../work/aes_full_opt/gadget_area/MSKg16mul_dom_d4//synth.log
VDEFINES="-DDEFAULTSHARES=4" SYNTH_TOP=MSKand_hpc1 RESDIR=../work/aes_full_opt/gadget_area/MSKand_hpc1_d4/ yosys -qq -c synthesis/synth.tcl -l  ../work/aes_full_opt/gadget_area/MSKand_hpc1_d4//synth.log
VDEFINES="-DDEFAULTSHARES=4" SYNTH_TOP=MSKand_hpc2o_tof RESDIR=../work/aes_full_opt/gadget_area/MSKand_hpc2o_tof_d4/ yosys -qq -c synthesis/synth.tcl -l  ../work/aes_full_opt/gadget_area/MSKand_hpc2o_tof_d4//synth.log
VDEFINES="-DDEFAULTSHARES=4" SYNTH_TOP=MSKg4mul_hpc3 RESDIR=../work/aes_full_opt/gadget_area/MSKg4mul_hpc3_d4/ yosys -qq -c synthesis/synth.tcl -l  ../work/aes_full_opt/gadget_area/MSKg4mul_hpc3_d4//synth.log
VDEFINES="-DDEFAULTSHARES=4" SYNTH_TOP=MSKmux RESDIR=../work/aes_full_opt/gadget_area/MSKmux_d4/ yosys -qq -c synthesis/synth.tcl -l  ../work/aes_full_opt/gadget_area/MSKmux_d4//synth.log
VDEFINES="-DDEFAULTSHARES=4" SYNTH_TOP=MSKand_hpc3_cross RESDIR=../work/aes_full_opt/gadget_area/MSKand_hpc3_cross_d4/ yosys -qq -c synthesis/synth.tcl -l  ../work/aes_full_opt/gadget_area/MSKand_hpc3_cross_d4//synth.log
VDEFINES="-DDEFAULTSHARES=4" SYNTH_TOP=G16_mul RESDIR=../work/aes_full_opt/gadget_area/G16_mul_d4/ yosys -qq -c synthesis/synth.tcl -l  ../work/aes_full_opt/gadget_area/G16_mul_d4//synth.log
VDEFINES="-DDEFAULTSHARES=4" SYNTH_TOP=MSKand_hpc3_cross_er_swapped RESDIR=../work/aes_full_opt/gadget_area/MSKand_hpc3_cross_er_swapped_d4/ yosys -qq -c synthesis/synth.tcl -l  ../work/aes_full_opt/gadget_area/MSKand_hpc3_cross_er_swapped_d4//synth.log
VDEFINES="-DDEFAULTSHARES=4" SYNTH_TOP=MSKg4mul_dom RESDIR=../work/aes_full_opt/gadget_area/MSKg4mul_dom_d4/ yosys -qq -c synthesis/synth.tcl -l  ../work/aes_full_opt/gadget_area/MSKg4mul_dom_d4//synth.log
VDEFINES="-DDEFAULTSHARES=4" SYNTH_TOP=MSKand_hpc3_cross_er RESDIR=../work/aes_full_opt/gadget_area/MSKand_hpc3_cross_er_d4/ yosys -qq -c synthesis/synth.tcl -l  ../work/aes_full_opt/gadget_area/MSKand_hpc3_cross_er_d4//synth.log
VDEFINES="-DDEFAULTSHARES=4" SYNTH_TOP=MSKand_hpc3o_swapped RESDIR=../work/aes_full_opt/gadget_area/MSKand_hpc3o_swapped_d4/ yosys -qq -c synthesis/synth.tcl -l  ../work/aes_full_opt/gadget_area/MSKand_hpc3o_swapped_d4//synth.log
VDEFINES="-DDEFAULTSHARES=4" SYNTH_TOP=MSKand_hpc2_swapped RESDIR=../work/aes_full_opt/gadget_area/MSKand_hpc2_swapped_d4/ yosys -qq -c synthesis/synth.tcl -l  ../work/aes_full_opt/gadget_area/MSKand_hpc2_swapped_d4//synth.log
VDEFINES="-DDEFAULTSHARES=4" SYNTH_TOP=MSKand_hpc3o RESDIR=../work/aes_full_opt/gadget_area/MSKand_hpc3o_d4/ yosys -qq -c synthesis/synth.tcl -l  ../work/aes_full_opt/gadget_area/MSKand_hpc3o_d4//synth.log
VDEFINES="-DDEFAULTSHARES=4" SYNTH_TOP=MSKand_hpc2o_swapped RESDIR=../work/aes_full_opt/gadget_area/MSKand_hpc2o_swapped_d4/ yosys -qq -c synthesis/synth.tcl -l  ../work/aes_full_opt/gadget_area/MSKand_hpc2o_swapped_d4//synth.log
VDEFINES="-DDEFAULTSHARES=4" SYNTH_TOP=MSKreg RESDIR=../work/aes_full_opt/gadget_area/MSKreg_d4/ yosys -qq -c synthesis/synth.tcl -l  ../work/aes_full_opt/gadget_area/MSKreg_d4//synth.log
VDEFINES="-DDEFAULTSHARES=4" SYNTH_TOP=MSKand_hpc2 RESDIR=../work/aes_full_opt/gadget_area/MSKand_hpc2_d4/ yosys -qq -c synthesis/synth.tcl -l  ../work/aes_full_opt/gadget_area/MSKand_hpc2_d4//synth.log
VDEFINES="-DDEFAULTSHARES=4" SYNTH_TOP=MSKand_dom RESDIR=../work/aes_full_opt/gadget_area/MSKand_dom_d4/ yosys -qq -c synthesis/synth.tcl -l  ../work/aes_full_opt/gadget_area/MSKand_dom_d4//synth.log
VDEFINES="-DDEFAULTSHARES=4" SYNTH_TOP=MSKand_ghpc RESDIR=../work/aes_full_opt/gadget_area/MSKand_ghpc_d4/ yosys -qq -c synthesis/synth.tcl -l  ../work/aes_full_opt/gadget_area/MSKand_ghpc_d4//synth.log
VDEFINES="-DDEFAULTSHARES=4" SYNTH_TOP=MSKg16mul_hpc1 RESDIR=../work/aes_full_opt/gadget_area/MSKg16mul_hpc1_d4/ yosys -qq -c synthesis/synth.tcl -l  ../work/aes_full_opt/gadget_area/MSKg16mul_hpc1_d4//synth.log
VDEFINES="-DDEFAULTSHARES=4" SYNTH_TOP=MSKscanReg RESDIR=../work/aes_full_opt/gadget_area/MSKscanReg_d4/ yosys -qq -c synthesis/synth.tcl -l  ../work/aes_full_opt/gadget_area/MSKscanReg_d4//synth.log
VDEFINES="-DDEFAULTSHARES=4" SYNTH_TOP=MSKand_hpc2_cross RESDIR=../work/aes_full_opt/gadget_area/MSKand_hpc2_cross_d4/ yosys -qq -c synthesis/synth.tcl -l  ../work/aes_full_opt/gadget_area/MSKand_hpc2_cross_d4//synth.log
VDEFINES="-DDEFAULTSHARES=4" SYNTH_TOP=MSKinv RESDIR=../work/aes_full_opt/gadget_area/MSKinv_d4/ yosys -qq -c synthesis/synth.tcl -l  ../work/aes_full_opt/gadget_area/MSKinv_d4//synth.log
VDEFINES="-DDEFAULTSHARES=4" SYNTH_TOP=MSKregEn RESDIR=../work/aes_full_opt/gadget_area/MSKregEn_d4/ yosys -qq -c synthesis/synth.tcl -l  ../work/aes_full_opt/gadget_area/MSKregEn_d4//synth.log
VDEFINES="-DDEFAULTSHARES=4" SYNTH_TOP=MSKand_hpc2o_cross RESDIR=../work/aes_full_opt/gadget_area/MSKand_hpc2o_cross_d4/ yosys -qq -c synthesis/synth.tcl -l  ../work/aes_full_opt/gadget_area/MSKand_hpc2o_cross_d4//synth.log
VDEFINES="-DDEFAULTSHARES=4" SYNTH_TOP=MSKand_ghpcll RESDIR=../work/aes_full_opt/gadget_area/MSKand_ghpcll_d4/ yosys -qq -c synthesis/synth.tcl -l  ../work/aes_full_opt/gadget_area/MSKand_ghpcll_d4//synth.log
VDEFINES="-DDEFAULTSHARES=4" SYNTH_TOP=MSKand_hpc3 RESDIR=../work/aes_full_opt/gadget_area/MSKand_hpc3_d4/ yosys -qq -c synthesis/synth.tcl -l  ../work/aes_full_opt/gadget_area/MSKand_hpc3_d4//synth.log
VDEFINES="-DDEFAULTSHARES=4" SYNTH_TOP=MSKg4mul_hpc1 RESDIR=../work/aes_full_opt/gadget_area/MSKg4mul_hpc1_d4/ yosys -qq -c synthesis/synth.tcl -l  ../work/aes_full_opt/gadget_area/MSKg4mul_hpc1_d4//synth.log
VDEFINES="-DDEFAULTSHARES=4" SYNTH_TOP=MSKxor RESDIR=../work/aes_full_opt/gadget_area/MSKxor_d4/ yosys -qq -c synthesis/synth.tcl -l  ../work/aes_full_opt/gadget_area/MSKxor_d4//synth.log
VDEFINES="-DDEFAULTSHARES=4" SYNTH_TOP=MSKand_hpc2o_cross_swapped RESDIR=../work/aes_full_opt/gadget_area/MSKand_hpc2o_cross_swapped_d4/ yosys -qq -c synthesis/synth.tcl -l  ../work/aes_full_opt/gadget_area/MSKand_hpc2o_cross_swapped_d4//synth.log
VDEFINES="-DDEFAULTSHARES=4" SYNTH_TOP=MSKxnor RESDIR=../work/aes_full_opt/gadget_area/MSKxnor_d4/ yosys -qq -c synthesis/synth.tcl -l  ../work/aes_full_opt/gadget_area/MSKxnor_d4//synth.log
VDEFINES="-DDEFAULTSHARES=4" SYNTH_TOP=MSKcst RESDIR=../work/aes_full_opt/gadget_area/MSKcst_d4/ yosys -qq -c synthesis/synth.tcl -l  ../work/aes_full_opt/gadget_area/MSKcst_d4//synth.log
VDEFINES="-DDEFAULTSHARES=4" SYNTH_TOP=MSKnor_hpc2 RESDIR=../work/aes_full_opt/gadget_area/MSKnor_hpc2_d4/ yosys -qq -c synthesis/synth.tcl -l  ../work/aes_full_opt/gadget_area/MSKnor_hpc2_d4//synth.log
VDEFINES="-DDEFAULTSHARES=4" SYNTH_TOP=MSKg16mul_hpc3 RESDIR=../work/aes_full_opt/gadget_area/MSKg16mul_hpc3_d4/ yosys -qq -c synthesis/synth.tcl -l  ../work/aes_full_opt/gadget_area/MSKg16mul_hpc3_d4//synth.log
VDEFINES="-DDEFAULTSHARES=4" SYNTH_TOP=MSKand_hpc3o_swapped_tof RESDIR=../work/aes_full_opt/gadget_area/MSKand_hpc3o_swapped_tof_d4/ yosys -qq -c synthesis/synth.tcl -l  ../work/aes_full_opt/gadget_area/MSKand_hpc3o_swapped_tof_d4//synth.log
VDEFINES="-DDEFAULTSHARES=4" SYNTH_TOP=MSKand_sharewise RESDIR=../work/aes_full_opt/gadget_area/MSKand_sharewise_d4/ yosys -qq -c synthesis/synth.tcl -l  ../work/aes_full_opt/gadget_area/MSKand_sharewise_d4//synth.log
VDEFINES="-DDEFAULTSHARES=4" SYNTH_TOP=MSKand_hpc2o RESDIR=../work/aes_full_opt/gadget_area/MSKand_hpc2o_d4/ yosys -qq -c synthesis/synth.tcl -l  ../work/aes_full_opt/gadget_area/MSKand_hpc2o_d4//synth.log
VDEFINES="-DDEFAULTSHARES=4" SYNTH_TOP=G4_mul RESDIR=../work/aes_full_opt/gadget_area/G4_mul_d4/ yosys -qq -c synthesis/synth.tcl -l  ../work/aes_full_opt/gadget_area/G4_mul_d4//synth.log
VDEFINES="-DDEFAULTSHARES=4" SYNTH_TOP=MSKand_hpc3o_tof RESDIR=../work/aes_full_opt/gadget_area/MSKand_hpc3o_tof_d4/ yosys -qq -c synthesis/synth.tcl -l  ../work/aes_full_opt/gadget_area/MSKand_hpc3o_tof_d4//synth.log
VDEFINES="-DDEFAULTSHARES=4" SYNTH_TOP=MSKref_sni RESDIR=../work/aes_full_opt/gadget_area/MSKref_sni_d4/ yosys -qq -c synthesis/synth.tcl -l  ../work/aes_full_opt/gadget_area/MSKref_sni_d4//synth.log
python3 scripts/summarize_gadget_area.py --outcsv=../work/aes_full_opt/gadget_area/areas_d4.csv ../work/aes_full_opt/gadget_area/MSKand_hpc2o_swapped_tof_d4/area.json ../work/aes_full_opt/gadget_area/MSKand_hpc2_cross_swapped_d4/area.json ../work/aes_full_opt/gadget_area/MSKg16mul_dom_d4/area.json ../work/aes_full_opt/gadget_area/MSKand_hpc1_d4/area.json ../work/aes_full_opt/gadget_area/MSKand_hpc2o_tof_d4/area.json ../work/aes_full_opt/gadget_area/MSKg4mul_hpc3_d4/area.json ../work/aes_full_opt/gadget_area/MSKmux_d4/area.json ../work/aes_full_opt/gadget_area/MSKand_hpc3_cross_d4/area.json ../work/aes_full_opt/gadget_area/G16_mul_d4/area.json ../work/aes_full_opt/gadget_area/MSKand_hpc3_cross_er_swapped_d4/area.json ../work/aes_full_opt/gadget_area/MSKg4mul_dom_d4/area.json ../work/aes_full_opt/gadget_area/MSKand_hpc3_cross_er_d4/area.json ../work/aes_full_opt/gadget_area/MSKand_hpc3o_swapped_d4/area.json ../work/aes_full_opt/gadget_area/MSKand_hpc2_swapped_d4/area.json ../work/aes_full_opt/gadget_area/MSKand_hpc3o_d4/area.json ../work/aes_full_opt/gadget_area/MSKand_hpc2o_swapped_d4/area.json ../work/aes_full_opt/gadget_area/MSKreg_d4/area.json ../work/aes_full_opt/gadget_area/MSKand_hpc2_d4/area.json ../work/aes_full_opt/gadget_area/MSKand_dom_d4/area.json ../work/aes_full_opt/gadget_area/MSKand_ghpc_d4/area.json ../work/aes_full_opt/gadget_area/MSKg16mul_hpc1_d4/area.json ../work/aes_full_opt/gadget_area/MSKscanReg_d4/area.json ../work/aes_full_opt/gadget_area/MSKand_hpc2_cross_d4/area.json ../work/aes_full_opt/gadget_area/MSKinv_d4/area.json ../work/aes_full_opt/gadget_area/MSKregEn_d4/area.json ../work/aes_full_opt/gadget_area/MSKand_hpc2o_cross_d4/area.json ../work/aes_full_opt/gadget_area/MSKand_ghpcll_d4/area.json ../work/aes_full_opt/gadget_area/MSKand_hpc3_d4/area.json ../work/aes_full_opt/gadget_area/MSKg4mul_hpc1_d4/area.json ../work/aes_full_opt/gadget_area/MSKxor_d4/area.json ../work/aes_full_opt/gadget_area/MSKand_hpc2o_cross_swapped_d4/area.json ../work/aes_full_opt/gadget_area/MSKxnor_d4/area.json ../work/aes_full_opt/gadget_area/MSKcst_d4/area.json ../work/aes_full_opt/gadget_area/MSKnor_hpc2_d4/area.json ../work/aes_full_opt/gadget_area/MSKg16mul_hpc3_d4/area.json ../work/aes_full_opt/gadget_area/MSKand_hpc3o_swapped_tof_d4/area.json ../work/aes_full_opt/gadget_area/MSKand_sharewise_d4/area.json ../work/aes_full_opt/gadget_area/MSKand_hpc2o_d4/area.json ../work/aes_full_opt/gadget_area/G4_mul_d4/area.json ../work/aes_full_opt/gadget_area/MSKand_hpc3o_tof_d4/area.json ../work/aes_full_opt/gadget_area/MSKref_sni_d4/area.json
python3 scripts/compress.py --num-shares 4 --latency=4 --circuit=circuits/aes_bp.txt --out=../work/aes_full_opt/circuits/aes_bp_d4_l4/design.v --outh=../work/aes_full_opt/circuits/aes_bp_d4_l4/design.vh --gadgets-area-csv=../work/aes_full_opt/gadget_area/areas_d4.csv --rng-area-txt=../work/aes_full_opt/rng_area/area_ge.txt --outstats=../work/aes_full_opt/circuits/aes_bp_d4_l4//stats.json --outdump=../work/aes_full_opt/circuits/aes_bp_d4_l4//compress_model.pkl --gadgets-config=gadget_library/gadgets_opt.toml --time-limit 3600 > ../work/aes_full_opt/circuits/aes_bp_d4_l4//compress.log
cp ../work/aes_full_opt/circuits/aes_bp_d4_l4/design.v ../work/aes_full_opt/circuits/aes_bp_d4_l4//aes_bp.v
cp ../work/aes_full_opt/circuits/aes_bp_d4_l4/design.vh ../work/aes_full_opt/circuits/aes_bp_d4_l4//aes_bp.vh
SYNTH_SRCS="gadget_library/BIN/*.v gadget_library/MSK/*.v gadget_library/RNG/trivium/*.v ../work/aes_full_opt/circuits/aes_bp_d4_l4/design.v" SYNTH_TOP=aes_bp VDEFINES="-DDEFAULTSHARES=4" \
RESDIR=../work/aes_full_opt/circuits/aes_bp_d4_l4/synth/ \
yosys -qq -c synthesis/synth.tcl -l  ../work/aes_full_opt/circuits/aes_bp_d4_l4/synth//synth.log
python3 scripts/compress.py --num-shares 4 --latency=5 --circuit=circuits/aes_bp.txt --out=../work/aes_full_opt/circuits/aes_bp_d4_l5/design.v --outh=../work/aes_full_opt/circuits/aes_bp_d4_l5/design.vh --gadgets-area-csv=../work/aes_full_opt/gadget_area/areas_d4.csv --rng-area-txt=../work/aes_full_opt/rng_area/area_ge.txt --outstats=../work/aes_full_opt/circuits/aes_bp_d4_l5//stats.json --outdump=../work/aes_full_opt/circuits/aes_bp_d4_l5//compress_model.pkl --gadgets-config=gadget_library/gadgets_opt.toml --time-limit 3600 > ../work/aes_full_opt/circuits/aes_bp_d4_l5//compress.log
cp ../work/aes_full_opt/circuits/aes_bp_d4_l5/design.v ../work/aes_full_opt/circuits/aes_bp_d4_l5//aes_bp.v
cp ../work/aes_full_opt/circuits/aes_bp_d4_l5/design.vh ../work/aes_full_opt/circuits/aes_bp_d4_l5//aes_bp.vh
SYNTH_SRCS="gadget_library/BIN/*.v gadget_library/MSK/*.v gadget_library/RNG/trivium/*.v ../work/aes_full_opt/circuits/aes_bp_d4_l5/design.v" SYNTH_TOP=aes_bp VDEFINES="-DDEFAULTSHARES=4" \
RESDIR=../work/aes_full_opt/circuits/aes_bp_d4_l5/synth/ \
yosys -qq -c synthesis/synth.tcl -l  ../work/aes_full_opt/circuits/aes_bp_d4_l5/synth//synth.log
python3 scripts/compress.py --num-shares 4 --latency=6 --circuit=circuits/aes_bp.txt --out=../work/aes_full_opt/circuits/aes_bp_d4_l6/design.v --outh=../work/aes_full_opt/circuits/aes_bp_d4_l6/design.vh --gadgets-area-csv=../work/aes_full_opt/gadget_area/areas_d4.csv --rng-area-txt=../work/aes_full_opt/rng_area/area_ge.txt --outstats=../work/aes_full_opt/circuits/aes_bp_d4_l6//stats.json --outdump=../work/aes_full_opt/circuits/aes_bp_d4_l6//compress_model.pkl --gadgets-config=gadget_library/gadgets_opt.toml --time-limit 3600 > ../work/aes_full_opt/circuits/aes_bp_d4_l6//compress.log
cp ../work/aes_full_opt/circuits/aes_bp_d4_l6/design.v ../work/aes_full_opt/circuits/aes_bp_d4_l6//aes_bp.v
cp ../work/aes_full_opt/circuits/aes_bp_d4_l6/design.vh ../work/aes_full_opt/circuits/aes_bp_d4_l6//aes_bp.vh
SYNTH_SRCS="gadget_library/BIN/*.v gadget_library/MSK/*.v gadget_library/RNG/trivium/*.v ../work/aes_full_opt/circuits/aes_bp_d4_l6/design.v" SYNTH_TOP=aes_bp VDEFINES="-DDEFAULTSHARES=4" \
RESDIR=../work/aes_full_opt/circuits/aes_bp_d4_l6/synth/ \
yosys -qq -c synthesis/synth.tcl -l  ../work/aes_full_opt/circuits/aes_bp_d4_l6/synth//synth.log
VDEFINES="-DDEFAULTSHARES=5" SYNTH_TOP=MSKand_hpc2o_swapped_tof RESDIR=../work/aes_full_opt/gadget_area/MSKand_hpc2o_swapped_tof_d5/ yosys -qq -c synthesis/synth.tcl -l  ../work/aes_full_opt/gadget_area/MSKand_hpc2o_swapped_tof_d5//synth.log
VDEFINES="-DDEFAULTSHARES=5" SYNTH_TOP=MSKand_hpc2_cross_swapped RESDIR=../work/aes_full_opt/gadget_area/MSKand_hpc2_cross_swapped_d5/ yosys -qq -c synthesis/synth.tcl -l  ../work/aes_full_opt/gadget_area/MSKand_hpc2_cross_swapped_d5//synth.log
VDEFINES="-DDEFAULTSHARES=5" SYNTH_TOP=MSKg16mul_dom RESDIR=../work/aes_full_opt/gadget_area/MSKg16mul_dom_d5/ yosys -qq -c synthesis/synth.tcl -l  ../work/aes_full_opt/gadget_area/MSKg16mul_dom_d5//synth.log
VDEFINES="-DDEFAULTSHARES=5" SYNTH_TOP=MSKand_hpc1 RESDIR=../work/aes_full_opt/gadget_area/MSKand_hpc1_d5/ yosys -qq -c synthesis/synth.tcl -l  ../work/aes_full_opt/gadget_area/MSKand_hpc1_d5//synth.log
VDEFINES="-DDEFAULTSHARES=5" SYNTH_TOP=MSKand_hpc2o_tof RESDIR=../work/aes_full_opt/gadget_area/MSKand_hpc2o_tof_d5/ yosys -qq -c synthesis/synth.tcl -l  ../work/aes_full_opt/gadget_area/MSKand_hpc2o_tof_d5//synth.log
VDEFINES="-DDEFAULTSHARES=5" SYNTH_TOP=MSKg4mul_hpc3 RESDIR=../work/aes_full_opt/gadget_area/MSKg4mul_hpc3_d5/ yosys -qq -c synthesis/synth.tcl -l  ../work/aes_full_opt/gadget_area/MSKg4mul_hpc3_d5//synth.log
VDEFINES="-DDEFAULTSHARES=5" SYNTH_TOP=MSKmux RESDIR=../work/aes_full_opt/gadget_area/MSKmux_d5/ yosys -qq -c synthesis/synth.tcl -l  ../work/aes_full_opt/gadget_area/MSKmux_d5//synth.log
VDEFINES="-DDEFAULTSHARES=5" SYNTH_TOP=MSKand_hpc3_cross RESDIR=../work/aes_full_opt/gadget_area/MSKand_hpc3_cross_d5/ yosys -qq -c synthesis/synth.tcl -l  ../work/aes_full_opt/gadget_area/MSKand_hpc3_cross_d5//synth.log
VDEFINES="-DDEFAULTSHARES=5" SYNTH_TOP=G16_mul RESDIR=../work/aes_full_opt/gadget_area/G16_mul_d5/ yosys -qq -c synthesis/synth.tcl -l  ../work/aes_full_opt/gadget_area/G16_mul_d5//synth.log
VDEFINES="-DDEFAULTSHARES=5" SYNTH_TOP=MSKand_hpc3_cross_er_swapped RESDIR=../work/aes_full_opt/gadget_area/MSKand_hpc3_cross_er_swapped_d5/ yosys -qq -c synthesis/synth.tcl -l  ../work/aes_full_opt/gadget_area/MSKand_hpc3_cross_er_swapped_d5//synth.log
VDEFINES="-DDEFAULTSHARES=5" SYNTH_TOP=MSKg4mul_dom RESDIR=../work/aes_full_opt/gadget_area/MSKg4mul_dom_d5/ yosys -qq -c synthesis/synth.tcl -l  ../work/aes_full_opt/gadget_area/MSKg4mul_dom_d5//synth.log
VDEFINES="-DDEFAULTSHARES=5" SYNTH_TOP=MSKand_hpc3_cross_er RESDIR=../work/aes_full_opt/gadget_area/MSKand_hpc3_cross_er_d5/ yosys -qq -c synthesis/synth.tcl -l  ../work/aes_full_opt/gadget_area/MSKand_hpc3_cross_er_d5//synth.log
VDEFINES="-DDEFAULTSHARES=5" SYNTH_TOP=MSKand_hpc3o_swapped RESDIR=../work/aes_full_opt/gadget_area/MSKand_hpc3o_swapped_d5/ yosys -qq -c synthesis/synth.tcl -l  ../work/aes_full_opt/gadget_area/MSKand_hpc3o_swapped_d5//synth.log
VDEFINES="-DDEFAULTSHARES=5" SYNTH_TOP=MSKand_hpc2_swapped RESDIR=../work/aes_full_opt/gadget_area/MSKand_hpc2_swapped_d5/ yosys -qq -c synthesis/synth.tcl -l  ../work/aes_full_opt/gadget_area/MSKand_hpc2_swapped_d5//synth.log
VDEFINES="-DDEFAULTSHARES=5" SYNTH_TOP=MSKand_hpc3o RESDIR=../work/aes_full_opt/gadget_area/MSKand_hpc3o_d5/ yosys -qq -c synthesis/synth.tcl -l  ../work/aes_full_opt/gadget_area/MSKand_hpc3o_d5//synth.log
VDEFINES="-DDEFAULTSHARES=5" SYNTH_TOP=MSKand_hpc2o_swapped RESDIR=../work/aes_full_opt/gadget_area/MSKand_hpc2o_swapped_d5/ yosys -qq -c synthesis/synth.tcl -l  ../work/aes_full_opt/gadget_area/MSKand_hpc2o_swapped_d5//synth.log
VDEFINES="-DDEFAULTSHARES=5" SYNTH_TOP=MSKreg RESDIR=../work/aes_full_opt/gadget_area/MSKreg_d5/ yosys -qq -c synthesis/synth.tcl -l  ../work/aes_full_opt/gadget_area/MSKreg_d5//synth.log
VDEFINES="-DDEFAULTSHARES=5" SYNTH_TOP=MSKand_hpc2 RESDIR=../work/aes_full_opt/gadget_area/MSKand_hpc2_d5/ yosys -qq -c synthesis/synth.tcl -l  ../work/aes_full_opt/gadget_area/MSKand_hpc2_d5//synth.log
VDEFINES="-DDEFAULTSHARES=5" SYNTH_TOP=MSKand_dom RESDIR=../work/aes_full_opt/gadget_area/MSKand_dom_d5/ yosys -qq -c synthesis/synth.tcl -l  ../work/aes_full_opt/gadget_area/MSKand_dom_d5//synth.log
VDEFINES="-DDEFAULTSHARES=5" SYNTH_TOP=MSKand_ghpc RESDIR=../work/aes_full_opt/gadget_area/MSKand_ghpc_d5/ yosys -qq -c synthesis/synth.tcl -l  ../work/aes_full_opt/gadget_area/MSKand_ghpc_d5//synth.log
VDEFINES="-DDEFAULTSHARES=5" SYNTH_TOP=MSKg16mul_hpc1 RESDIR=../work/aes_full_opt/gadget_area/MSKg16mul_hpc1_d5/ yosys -qq -c synthesis/synth.tcl -l  ../work/aes_full_opt/gadget_area/MSKg16mul_hpc1_d5//synth.log
VDEFINES="-DDEFAULTSHARES=5" SYNTH_TOP=MSKscanReg RESDIR=../work/aes_full_opt/gadget_area/MSKscanReg_d5/ yosys -qq -c synthesis/synth.tcl -l  ../work/aes_full_opt/gadget_area/MSKscanReg_d5//synth.log
VDEFINES="-DDEFAULTSHARES=5" SYNTH_TOP=MSKand_hpc2_cross RESDIR=../work/aes_full_opt/gadget_area/MSKand_hpc2_cross_d5/ yosys -qq -c synthesis/synth.tcl -l  ../work/aes_full_opt/gadget_area/MSKand_hpc2_cross_d5//synth.log
VDEFINES="-DDEFAULTSHARES=5" SYNTH_TOP=MSKinv RESDIR=../work/aes_full_opt/gadget_area/MSKinv_d5/ yosys -qq -c synthesis/synth.tcl -l  ../work/aes_full_opt/gadget_area/MSKinv_d5//synth.log
VDEFINES="-DDEFAULTSHARES=5" SYNTH_TOP=MSKregEn RESDIR=../work/aes_full_opt/gadget_area/MSKregEn_d5/ yosys -qq -c synthesis/synth.tcl -l  ../work/aes_full_opt/gadget_area/MSKregEn_d5//synth.log
VDEFINES="-DDEFAULTSHARES=5" SYNTH_TOP=MSKand_hpc2o_cross RESDIR=../work/aes_full_opt/gadget_area/MSKand_hpc2o_cross_d5/ yosys -qq -c synthesis/synth.tcl -l  ../work/aes_full_opt/gadget_area/MSKand_hpc2o_cross_d5//synth.log
VDEFINES="-DDEFAULTSHARES=5" SYNTH_TOP=MSKand_ghpcll RESDIR=../work/aes_full_opt/gadget_area/MSKand_ghpcll_d5/ yosys -qq -c synthesis/synth.tcl -l  ../work/aes_full_opt/gadget_area/MSKand_ghpcll_d5//synth.log
VDEFINES="-DDEFAULTSHARES=5" SYNTH_TOP=MSKand_hpc3 RESDIR=../work/aes_full_opt/gadget_area/MSKand_hpc3_d5/ yosys -qq -c synthesis/synth.tcl -l  ../work/aes_full_opt/gadget_area/MSKand_hpc3_d5//synth.log
VDEFINES="-DDEFAULTSHARES=5" SYNTH_TOP=MSKg4mul_hpc1 RESDIR=../work/aes_full_opt/gadget_area/MSKg4mul_hpc1_d5/ yosys -qq -c synthesis/synth.tcl -l  ../work/aes_full_opt/gadget_area/MSKg4mul_hpc1_d5//synth.log
VDEFINES="-DDEFAULTSHARES=5" SYNTH_TOP=MSKxor RESDIR=../work/aes_full_opt/gadget_area/MSKxor_d5/ yosys -qq -c synthesis/synth.tcl -l  ../work/aes_full_opt/gadget_area/MSKxor_d5//synth.log
VDEFINES="-DDEFAULTSHARES=5" SYNTH_TOP=MSKand_hpc2o_cross_swapped RESDIR=../work/aes_full_opt/gadget_area/MSKand_hpc2o_cross_swapped_d5/ yosys -qq -c synthesis/synth.tcl -l  ../work/aes_full_opt/gadget_area/MSKand_hpc2o_cross_swapped_d5//synth.log
VDEFINES="-DDEFAULTSHARES=5" SYNTH_TOP=MSKxnor RESDIR=../work/aes_full_opt/gadget_area/MSKxnor_d5/ yosys -qq -c synthesis/synth.tcl -l  ../work/aes_full_opt/gadget_area/MSKxnor_d5//synth.log
VDEFINES="-DDEFAULTSHARES=5" SYNTH_TOP=MSKcst RESDIR=../work/aes_full_opt/gadget_area/MSKcst_d5/ yosys -qq -c synthesis/synth.tcl -l  ../work/aes_full_opt/gadget_area/MSKcst_d5//synth.log
VDEFINES="-DDEFAULTSHARES=5" SYNTH_TOP=MSKnor_hpc2 RESDIR=../work/aes_full_opt/gadget_area/MSKnor_hpc2_d5/ yosys -qq -c synthesis/synth.tcl -l  ../work/aes_full_opt/gadget_area/MSKnor_hpc2_d5//synth.log
VDEFINES="-DDEFAULTSHARES=5" SYNTH_TOP=MSKg16mul_hpc3 RESDIR=../work/aes_full_opt/gadget_area/MSKg16mul_hpc3_d5/ yosys -qq -c synthesis/synth.tcl -l  ../work/aes_full_opt/gadget_area/MSKg16mul_hpc3_d5//synth.log
VDEFINES="-DDEFAULTSHARES=5" SYNTH_TOP=MSKand_hpc3o_swapped_tof RESDIR=../work/aes_full_opt/gadget_area/MSKand_hpc3o_swapped_tof_d5/ yosys -qq -c synthesis/synth.tcl -l  ../work/aes_full_opt/gadget_area/MSKand_hpc3o_swapped_tof_d5//synth.log
VDEFINES="-DDEFAULTSHARES=5" SYNTH_TOP=MSKand_sharewise RESDIR=../work/aes_full_opt/gadget_area/MSKand_sharewise_d5/ yosys -qq -c synthesis/synth.tcl -l  ../work/aes_full_opt/gadget_area/MSKand_sharewise_d5//synth.log
VDEFINES="-DDEFAULTSHARES=5" SYNTH_TOP=MSKand_hpc2o RESDIR=../work/aes_full_opt/gadget_area/MSKand_hpc2o_d5/ yosys -qq -c synthesis/synth.tcl -l  ../work/aes_full_opt/gadget_area/MSKand_hpc2o_d5//synth.log
VDEFINES="-DDEFAULTSHARES=5" SYNTH_TOP=G4_mul RESDIR=../work/aes_full_opt/gadget_area/G4_mul_d5/ yosys -qq -c synthesis/synth.tcl -l  ../work/aes_full_opt/gadget_area/G4_mul_d5//synth.log
VDEFINES="-DDEFAULTSHARES=5" SYNTH_TOP=MSKand_hpc3o_tof RESDIR=../work/aes_full_opt/gadget_area/MSKand_hpc3o_tof_d5/ yosys -qq -c synthesis/synth.tcl -l  ../work/aes_full_opt/gadget_area/MSKand_hpc3o_tof_d5//synth.log
VDEFINES="-DDEFAULTSHARES=5" SYNTH_TOP=MSKref_sni RESDIR=../work/aes_full_opt/gadget_area/MSKref_sni_d5/ yosys -qq -c synthesis/synth.tcl -l  ../work/aes_full_opt/gadget_area/MSKref_sni_d5//synth.log
python3 scripts/summarize_gadget_area.py --outcsv=../work/aes_full_opt/gadget_area/areas_d5.csv ../work/aes_full_opt/gadget_area/MSKand_hpc2o_swapped_tof_d5/area.json ../work/aes_full_opt/gadget_area/MSKand_hpc2_cross_swapped_d5/area.json ../work/aes_full_opt/gadget_area/MSKg16mul_dom_d5/area.json ../work/aes_full_opt/gadget_area/MSKand_hpc1_d5/area.json ../work/aes_full_opt/gadget_area/MSKand_hpc2o_tof_d5/area.json ../work/aes_full_opt/gadget_area/MSKg4mul_hpc3_d5/area.json ../work/aes_full_opt/gadget_area/MSKmux_d5/area.json ../work/aes_full_opt/gadget_area/MSKand_hpc3_cross_d5/area.json ../work/aes_full_opt/gadget_area/G16_mul_d5/area.json ../work/aes_full_opt/gadget_area/MSKand_hpc3_cross_er_swapped_d5/area.json ../work/aes_full_opt/gadget_area/MSKg4mul_dom_d5/area.json ../work/aes_full_opt/gadget_area/MSKand_hpc3_cross_er_d5/area.json ../work/aes_full_opt/gadget_area/MSKand_hpc3o_swapped_d5/area.json ../work/aes_full_opt/gadget_area/MSKand_hpc2_swapped_d5/area.json ../work/aes_full_opt/gadget_area/MSKand_hpc3o_d5/area.json ../work/aes_full_opt/gadget_area/MSKand_hpc2o_swapped_d5/area.json ../work/aes_full_opt/gadget_area/MSKreg_d5/area.json ../work/aes_full_opt/gadget_area/MSKand_hpc2_d5/area.json ../work/aes_full_opt/gadget_area/MSKand_dom_d5/area.json ../work/aes_full_opt/gadget_area/MSKand_ghpc_d5/area.json ../work/aes_full_opt/gadget_area/MSKg16mul_hpc1_d5/area.json ../work/aes_full_opt/gadget_area/MSKscanReg_d5/area.json ../work/aes_full_opt/gadget_area/MSKand_hpc2_cross_d5/area.json ../work/aes_full_opt/gadget_area/MSKinv_d5/area.json ../work/aes_full_opt/gadget_area/MSKregEn_d5/area.json ../work/aes_full_opt/gadget_area/MSKand_hpc2o_cross_d5/area.json ../work/aes_full_opt/gadget_area/MSKand_ghpcll_d5/area.json ../work/aes_full_opt/gadget_area/MSKand_hpc3_d5/area.json ../work/aes_full_opt/gadget_area/MSKg4mul_hpc1_d5/area.json ../work/aes_full_opt/gadget_area/MSKxor_d5/area.json ../work/aes_full_opt/gadget_area/MSKand_hpc2o_cross_swapped_d5/area.json ../work/aes_full_opt/gadget_area/MSKxnor_d5/area.json ../work/aes_full_opt/gadget_area/MSKcst_d5/area.json ../work/aes_full_opt/gadget_area/MSKnor_hpc2_d5/area.json ../work/aes_full_opt/gadget_area/MSKg16mul_hpc3_d5/area.json ../work/aes_full_opt/gadget_area/MSKand_hpc3o_swapped_tof_d5/area.json ../work/aes_full_opt/gadget_area/MSKand_sharewise_d5/area.json ../work/aes_full_opt/gadget_area/MSKand_hpc2o_d5/area.json ../work/aes_full_opt/gadget_area/G4_mul_d5/area.json ../work/aes_full_opt/gadget_area/MSKand_hpc3o_tof_d5/area.json ../work/aes_full_opt/gadget_area/MSKref_sni_d5/area.json
python3 scripts/compress.py --num-shares 5 --latency=4 --circuit=circuits/aes_bp.txt --out=../work/aes_full_opt/circuits/aes_bp_d5_l4/design.v --outh=../work/aes_full_opt/circuits/aes_bp_d5_l4/design.vh --gadgets-area-csv=../work/aes_full_opt/gadget_area/areas_d5.csv --rng-area-txt=../work/aes_full_opt/rng_area/area_ge.txt --outstats=../work/aes_full_opt/circuits/aes_bp_d5_l4//stats.json --outdump=../work/aes_full_opt/circuits/aes_bp_d5_l4//compress_model.pkl --gadgets-config=gadget_library/gadgets_opt.toml --time-limit 3600 > ../work/aes_full_opt/circuits/aes_bp_d5_l4//compress.log
cp ../work/aes_full_opt/circuits/aes_bp_d5_l4/design.v ../work/aes_full_opt/circuits/aes_bp_d5_l4//aes_bp.v
cp ../work/aes_full_opt/circuits/aes_bp_d5_l4/design.vh ../work/aes_full_opt/circuits/aes_bp_d5_l4//aes_bp.vh
SYNTH_SRCS="gadget_library/BIN/*.v gadget_library/MSK/*.v gadget_library/RNG/trivium/*.v ../work/aes_full_opt/circuits/aes_bp_d5_l4/design.v" SYNTH_TOP=aes_bp VDEFINES="-DDEFAULTSHARES=5" \
RESDIR=../work/aes_full_opt/circuits/aes_bp_d5_l4/synth/ \
yosys -qq -c synthesis/synth.tcl -l  ../work/aes_full_opt/circuits/aes_bp_d5_l4/synth//synth.log
python3 scripts/compress.py --num-shares 5 --latency=5 --circuit=circuits/aes_bp.txt --out=../work/aes_full_opt/circuits/aes_bp_d5_l5/design.v --outh=../work/aes_full_opt/circuits/aes_bp_d5_l5/design.vh --gadgets-area-csv=../work/aes_full_opt/gadget_area/areas_d5.csv --rng-area-txt=../work/aes_full_opt/rng_area/area_ge.txt --outstats=../work/aes_full_opt/circuits/aes_bp_d5_l5//stats.json --outdump=../work/aes_full_opt/circuits/aes_bp_d5_l5//compress_model.pkl --gadgets-config=gadget_library/gadgets_opt.toml --time-limit 3600 > ../work/aes_full_opt/circuits/aes_bp_d5_l5//compress.log
cp ../work/aes_full_opt/circuits/aes_bp_d5_l5/design.v ../work/aes_full_opt/circuits/aes_bp_d5_l5//aes_bp.v
cp ../work/aes_full_opt/circuits/aes_bp_d5_l5/design.vh ../work/aes_full_opt/circuits/aes_bp_d5_l5//aes_bp.vh
SYNTH_SRCS="gadget_library/BIN/*.v gadget_library/MSK/*.v gadget_library/RNG/trivium/*.v ../work/aes_full_opt/circuits/aes_bp_d5_l5/design.v" SYNTH_TOP=aes_bp VDEFINES="-DDEFAULTSHARES=5" \
RESDIR=../work/aes_full_opt/circuits/aes_bp_d5_l5/synth/ \
yosys -qq -c synthesis/synth.tcl -l  ../work/aes_full_opt/circuits/aes_bp_d5_l5/synth//synth.log
python3 scripts/compress.py --num-shares 5 --latency=6 --circuit=circuits/aes_bp.txt --out=../work/aes_full_opt/circuits/aes_bp_d5_l6/design.v --outh=../work/aes_full_opt/circuits/aes_bp_d5_l6/design.vh --gadgets-area-csv=../work/aes_full_opt/gadget_area/areas_d5.csv --rng-area-txt=../work/aes_full_opt/rng_area/area_ge.txt --outstats=../work/aes_full_opt/circuits/aes_bp_d5_l6//stats.json --outdump=../work/aes_full_opt/circuits/aes_bp_d5_l6//compress_model.pkl --gadgets-config=gadget_library/gadgets_opt.toml --time-limit 3600 > ../work/aes_full_opt/circuits/aes_bp_d5_l6//compress.log
cp ../work/aes_full_opt/circuits/aes_bp_d5_l6/design.v ../work/aes_full_opt/circuits/aes_bp_d5_l6//aes_bp.v
cp ../work/aes_full_opt/circuits/aes_bp_d5_l6/design.vh ../work/aes_full_opt/circuits/aes_bp_d5_l6//aes_bp.vh
SYNTH_SRCS="gadget_library/BIN/*.v gadget_library/MSK/*.v gadget_library/RNG/trivium/*.v ../work/aes_full_opt/circuits/aes_bp_d5_l6/design.v" SYNTH_TOP=aes_bp VDEFINES="-DDEFAULTSHARES=5" \
RESDIR=../work/aes_full_opt/circuits/aes_bp_d5_l6/synth/ \
yosys -qq -c synthesis/synth.tcl -l  ../work/aes_full_opt/circuits/aes_bp_d5_l6/synth//synth.log
python3 scripts/summarize_design_area.py --outcsv=../work/aes_full_opt/aes_bp_area.csv ../work/aes_full_opt/circuits/aes_bp_d2_l4/synth/area.json ../work/aes_full_opt/circuits/aes_bp_d2_l5/synth/area.json ../work/aes_full_opt/circuits/aes_bp_d2_l6/synth/area.json ../work/aes_full_opt/circuits/aes_bp_d3_l4/synth/area.json ../work/aes_full_opt/circuits/aes_bp_d3_l5/synth/area.json ../work/aes_full_opt/circuits/aes_bp_d3_l6/synth/area.json ../work/aes_full_opt/circuits/aes_bp_d4_l4/synth/area.json ../work/aes_full_opt/circuits/aes_bp_d4_l5/synth/area.json ../work/aes_full_opt/circuits/aes_bp_d4_l6/synth/area.json ../work/aes_full_opt/circuits/aes_bp_d5_l4/synth/area.json ../work/aes_full_opt/circuits/aes_bp_d5_l5/synth/area.json ../work/aes_full_opt/circuits/aes_bp_d5_l6/synth/area.json
make[1]: Leaving directory '/home/nilotpola/Downloads/TETRIS-artefact/COMPRESS-results/compress'
# TCHES 2026 Table 2 sweep - Boyer-Peralta S-box across all orders and latencies.
source /home/nilotpola/Downloads/TETRIS-artefact/COMPRESS-results/work/ve/bin/activate; TB_CHECK_REF=aes_sbox make -C compress CIRCUIT=circuits/aes_bp.txt LATS="4 5 6" DS="2 3 4 5" GADGETS_CONFIG=gadget_library/gadgets_sep.toml WORK=../work/aes_full_sep area
make[1]: Entering directory '/home/nilotpola/Downloads/TETRIS-artefact/COMPRESS-results/compress'
VDEFINES="-DDEFAULTRND=512" \
SYNTH_TOP=prng_top \
RESDIR=../work/aes_full_sep/rng_area/nbits_512/ \
yosys -qq -c synthesis/synth.tcl -l  ../work/aes_full_sep/rng_area/nbits_512//synth.log
python3 scripts/rng_area.py --out=../work/aes_full_sep/rng_area/area_ge.txt ../work/aes_full_sep/rng_area/nbits_512/area.json
VDEFINES="-DDEFAULTSHARES=2" SYNTH_TOP=MSKand_hpc2o_swapped_tof RESDIR=../work/aes_full_sep/gadget_area/MSKand_hpc2o_swapped_tof_d2/ yosys -qq -c synthesis/synth.tcl -l  ../work/aes_full_sep/gadget_area/MSKand_hpc2o_swapped_tof_d2//synth.log
VDEFINES="-DDEFAULTSHARES=2" SYNTH_TOP=MSKand_hpc2_cross_swapped RESDIR=../work/aes_full_sep/gadget_area/MSKand_hpc2_cross_swapped_d2/ yosys -qq -c synthesis/synth.tcl -l  ../work/aes_full_sep/gadget_area/MSKand_hpc2_cross_swapped_d2//synth.log
VDEFINES="-DDEFAULTSHARES=2" SYNTH_TOP=MSKg16mul_dom RESDIR=../work/aes_full_sep/gadget_area/MSKg16mul_dom_d2/ yosys -qq -c synthesis/synth.tcl -l  ../work/aes_full_sep/gadget_area/MSKg16mul_dom_d2//synth.log
VDEFINES="-DDEFAULTSHARES=2" SYNTH_TOP=MSKand_hpc1 RESDIR=../work/aes_full_sep/gadget_area/MSKand_hpc1_d2/ yosys -qq -c synthesis/synth.tcl -l  ../work/aes_full_sep/gadget_area/MSKand_hpc1_d2//synth.log
VDEFINES="-DDEFAULTSHARES=2" SYNTH_TOP=MSKand_hpc2o_tof RESDIR=../work/aes_full_sep/gadget_area/MSKand_hpc2o_tof_d2/ yosys -qq -c synthesis/synth.tcl -l  ../work/aes_full_sep/gadget_area/MSKand_hpc2o_tof_d2//synth.log
VDEFINES="-DDEFAULTSHARES=2" SYNTH_TOP=MSKg4mul_hpc3 RESDIR=../work/aes_full_sep/gadget_area/MSKg4mul_hpc3_d2/ yosys -qq -c synthesis/synth.tcl -l  ../work/aes_full_sep/gadget_area/MSKg4mul_hpc3_d2//synth.log
VDEFINES="-DDEFAULTSHARES=2" SYNTH_TOP=MSKmux RESDIR=../work/aes_full_sep/gadget_area/MSKmux_d2/ yosys -qq -c synthesis/synth.tcl -l  ../work/aes_full_sep/gadget_area/MSKmux_d2//synth.log
VDEFINES="-DDEFAULTSHARES=2" SYNTH_TOP=MSKand_hpc3_cross RESDIR=../work/aes_full_sep/gadget_area/MSKand_hpc3_cross_d2/ yosys -qq -c synthesis/synth.tcl -l  ../work/aes_full_sep/gadget_area/MSKand_hpc3_cross_d2//synth.log
VDEFINES="-DDEFAULTSHARES=2" SYNTH_TOP=G16_mul RESDIR=../work/aes_full_sep/gadget_area/G16_mul_d2/ yosys -qq -c synthesis/synth.tcl -l  ../work/aes_full_sep/gadget_area/G16_mul_d2//synth.log
VDEFINES="-DDEFAULTSHARES=2" SYNTH_TOP=MSKand_hpc3_cross_er_swapped RESDIR=../work/aes_full_sep/gadget_area/MSKand_hpc3_cross_er_swapped_d2/ yosys -qq -c synthesis/synth.tcl -l  ../work/aes_full_sep/gadget_area/MSKand_hpc3_cross_er_swapped_d2//synth.log
VDEFINES="-DDEFAULTSHARES=2" SYNTH_TOP=MSKg4mul_dom RESDIR=../work/aes_full_sep/gadget_area/MSKg4mul_dom_d2/ yosys -qq -c synthesis/synth.tcl -l  ../work/aes_full_sep/gadget_area/MSKg4mul_dom_d2//synth.log
VDEFINES="-DDEFAULTSHARES=2" SYNTH_TOP=MSKand_hpc3_cross_er RESDIR=../work/aes_full_sep/gadget_area/MSKand_hpc3_cross_er_d2/ yosys -qq -c synthesis/synth.tcl -l  ../work/aes_full_sep/gadget_area/MSKand_hpc3_cross_er_d2//synth.log
VDEFINES="-DDEFAULTSHARES=2" SYNTH_TOP=MSKand_hpc3o_swapped RESDIR=../work/aes_full_sep/gadget_area/MSKand_hpc3o_swapped_d2/ yosys -qq -c synthesis/synth.tcl -l  ../work/aes_full_sep/gadget_area/MSKand_hpc3o_swapped_d2//synth.log
VDEFINES="-DDEFAULTSHARES=2" SYNTH_TOP=MSKand_hpc2_swapped RESDIR=../work/aes_full_sep/gadget_area/MSKand_hpc2_swapped_d2/ yosys -qq -c synthesis/synth.tcl -l  ../work/aes_full_sep/gadget_area/MSKand_hpc2_swapped_d2//synth.log
VDEFINES="-DDEFAULTSHARES=2" SYNTH_TOP=MSKand_hpc3o RESDIR=../work/aes_full_sep/gadget_area/MSKand_hpc3o_d2/ yosys -qq -c synthesis/synth.tcl -l  ../work/aes_full_sep/gadget_area/MSKand_hpc3o_d2//synth.log
VDEFINES="-DDEFAULTSHARES=2" SYNTH_TOP=MSKand_hpc2o_swapped RESDIR=../work/aes_full_sep/gadget_area/MSKand_hpc2o_swapped_d2/ yosys -qq -c synthesis/synth.tcl -l  ../work/aes_full_sep/gadget_area/MSKand_hpc2o_swapped_d2//synth.log
VDEFINES="-DDEFAULTSHARES=2" SYNTH_TOP=MSKreg RESDIR=../work/aes_full_sep/gadget_area/MSKreg_d2/ yosys -qq -c synthesis/synth.tcl -l  ../work/aes_full_sep/gadget_area/MSKreg_d2//synth.log
VDEFINES="-DDEFAULTSHARES=2" SYNTH_TOP=MSKand_hpc2 RESDIR=../work/aes_full_sep/gadget_area/MSKand_hpc2_d2/ yosys -qq -c synthesis/synth.tcl -l  ../work/aes_full_sep/gadget_area/MSKand_hpc2_d2//synth.log
VDEFINES="-DDEFAULTSHARES=2" SYNTH_TOP=MSKand_dom RESDIR=../work/aes_full_sep/gadget_area/MSKand_dom_d2/ yosys -qq -c synthesis/synth.tcl -l  ../work/aes_full_sep/gadget_area/MSKand_dom_d2//synth.log
VDEFINES="-DDEFAULTSHARES=2" SYNTH_TOP=MSKand_ghpc RESDIR=../work/aes_full_sep/gadget_area/MSKand_ghpc_d2/ yosys -qq -c synthesis/synth.tcl -l  ../work/aes_full_sep/gadget_area/MSKand_ghpc_d2//synth.log
VDEFINES="-DDEFAULTSHARES=2" SYNTH_TOP=MSKg16mul_hpc1 RESDIR=../work/aes_full_sep/gadget_area/MSKg16mul_hpc1_d2/ yosys -qq -c synthesis/synth.tcl -l  ../work/aes_full_sep/gadget_area/MSKg16mul_hpc1_d2//synth.log
VDEFINES="-DDEFAULTSHARES=2" SYNTH_TOP=MSKscanReg RESDIR=../work/aes_full_sep/gadget_area/MSKscanReg_d2/ yosys -qq -c synthesis/synth.tcl -l  ../work/aes_full_sep/gadget_area/MSKscanReg_d2//synth.log
VDEFINES="-DDEFAULTSHARES=2" SYNTH_TOP=MSKand_hpc2_cross RESDIR=../work/aes_full_sep/gadget_area/MSKand_hpc2_cross_d2/ yosys -qq -c synthesis/synth.tcl -l  ../work/aes_full_sep/gadget_area/MSKand_hpc2_cross_d2//synth.log
VDEFINES="-DDEFAULTSHARES=2" SYNTH_TOP=MSKinv RESDIR=../work/aes_full_sep/gadget_area/MSKinv_d2/ yosys -qq -c synthesis/synth.tcl -l  ../work/aes_full_sep/gadget_area/MSKinv_d2//synth.log
VDEFINES="-DDEFAULTSHARES=2" SYNTH_TOP=MSKregEn RESDIR=../work/aes_full_sep/gadget_area/MSKregEn_d2/ yosys -qq -c synthesis/synth.tcl -l  ../work/aes_full_sep/gadget_area/MSKregEn_d2//synth.log
VDEFINES="-DDEFAULTSHARES=2" SYNTH_TOP=MSKand_hpc2o_cross RESDIR=../work/aes_full_sep/gadget_area/MSKand_hpc2o_cross_d2/ yosys -qq -c synthesis/synth.tcl -l  ../work/aes_full_sep/gadget_area/MSKand_hpc2o_cross_d2//synth.log
VDEFINES="-DDEFAULTSHARES=2" SYNTH_TOP=MSKand_ghpcll RESDIR=../work/aes_full_sep/gadget_area/MSKand_ghpcll_d2/ yosys -qq -c synthesis/synth.tcl -l  ../work/aes_full_sep/gadget_area/MSKand_ghpcll_d2//synth.log
VDEFINES="-DDEFAULTSHARES=2" SYNTH_TOP=MSKand_hpc3 RESDIR=../work/aes_full_sep/gadget_area/MSKand_hpc3_d2/ yosys -qq -c synthesis/synth.tcl -l  ../work/aes_full_sep/gadget_area/MSKand_hpc3_d2//synth.log
VDEFINES="-DDEFAULTSHARES=2" SYNTH_TOP=MSKg4mul_hpc1 RESDIR=../work/aes_full_sep/gadget_area/MSKg4mul_hpc1_d2/ yosys -qq -c synthesis/synth.tcl -l  ../work/aes_full_sep/gadget_area/MSKg4mul_hpc1_d2//synth.log
VDEFINES="-DDEFAULTSHARES=2" SYNTH_TOP=MSKxor RESDIR=../work/aes_full_sep/gadget_area/MSKxor_d2/ yosys -qq -c synthesis/synth.tcl -l  ../work/aes_full_sep/gadget_area/MSKxor_d2//synth.log
VDEFINES="-DDEFAULTSHARES=2" SYNTH_TOP=MSKand_hpc2o_cross_swapped RESDIR=../work/aes_full_sep/gadget_area/MSKand_hpc2o_cross_swapped_d2/ yosys -qq -c synthesis/synth.tcl -l  ../work/aes_full_sep/gadget_area/MSKand_hpc2o_cross_swapped_d2//synth.log
VDEFINES="-DDEFAULTSHARES=2" SYNTH_TOP=MSKxnor RESDIR=../work/aes_full_sep/gadget_area/MSKxnor_d2/ yosys -qq -c synthesis/synth.tcl -l  ../work/aes_full_sep/gadget_area/MSKxnor_d2//synth.log
VDEFINES="-DDEFAULTSHARES=2" SYNTH_TOP=MSKcst RESDIR=../work/aes_full_sep/gadget_area/MSKcst_d2/ yosys -qq -c synthesis/synth.tcl -l  ../work/aes_full_sep/gadget_area/MSKcst_d2//synth.log
VDEFINES="-DDEFAULTSHARES=2" SYNTH_TOP=MSKnor_hpc2 RESDIR=../work/aes_full_sep/gadget_area/MSKnor_hpc2_d2/ yosys -qq -c synthesis/synth.tcl -l  ../work/aes_full_sep/gadget_area/MSKnor_hpc2_d2//synth.log
VDEFINES="-DDEFAULTSHARES=2" SYNTH_TOP=MSKg16mul_hpc3 RESDIR=../work/aes_full_sep/gadget_area/MSKg16mul_hpc3_d2/ yosys -qq -c synthesis/synth.tcl -l  ../work/aes_full_sep/gadget_area/MSKg16mul_hpc3_d2//synth.log
VDEFINES="-DDEFAULTSHARES=2" SYNTH_TOP=MSKand_hpc3o_swapped_tof RESDIR=../work/aes_full_sep/gadget_area/MSKand_hpc3o_swapped_tof_d2/ yosys -qq -c synthesis/synth.tcl -l  ../work/aes_full_sep/gadget_area/MSKand_hpc3o_swapped_tof_d2//synth.log
VDEFINES="-DDEFAULTSHARES=2" SYNTH_TOP=MSKand_sharewise RESDIR=../work/aes_full_sep/gadget_area/MSKand_sharewise_d2/ yosys -qq -c synthesis/synth.tcl -l  ../work/aes_full_sep/gadget_area/MSKand_sharewise_d2//synth.log
VDEFINES="-DDEFAULTSHARES=2" SYNTH_TOP=MSKand_hpc2o RESDIR=../work/aes_full_sep/gadget_area/MSKand_hpc2o_d2/ yosys -qq -c synthesis/synth.tcl -l  ../work/aes_full_sep/gadget_area/MSKand_hpc2o_d2//synth.log
VDEFINES="-DDEFAULTSHARES=2" SYNTH_TOP=G4_mul RESDIR=../work/aes_full_sep/gadget_area/G4_mul_d2/ yosys -qq -c synthesis/synth.tcl -l  ../work/aes_full_sep/gadget_area/G4_mul_d2//synth.log
VDEFINES="-DDEFAULTSHARES=2" SYNTH_TOP=MSKand_hpc3o_tof RESDIR=../work/aes_full_sep/gadget_area/MSKand_hpc3o_tof_d2/ yosys -qq -c synthesis/synth.tcl -l  ../work/aes_full_sep/gadget_area/MSKand_hpc3o_tof_d2//synth.log
VDEFINES="-DDEFAULTSHARES=2" SYNTH_TOP=MSKref_sni RESDIR=../work/aes_full_sep/gadget_area/MSKref_sni_d2/ yosys -qq -c synthesis/synth.tcl -l  ../work/aes_full_sep/gadget_area/MSKref_sni_d2//synth.log
python3 scripts/summarize_gadget_area.py --outcsv=../work/aes_full_sep/gadget_area/areas_d2.csv ../work/aes_full_sep/gadget_area/MSKand_hpc2o_swapped_tof_d2/area.json ../work/aes_full_sep/gadget_area/MSKand_hpc2_cross_swapped_d2/area.json ../work/aes_full_sep/gadget_area/MSKg16mul_dom_d2/area.json ../work/aes_full_sep/gadget_area/MSKand_hpc1_d2/area.json ../work/aes_full_sep/gadget_area/MSKand_hpc2o_tof_d2/area.json ../work/aes_full_sep/gadget_area/MSKg4mul_hpc3_d2/area.json ../work/aes_full_sep/gadget_area/MSKmux_d2/area.json ../work/aes_full_sep/gadget_area/MSKand_hpc3_cross_d2/area.json ../work/aes_full_sep/gadget_area/G16_mul_d2/area.json ../work/aes_full_sep/gadget_area/MSKand_hpc3_cross_er_swapped_d2/area.json ../work/aes_full_sep/gadget_area/MSKg4mul_dom_d2/area.json ../work/aes_full_sep/gadget_area/MSKand_hpc3_cross_er_d2/area.json ../work/aes_full_sep/gadget_area/MSKand_hpc3o_swapped_d2/area.json ../work/aes_full_sep/gadget_area/MSKand_hpc2_swapped_d2/area.json ../work/aes_full_sep/gadget_area/MSKand_hpc3o_d2/area.json ../work/aes_full_sep/gadget_area/MSKand_hpc2o_swapped_d2/area.json ../work/aes_full_sep/gadget_area/MSKreg_d2/area.json ../work/aes_full_sep/gadget_area/MSKand_hpc2_d2/area.json ../work/aes_full_sep/gadget_area/MSKand_dom_d2/area.json ../work/aes_full_sep/gadget_area/MSKand_ghpc_d2/area.json ../work/aes_full_sep/gadget_area/MSKg16mul_hpc1_d2/area.json ../work/aes_full_sep/gadget_area/MSKscanReg_d2/area.json ../work/aes_full_sep/gadget_area/MSKand_hpc2_cross_d2/area.json ../work/aes_full_sep/gadget_area/MSKinv_d2/area.json ../work/aes_full_sep/gadget_area/MSKregEn_d2/area.json ../work/aes_full_sep/gadget_area/MSKand_hpc2o_cross_d2/area.json ../work/aes_full_sep/gadget_area/MSKand_ghpcll_d2/area.json ../work/aes_full_sep/gadget_area/MSKand_hpc3_d2/area.json ../work/aes_full_sep/gadget_area/MSKg4mul_hpc1_d2/area.json ../work/aes_full_sep/gadget_area/MSKxor_d2/area.json ../work/aes_full_sep/gadget_area/MSKand_hpc2o_cross_swapped_d2/area.json ../work/aes_full_sep/gadget_area/MSKxnor_d2/area.json ../work/aes_full_sep/gadget_area/MSKcst_d2/area.json ../work/aes_full_sep/gadget_area/MSKnor_hpc2_d2/area.json ../work/aes_full_sep/gadget_area/MSKg16mul_hpc3_d2/area.json ../work/aes_full_sep/gadget_area/MSKand_hpc3o_swapped_tof_d2/area.json ../work/aes_full_sep/gadget_area/MSKand_sharewise_d2/area.json ../work/aes_full_sep/gadget_area/MSKand_hpc2o_d2/area.json ../work/aes_full_sep/gadget_area/G4_mul_d2/area.json ../work/aes_full_sep/gadget_area/MSKand_hpc3o_tof_d2/area.json ../work/aes_full_sep/gadget_area/MSKref_sni_d2/area.json
python3 scripts/compress.py --num-shares 2 --latency=4 --circuit=circuits/aes_bp.txt --out=../work/aes_full_sep/circuits/aes_bp_d2_l4/design.v --outh=../work/aes_full_sep/circuits/aes_bp_d2_l4/design.vh --gadgets-area-csv=../work/aes_full_sep/gadget_area/areas_d2.csv --rng-area-txt=../work/aes_full_sep/rng_area/area_ge.txt --outstats=../work/aes_full_sep/circuits/aes_bp_d2_l4//stats.json --outdump=../work/aes_full_sep/circuits/aes_bp_d2_l4//compress_model.pkl --gadgets-config=gadget_library/gadgets_sep.toml --time-limit 3600 > ../work/aes_full_sep/circuits/aes_bp_d2_l4//compress.log
cp ../work/aes_full_sep/circuits/aes_bp_d2_l4/design.v ../work/aes_full_sep/circuits/aes_bp_d2_l4//aes_bp.v
cp ../work/aes_full_sep/circuits/aes_bp_d2_l4/design.vh ../work/aes_full_sep/circuits/aes_bp_d2_l4//aes_bp.vh
SYNTH_SRCS="gadget_library/BIN/*.v gadget_library/MSK/*.v gadget_library/RNG/trivium/*.v ../work/aes_full_sep/circuits/aes_bp_d2_l4/design.v" SYNTH_TOP=aes_bp VDEFINES="-DDEFAULTSHARES=2" \
RESDIR=../work/aes_full_sep/circuits/aes_bp_d2_l4/synth/ \
yosys -qq -c synthesis/synth.tcl -l  ../work/aes_full_sep/circuits/aes_bp_d2_l4/synth//synth.log
python3 scripts/compress.py --num-shares 2 --latency=5 --circuit=circuits/aes_bp.txt --out=../work/aes_full_sep/circuits/aes_bp_d2_l5/design.v --outh=../work/aes_full_sep/circuits/aes_bp_d2_l5/design.vh --gadgets-area-csv=../work/aes_full_sep/gadget_area/areas_d2.csv --rng-area-txt=../work/aes_full_sep/rng_area/area_ge.txt --outstats=../work/aes_full_sep/circuits/aes_bp_d2_l5//stats.json --outdump=../work/aes_full_sep/circuits/aes_bp_d2_l5//compress_model.pkl --gadgets-config=gadget_library/gadgets_sep.toml --time-limit 3600 > ../work/aes_full_sep/circuits/aes_bp_d2_l5//compress.log
cp ../work/aes_full_sep/circuits/aes_bp_d2_l5/design.v ../work/aes_full_sep/circuits/aes_bp_d2_l5//aes_bp.v
cp ../work/aes_full_sep/circuits/aes_bp_d2_l5/design.vh ../work/aes_full_sep/circuits/aes_bp_d2_l5//aes_bp.vh
SYNTH_SRCS="gadget_library/BIN/*.v gadget_library/MSK/*.v gadget_library/RNG/trivium/*.v ../work/aes_full_sep/circuits/aes_bp_d2_l5/design.v" SYNTH_TOP=aes_bp VDEFINES="-DDEFAULTSHARES=2" \
RESDIR=../work/aes_full_sep/circuits/aes_bp_d2_l5/synth/ \
yosys -qq -c synthesis/synth.tcl -l  ../work/aes_full_sep/circuits/aes_bp_d2_l5/synth//synth.log
python3 scripts/compress.py --num-shares 2 --latency=6 --circuit=circuits/aes_bp.txt --out=../work/aes_full_sep/circuits/aes_bp_d2_l6/design.v --outh=../work/aes_full_sep/circuits/aes_bp_d2_l6/design.vh --gadgets-area-csv=../work/aes_full_sep/gadget_area/areas_d2.csv --rng-area-txt=../work/aes_full_sep/rng_area/area_ge.txt --outstats=../work/aes_full_sep/circuits/aes_bp_d2_l6//stats.json --outdump=../work/aes_full_sep/circuits/aes_bp_d2_l6//compress_model.pkl --gadgets-config=gadget_library/gadgets_sep.toml --time-limit 3600 > ../work/aes_full_sep/circuits/aes_bp_d2_l6//compress.log
cp ../work/aes_full_sep/circuits/aes_bp_d2_l6/design.v ../work/aes_full_sep/circuits/aes_bp_d2_l6//aes_bp.v
cp ../work/aes_full_sep/circuits/aes_bp_d2_l6/design.vh ../work/aes_full_sep/circuits/aes_bp_d2_l6//aes_bp.vh
SYNTH_SRCS="gadget_library/BIN/*.v gadget_library/MSK/*.v gadget_library/RNG/trivium/*.v ../work/aes_full_sep/circuits/aes_bp_d2_l6/design.v" SYNTH_TOP=aes_bp VDEFINES="-DDEFAULTSHARES=2" \
RESDIR=../work/aes_full_sep/circuits/aes_bp_d2_l6/synth/ \
yosys -qq -c synthesis/synth.tcl -l  ../work/aes_full_sep/circuits/aes_bp_d2_l6/synth//synth.log
VDEFINES="-DDEFAULTSHARES=3" SYNTH_TOP=MSKand_hpc2o_swapped_tof RESDIR=../work/aes_full_sep/gadget_area/MSKand_hpc2o_swapped_tof_d3/ yosys -qq -c synthesis/synth.tcl -l  ../work/aes_full_sep/gadget_area/MSKand_hpc2o_swapped_tof_d3//synth.log
VDEFINES="-DDEFAULTSHARES=3" SYNTH_TOP=MSKand_hpc2_cross_swapped RESDIR=../work/aes_full_sep/gadget_area/MSKand_hpc2_cross_swapped_d3/ yosys -qq -c synthesis/synth.tcl -l  ../work/aes_full_sep/gadget_area/MSKand_hpc2_cross_swapped_d3//synth.log
VDEFINES="-DDEFAULTSHARES=3" SYNTH_TOP=MSKg16mul_dom RESDIR=../work/aes_full_sep/gadget_area/MSKg16mul_dom_d3/ yosys -qq -c synthesis/synth.tcl -l  ../work/aes_full_sep/gadget_area/MSKg16mul_dom_d3//synth.log
VDEFINES="-DDEFAULTSHARES=3" SYNTH_TOP=MSKand_hpc1 RESDIR=../work/aes_full_sep/gadget_area/MSKand_hpc1_d3/ yosys -qq -c synthesis/synth.tcl -l  ../work/aes_full_sep/gadget_area/MSKand_hpc1_d3//synth.log
VDEFINES="-DDEFAULTSHARES=3" SYNTH_TOP=MSKand_hpc2o_tof RESDIR=../work/aes_full_sep/gadget_area/MSKand_hpc2o_tof_d3/ yosys -qq -c synthesis/synth.tcl -l  ../work/aes_full_sep/gadget_area/MSKand_hpc2o_tof_d3//synth.log
VDEFINES="-DDEFAULTSHARES=3" SYNTH_TOP=MSKg4mul_hpc3 RESDIR=../work/aes_full_sep/gadget_area/MSKg4mul_hpc3_d3/ yosys -qq -c synthesis/synth.tcl -l  ../work/aes_full_sep/gadget_area/MSKg4mul_hpc3_d3//synth.log
VDEFINES="-DDEFAULTSHARES=3" SYNTH_TOP=MSKmux RESDIR=../work/aes_full_sep/gadget_area/MSKmux_d3/ yosys -qq -c synthesis/synth.tcl -l  ../work/aes_full_sep/gadget_area/MSKmux_d3//synth.log
VDEFINES="-DDEFAULTSHARES=3" SYNTH_TOP=MSKand_hpc3_cross RESDIR=../work/aes_full_sep/gadget_area/MSKand_hpc3_cross_d3/ yosys -qq -c synthesis/synth.tcl -l  ../work/aes_full_sep/gadget_area/MSKand_hpc3_cross_d3//synth.log
VDEFINES="-DDEFAULTSHARES=3" SYNTH_TOP=G16_mul RESDIR=../work/aes_full_sep/gadget_area/G16_mul_d3/ yosys -qq -c synthesis/synth.tcl -l  ../work/aes_full_sep/gadget_area/G16_mul_d3//synth.log
VDEFINES="-DDEFAULTSHARES=3" SYNTH_TOP=MSKand_hpc3_cross_er_swapped RESDIR=../work/aes_full_sep/gadget_area/MSKand_hpc3_cross_er_swapped_d3/ yosys -qq -c synthesis/synth.tcl -l  ../work/aes_full_sep/gadget_area/MSKand_hpc3_cross_er_swapped_d3//synth.log
VDEFINES="-DDEFAULTSHARES=3" SYNTH_TOP=MSKg4mul_dom RESDIR=../work/aes_full_sep/gadget_area/MSKg4mul_dom_d3/ yosys -qq -c synthesis/synth.tcl -l  ../work/aes_full_sep/gadget_area/MSKg4mul_dom_d3//synth.log
VDEFINES="-DDEFAULTSHARES=3" SYNTH_TOP=MSKand_hpc3_cross_er RESDIR=../work/aes_full_sep/gadget_area/MSKand_hpc3_cross_er_d3/ yosys -qq -c synthesis/synth.tcl -l  ../work/aes_full_sep/gadget_area/MSKand_hpc3_cross_er_d3//synth.log
VDEFINES="-DDEFAULTSHARES=3" SYNTH_TOP=MSKand_hpc3o_swapped RESDIR=../work/aes_full_sep/gadget_area/MSKand_hpc3o_swapped_d3/ yosys -qq -c synthesis/synth.tcl -l  ../work/aes_full_sep/gadget_area/MSKand_hpc3o_swapped_d3//synth.log
VDEFINES="-DDEFAULTSHARES=3" SYNTH_TOP=MSKand_hpc2_swapped RESDIR=../work/aes_full_sep/gadget_area/MSKand_hpc2_swapped_d3/ yosys -qq -c synthesis/synth.tcl -l  ../work/aes_full_sep/gadget_area/MSKand_hpc2_swapped_d3//synth.log
VDEFINES="-DDEFAULTSHARES=3" SYNTH_TOP=MSKand_hpc3o RESDIR=../work/aes_full_sep/gadget_area/MSKand_hpc3o_d3/ yosys -qq -c synthesis/synth.tcl -l  ../work/aes_full_sep/gadget_area/MSKand_hpc3o_d3//synth.log
VDEFINES="-DDEFAULTSHARES=3" SYNTH_TOP=MSKand_hpc2o_swapped RESDIR=../work/aes_full_sep/gadget_area/MSKand_hpc2o_swapped_d3/ yosys -qq -c synthesis/synth.tcl -l  ../work/aes_full_sep/gadget_area/MSKand_hpc2o_swapped_d3//synth.log
VDEFINES="-DDEFAULTSHARES=3" SYNTH_TOP=MSKreg RESDIR=../work/aes_full_sep/gadget_area/MSKreg_d3/ yosys -qq -c synthesis/synth.tcl -l  ../work/aes_full_sep/gadget_area/MSKreg_d3//synth.log
VDEFINES="-DDEFAULTSHARES=3" SYNTH_TOP=MSKand_hpc2 RESDIR=../work/aes_full_sep/gadget_area/MSKand_hpc2_d3/ yosys -qq -c synthesis/synth.tcl -l  ../work/aes_full_sep/gadget_area/MSKand_hpc2_d3//synth.log
VDEFINES="-DDEFAULTSHARES=3" SYNTH_TOP=MSKand_dom RESDIR=../work/aes_full_sep/gadget_area/MSKand_dom_d3/ yosys -qq -c synthesis/synth.tcl -l  ../work/aes_full_sep/gadget_area/MSKand_dom_d3//synth.log
VDEFINES="-DDEFAULTSHARES=3" SYNTH_TOP=MSKand_ghpc RESDIR=../work/aes_full_sep/gadget_area/MSKand_ghpc_d3/ yosys -qq -c synthesis/synth.tcl -l  ../work/aes_full_sep/gadget_area/MSKand_ghpc_d3//synth.log
VDEFINES="-DDEFAULTSHARES=3" SYNTH_TOP=MSKg16mul_hpc1 RESDIR=../work/aes_full_sep/gadget_area/MSKg16mul_hpc1_d3/ yosys -qq -c synthesis/synth.tcl -l  ../work/aes_full_sep/gadget_area/MSKg16mul_hpc1_d3//synth.log
VDEFINES="-DDEFAULTSHARES=3" SYNTH_TOP=MSKscanReg RESDIR=../work/aes_full_sep/gadget_area/MSKscanReg_d3/ yosys -qq -c synthesis/synth.tcl -l  ../work/aes_full_sep/gadget_area/MSKscanReg_d3//synth.log
VDEFINES="-DDEFAULTSHARES=3" SYNTH_TOP=MSKand_hpc2_cross RESDIR=../work/aes_full_sep/gadget_area/MSKand_hpc2_cross_d3/ yosys -qq -c synthesis/synth.tcl -l  ../work/aes_full_sep/gadget_area/MSKand_hpc2_cross_d3//synth.log
VDEFINES="-DDEFAULTSHARES=3" SYNTH_TOP=MSKinv RESDIR=../work/aes_full_sep/gadget_area/MSKinv_d3/ yosys -qq -c synthesis/synth.tcl -l  ../work/aes_full_sep/gadget_area/MSKinv_d3//synth.log
VDEFINES="-DDEFAULTSHARES=3" SYNTH_TOP=MSKregEn RESDIR=../work/aes_full_sep/gadget_area/MSKregEn_d3/ yosys -qq -c synthesis/synth.tcl -l  ../work/aes_full_sep/gadget_area/MSKregEn_d3//synth.log
VDEFINES="-DDEFAULTSHARES=3" SYNTH_TOP=MSKand_hpc2o_cross RESDIR=../work/aes_full_sep/gadget_area/MSKand_hpc2o_cross_d3/ yosys -qq -c synthesis/synth.tcl -l  ../work/aes_full_sep/gadget_area/MSKand_hpc2o_cross_d3//synth.log
VDEFINES="-DDEFAULTSHARES=3" SYNTH_TOP=MSKand_ghpcll RESDIR=../work/aes_full_sep/gadget_area/MSKand_ghpcll_d3/ yosys -qq -c synthesis/synth.tcl -l  ../work/aes_full_sep/gadget_area/MSKand_ghpcll_d3//synth.log
VDEFINES="-DDEFAULTSHARES=3" SYNTH_TOP=MSKand_hpc3 RESDIR=../work/aes_full_sep/gadget_area/MSKand_hpc3_d3/ yosys -qq -c synthesis/synth.tcl -l  ../work/aes_full_sep/gadget_area/MSKand_hpc3_d3//synth.log
VDEFINES="-DDEFAULTSHARES=3" SYNTH_TOP=MSKg4mul_hpc1 RESDIR=../work/aes_full_sep/gadget_area/MSKg4mul_hpc1_d3/ yosys -qq -c synthesis/synth.tcl -l  ../work/aes_full_sep/gadget_area/MSKg4mul_hpc1_d3//synth.log
VDEFINES="-DDEFAULTSHARES=3" SYNTH_TOP=MSKxor RESDIR=../work/aes_full_sep/gadget_area/MSKxor_d3/ yosys -qq -c synthesis/synth.tcl -l  ../work/aes_full_sep/gadget_area/MSKxor_d3//synth.log
VDEFINES="-DDEFAULTSHARES=3" SYNTH_TOP=MSKand_hpc2o_cross_swapped RESDIR=../work/aes_full_sep/gadget_area/MSKand_hpc2o_cross_swapped_d3/ yosys -qq -c synthesis/synth.tcl -l  ../work/aes_full_sep/gadget_area/MSKand_hpc2o_cross_swapped_d3//synth.log
VDEFINES="-DDEFAULTSHARES=3" SYNTH_TOP=MSKxnor RESDIR=../work/aes_full_sep/gadget_area/MSKxnor_d3/ yosys -qq -c synthesis/synth.tcl -l  ../work/aes_full_sep/gadget_area/MSKxnor_d3//synth.log
VDEFINES="-DDEFAULTSHARES=3" SYNTH_TOP=MSKcst RESDIR=../work/aes_full_sep/gadget_area/MSKcst_d3/ yosys -qq -c synthesis/synth.tcl -l  ../work/aes_full_sep/gadget_area/MSKcst_d3//synth.log
VDEFINES="-DDEFAULTSHARES=3" SYNTH_TOP=MSKnor_hpc2 RESDIR=../work/aes_full_sep/gadget_area/MSKnor_hpc2_d3/ yosys -qq -c synthesis/synth.tcl -l  ../work/aes_full_sep/gadget_area/MSKnor_hpc2_d3//synth.log
VDEFINES="-DDEFAULTSHARES=3" SYNTH_TOP=MSKg16mul_hpc3 RESDIR=../work/aes_full_sep/gadget_area/MSKg16mul_hpc3_d3/ yosys -qq -c synthesis/synth.tcl -l  ../work/aes_full_sep/gadget_area/MSKg16mul_hpc3_d3//synth.log
VDEFINES="-DDEFAULTSHARES=3" SYNTH_TOP=MSKand_hpc3o_swapped_tof RESDIR=../work/aes_full_sep/gadget_area/MSKand_hpc3o_swapped_tof_d3/ yosys -qq -c synthesis/synth.tcl -l  ../work/aes_full_sep/gadget_area/MSKand_hpc3o_swapped_tof_d3//synth.log
VDEFINES="-DDEFAULTSHARES=3" SYNTH_TOP=MSKand_sharewise RESDIR=../work/aes_full_sep/gadget_area/MSKand_sharewise_d3/ yosys -qq -c synthesis/synth.tcl -l  ../work/aes_full_sep/gadget_area/MSKand_sharewise_d3//synth.log
VDEFINES="-DDEFAULTSHARES=3" SYNTH_TOP=MSKand_hpc2o RESDIR=../work/aes_full_sep/gadget_area/MSKand_hpc2o_d3/ yosys -qq -c synthesis/synth.tcl -l  ../work/aes_full_sep/gadget_area/MSKand_hpc2o_d3//synth.log
VDEFINES="-DDEFAULTSHARES=3" SYNTH_TOP=G4_mul RESDIR=../work/aes_full_sep/gadget_area/G4_mul_d3/ yosys -qq -c synthesis/synth.tcl -l  ../work/aes_full_sep/gadget_area/G4_mul_d3//synth.log
VDEFINES="-DDEFAULTSHARES=3" SYNTH_TOP=MSKand_hpc3o_tof RESDIR=../work/aes_full_sep/gadget_area/MSKand_hpc3o_tof_d3/ yosys -qq -c synthesis/synth.tcl -l  ../work/aes_full_sep/gadget_area/MSKand_hpc3o_tof_d3//synth.log
VDEFINES="-DDEFAULTSHARES=3" SYNTH_TOP=MSKref_sni RESDIR=../work/aes_full_sep/gadget_area/MSKref_sni_d3/ yosys -qq -c synthesis/synth.tcl -l  ../work/aes_full_sep/gadget_area/MSKref_sni_d3//synth.log
python3 scripts/summarize_gadget_area.py --outcsv=../work/aes_full_sep/gadget_area/areas_d3.csv ../work/aes_full_sep/gadget_area/MSKand_hpc2o_swapped_tof_d3/area.json ../work/aes_full_sep/gadget_area/MSKand_hpc2_cross_swapped_d3/area.json ../work/aes_full_sep/gadget_area/MSKg16mul_dom_d3/area.json ../work/aes_full_sep/gadget_area/MSKand_hpc1_d3/area.json ../work/aes_full_sep/gadget_area/MSKand_hpc2o_tof_d3/area.json ../work/aes_full_sep/gadget_area/MSKg4mul_hpc3_d3/area.json ../work/aes_full_sep/gadget_area/MSKmux_d3/area.json ../work/aes_full_sep/gadget_area/MSKand_hpc3_cross_d3/area.json ../work/aes_full_sep/gadget_area/G16_mul_d3/area.json ../work/aes_full_sep/gadget_area/MSKand_hpc3_cross_er_swapped_d3/area.json ../work/aes_full_sep/gadget_area/MSKg4mul_dom_d3/area.json ../work/aes_full_sep/gadget_area/MSKand_hpc3_cross_er_d3/area.json ../work/aes_full_sep/gadget_area/MSKand_hpc3o_swapped_d3/area.json ../work/aes_full_sep/gadget_area/MSKand_hpc2_swapped_d3/area.json ../work/aes_full_sep/gadget_area/MSKand_hpc3o_d3/area.json ../work/aes_full_sep/gadget_area/MSKand_hpc2o_swapped_d3/area.json ../work/aes_full_sep/gadget_area/MSKreg_d3/area.json ../work/aes_full_sep/gadget_area/MSKand_hpc2_d3/area.json ../work/aes_full_sep/gadget_area/MSKand_dom_d3/area.json ../work/aes_full_sep/gadget_area/MSKand_ghpc_d3/area.json ../work/aes_full_sep/gadget_area/MSKg16mul_hpc1_d3/area.json ../work/aes_full_sep/gadget_area/MSKscanReg_d3/area.json ../work/aes_full_sep/gadget_area/MSKand_hpc2_cross_d3/area.json ../work/aes_full_sep/gadget_area/MSKinv_d3/area.json ../work/aes_full_sep/gadget_area/MSKregEn_d3/area.json ../work/aes_full_sep/gadget_area/MSKand_hpc2o_cross_d3/area.json ../work/aes_full_sep/gadget_area/MSKand_ghpcll_d3/area.json ../work/aes_full_sep/gadget_area/MSKand_hpc3_d3/area.json ../work/aes_full_sep/gadget_area/MSKg4mul_hpc1_d3/area.json ../work/aes_full_sep/gadget_area/MSKxor_d3/area.json ../work/aes_full_sep/gadget_area/MSKand_hpc2o_cross_swapped_d3/area.json ../work/aes_full_sep/gadget_area/MSKxnor_d3/area.json ../work/aes_full_sep/gadget_area/MSKcst_d3/area.json ../work/aes_full_sep/gadget_area/MSKnor_hpc2_d3/area.json ../work/aes_full_sep/gadget_area/MSKg16mul_hpc3_d3/area.json ../work/aes_full_sep/gadget_area/MSKand_hpc3o_swapped_tof_d3/area.json ../work/aes_full_sep/gadget_area/MSKand_sharewise_d3/area.json ../work/aes_full_sep/gadget_area/MSKand_hpc2o_d3/area.json ../work/aes_full_sep/gadget_area/G4_mul_d3/area.json ../work/aes_full_sep/gadget_area/MSKand_hpc3o_tof_d3/area.json ../work/aes_full_sep/gadget_area/MSKref_sni_d3/area.json
python3 scripts/compress.py --num-shares 3 --latency=4 --circuit=circuits/aes_bp.txt --out=../work/aes_full_sep/circuits/aes_bp_d3_l4/design.v --outh=../work/aes_full_sep/circuits/aes_bp_d3_l4/design.vh --gadgets-area-csv=../work/aes_full_sep/gadget_area/areas_d3.csv --rng-area-txt=../work/aes_full_sep/rng_area/area_ge.txt --outstats=../work/aes_full_sep/circuits/aes_bp_d3_l4//stats.json --outdump=../work/aes_full_sep/circuits/aes_bp_d3_l4//compress_model.pkl --gadgets-config=gadget_library/gadgets_sep.toml --time-limit 3600 > ../work/aes_full_sep/circuits/aes_bp_d3_l4//compress.log
cp ../work/aes_full_sep/circuits/aes_bp_d3_l4/design.v ../work/aes_full_sep/circuits/aes_bp_d3_l4//aes_bp.v
cp ../work/aes_full_sep/circuits/aes_bp_d3_l4/design.vh ../work/aes_full_sep/circuits/aes_bp_d3_l4//aes_bp.vh
SYNTH_SRCS="gadget_library/BIN/*.v gadget_library/MSK/*.v gadget_library/RNG/trivium/*.v ../work/aes_full_sep/circuits/aes_bp_d3_l4/design.v" SYNTH_TOP=aes_bp VDEFINES="-DDEFAULTSHARES=3" \
RESDIR=../work/aes_full_sep/circuits/aes_bp_d3_l4/synth/ \
yosys -qq -c synthesis/synth.tcl -l  ../work/aes_full_sep/circuits/aes_bp_d3_l4/synth//synth.log
python3 scripts/compress.py --num-shares 3 --latency=5 --circuit=circuits/aes_bp.txt --out=../work/aes_full_sep/circuits/aes_bp_d3_l5/design.v --outh=../work/aes_full_sep/circuits/aes_bp_d3_l5/design.vh --gadgets-area-csv=../work/aes_full_sep/gadget_area/areas_d3.csv --rng-area-txt=../work/aes_full_sep/rng_area/area_ge.txt --outstats=../work/aes_full_sep/circuits/aes_bp_d3_l5//stats.json --outdump=../work/aes_full_sep/circuits/aes_bp_d3_l5//compress_model.pkl --gadgets-config=gadget_library/gadgets_sep.toml --time-limit 3600 > ../work/aes_full_sep/circuits/aes_bp_d3_l5//compress.log
cp ../work/aes_full_sep/circuits/aes_bp_d3_l5/design.v ../work/aes_full_sep/circuits/aes_bp_d3_l5//aes_bp.v
cp ../work/aes_full_sep/circuits/aes_bp_d3_l5/design.vh ../work/aes_full_sep/circuits/aes_bp_d3_l5//aes_bp.vh
SYNTH_SRCS="gadget_library/BIN/*.v gadget_library/MSK/*.v gadget_library/RNG/trivium/*.v ../work/aes_full_sep/circuits/aes_bp_d3_l5/design.v" SYNTH_TOP=aes_bp VDEFINES="-DDEFAULTSHARES=3" \
RESDIR=../work/aes_full_sep/circuits/aes_bp_d3_l5/synth/ \
yosys -qq -c synthesis/synth.tcl -l  ../work/aes_full_sep/circuits/aes_bp_d3_l5/synth//synth.log
python3 scripts/compress.py --num-shares 3 --latency=6 --circuit=circuits/aes_bp.txt --out=../work/aes_full_sep/circuits/aes_bp_d3_l6/design.v --outh=../work/aes_full_sep/circuits/aes_bp_d3_l6/design.vh --gadgets-area-csv=../work/aes_full_sep/gadget_area/areas_d3.csv --rng-area-txt=../work/aes_full_sep/rng_area/area_ge.txt --outstats=../work/aes_full_sep/circuits/aes_bp_d3_l6//stats.json --outdump=../work/aes_full_sep/circuits/aes_bp_d3_l6//compress_model.pkl --gadgets-config=gadget_library/gadgets_sep.toml --time-limit 3600 > ../work/aes_full_sep/circuits/aes_bp_d3_l6//compress.log
cp ../work/aes_full_sep/circuits/aes_bp_d3_l6/design.v ../work/aes_full_sep/circuits/aes_bp_d3_l6//aes_bp.v
cp ../work/aes_full_sep/circuits/aes_bp_d3_l6/design.vh ../work/aes_full_sep/circuits/aes_bp_d3_l6//aes_bp.vh
SYNTH_SRCS="gadget_library/BIN/*.v gadget_library/MSK/*.v gadget_library/RNG/trivium/*.v ../work/aes_full_sep/circuits/aes_bp_d3_l6/design.v" SYNTH_TOP=aes_bp VDEFINES="-DDEFAULTSHARES=3" \
RESDIR=../work/aes_full_sep/circuits/aes_bp_d3_l6/synth/ \
yosys -qq -c synthesis/synth.tcl -l  ../work/aes_full_sep/circuits/aes_bp_d3_l6/synth//synth.log
VDEFINES="-DDEFAULTSHARES=4" SYNTH_TOP=MSKand_hpc2o_swapped_tof RESDIR=../work/aes_full_sep/gadget_area/MSKand_hpc2o_swapped_tof_d4/ yosys -qq -c synthesis/synth.tcl -l  ../work/aes_full_sep/gadget_area/MSKand_hpc2o_swapped_tof_d4//synth.log
VDEFINES="-DDEFAULTSHARES=4" SYNTH_TOP=MSKand_hpc2_cross_swapped RESDIR=../work/aes_full_sep/gadget_area/MSKand_hpc2_cross_swapped_d4/ yosys -qq -c synthesis/synth.tcl -l  ../work/aes_full_sep/gadget_area/MSKand_hpc2_cross_swapped_d4//synth.log
VDEFINES="-DDEFAULTSHARES=4" SYNTH_TOP=MSKg16mul_dom RESDIR=../work/aes_full_sep/gadget_area/MSKg16mul_dom_d4/ yosys -qq -c synthesis/synth.tcl -l  ../work/aes_full_sep/gadget_area/MSKg16mul_dom_d4//synth.log
VDEFINES="-DDEFAULTSHARES=4" SYNTH_TOP=MSKand_hpc1 RESDIR=../work/aes_full_sep/gadget_area/MSKand_hpc1_d4/ yosys -qq -c synthesis/synth.tcl -l  ../work/aes_full_sep/gadget_area/MSKand_hpc1_d4//synth.log
VDEFINES="-DDEFAULTSHARES=4" SYNTH_TOP=MSKand_hpc2o_tof RESDIR=../work/aes_full_sep/gadget_area/MSKand_hpc2o_tof_d4/ yosys -qq -c synthesis/synth.tcl -l  ../work/aes_full_sep/gadget_area/MSKand_hpc2o_tof_d4//synth.log
VDEFINES="-DDEFAULTSHARES=4" SYNTH_TOP=MSKg4mul_hpc3 RESDIR=../work/aes_full_sep/gadget_area/MSKg4mul_hpc3_d4/ yosys -qq -c synthesis/synth.tcl -l  ../work/aes_full_sep/gadget_area/MSKg4mul_hpc3_d4//synth.log
VDEFINES="-DDEFAULTSHARES=4" SYNTH_TOP=MSKmux RESDIR=../work/aes_full_sep/gadget_area/MSKmux_d4/ yosys -qq -c synthesis/synth.tcl -l  ../work/aes_full_sep/gadget_area/MSKmux_d4//synth.log
VDEFINES="-DDEFAULTSHARES=4" SYNTH_TOP=MSKand_hpc3_cross RESDIR=../work/aes_full_sep/gadget_area/MSKand_hpc3_cross_d4/ yosys -qq -c synthesis/synth.tcl -l  ../work/aes_full_sep/gadget_area/MSKand_hpc3_cross_d4//synth.log
VDEFINES="-DDEFAULTSHARES=4" SYNTH_TOP=G16_mul RESDIR=../work/aes_full_sep/gadget_area/G16_mul_d4/ yosys -qq -c synthesis/synth.tcl -l  ../work/aes_full_sep/gadget_area/G16_mul_d4//synth.log
VDEFINES="-DDEFAULTSHARES=4" SYNTH_TOP=MSKand_hpc3_cross_er_swapped RESDIR=../work/aes_full_sep/gadget_area/MSKand_hpc3_cross_er_swapped_d4/ yosys -qq -c synthesis/synth.tcl -l  ../work/aes_full_sep/gadget_area/MSKand_hpc3_cross_er_swapped_d4//synth.log
VDEFINES="-DDEFAULTSHARES=4" SYNTH_TOP=MSKg4mul_dom RESDIR=../work/aes_full_sep/gadget_area/MSKg4mul_dom_d4/ yosys -qq -c synthesis/synth.tcl -l  ../work/aes_full_sep/gadget_area/MSKg4mul_dom_d4//synth.log
VDEFINES="-DDEFAULTSHARES=4" SYNTH_TOP=MSKand_hpc3_cross_er RESDIR=../work/aes_full_sep/gadget_area/MSKand_hpc3_cross_er_d4/ yosys -qq -c synthesis/synth.tcl -l  ../work/aes_full_sep/gadget_area/MSKand_hpc3_cross_er_d4//synth.log
VDEFINES="-DDEFAULTSHARES=4" SYNTH_TOP=MSKand_hpc3o_swapped RESDIR=../work/aes_full_sep/gadget_area/MSKand_hpc3o_swapped_d4/ yosys -qq -c synthesis/synth.tcl -l  ../work/aes_full_sep/gadget_area/MSKand_hpc3o_swapped_d4//synth.log
VDEFINES="-DDEFAULTSHARES=4" SYNTH_TOP=MSKand_hpc2_swapped RESDIR=../work/aes_full_sep/gadget_area/MSKand_hpc2_swapped_d4/ yosys -qq -c synthesis/synth.tcl -l  ../work/aes_full_sep/gadget_area/MSKand_hpc2_swapped_d4//synth.log
VDEFINES="-DDEFAULTSHARES=4" SYNTH_TOP=MSKand_hpc3o RESDIR=../work/aes_full_sep/gadget_area/MSKand_hpc3o_d4/ yosys -qq -c synthesis/synth.tcl -l  ../work/aes_full_sep/gadget_area/MSKand_hpc3o_d4//synth.log
VDEFINES="-DDEFAULTSHARES=4" SYNTH_TOP=MSKand_hpc2o_swapped RESDIR=../work/aes_full_sep/gadget_area/MSKand_hpc2o_swapped_d4/ yosys -qq -c synthesis/synth.tcl -l  ../work/aes_full_sep/gadget_area/MSKand_hpc2o_swapped_d4//synth.log
VDEFINES="-DDEFAULTSHARES=4" SYNTH_TOP=MSKreg RESDIR=../work/aes_full_sep/gadget_area/MSKreg_d4/ yosys -qq -c synthesis/synth.tcl -l  ../work/aes_full_sep/gadget_area/MSKreg_d4//synth.log
VDEFINES="-DDEFAULTSHARES=4" SYNTH_TOP=MSKand_hpc2 RESDIR=../work/aes_full_sep/gadget_area/MSKand_hpc2_d4/ yosys -qq -c synthesis/synth.tcl -l  ../work/aes_full_sep/gadget_area/MSKand_hpc2_d4//synth.log
VDEFINES="-DDEFAULTSHARES=4" SYNTH_TOP=MSKand_dom RESDIR=../work/aes_full_sep/gadget_area/MSKand_dom_d4/ yosys -qq -c synthesis/synth.tcl -l  ../work/aes_full_sep/gadget_area/MSKand_dom_d4//synth.log
VDEFINES="-DDEFAULTSHARES=4" SYNTH_TOP=MSKand_ghpc RESDIR=../work/aes_full_sep/gadget_area/MSKand_ghpc_d4/ yosys -qq -c synthesis/synth.tcl -l  ../work/aes_full_sep/gadget_area/MSKand_ghpc_d4//synth.log
VDEFINES="-DDEFAULTSHARES=4" SYNTH_TOP=MSKg16mul_hpc1 RESDIR=../work/aes_full_sep/gadget_area/MSKg16mul_hpc1_d4/ yosys -qq -c synthesis/synth.tcl -l  ../work/aes_full_sep/gadget_area/MSKg16mul_hpc1_d4//synth.log
VDEFINES="-DDEFAULTSHARES=4" SYNTH_TOP=MSKscanReg RESDIR=../work/aes_full_sep/gadget_area/MSKscanReg_d4/ yosys -qq -c synthesis/synth.tcl -l  ../work/aes_full_sep/gadget_area/MSKscanReg_d4//synth.log
VDEFINES="-DDEFAULTSHARES=4" SYNTH_TOP=MSKand_hpc2_cross RESDIR=../work/aes_full_sep/gadget_area/MSKand_hpc2_cross_d4/ yosys -qq -c synthesis/synth.tcl -l  ../work/aes_full_sep/gadget_area/MSKand_hpc2_cross_d4//synth.log
VDEFINES="-DDEFAULTSHARES=4" SYNTH_TOP=MSKinv RESDIR=../work/aes_full_sep/gadget_area/MSKinv_d4/ yosys -qq -c synthesis/synth.tcl -l  ../work/aes_full_sep/gadget_area/MSKinv_d4//synth.log
VDEFINES="-DDEFAULTSHARES=4" SYNTH_TOP=MSKregEn RESDIR=../work/aes_full_sep/gadget_area/MSKregEn_d4/ yosys -qq -c synthesis/synth.tcl -l  ../work/aes_full_sep/gadget_area/MSKregEn_d4//synth.log
VDEFINES="-DDEFAULTSHARES=4" SYNTH_TOP=MSKand_hpc2o_cross RESDIR=../work/aes_full_sep/gadget_area/MSKand_hpc2o_cross_d4/ yosys -qq -c synthesis/synth.tcl -l  ../work/aes_full_sep/gadget_area/MSKand_hpc2o_cross_d4//synth.log
VDEFINES="-DDEFAULTSHARES=4" SYNTH_TOP=MSKand_ghpcll RESDIR=../work/aes_full_sep/gadget_area/MSKand_ghpcll_d4/ yosys -qq -c synthesis/synth.tcl -l  ../work/aes_full_sep/gadget_area/MSKand_ghpcll_d4//synth.log
VDEFINES="-DDEFAULTSHARES=4" SYNTH_TOP=MSKand_hpc3 RESDIR=../work/aes_full_sep/gadget_area/MSKand_hpc3_d4/ yosys -qq -c synthesis/synth.tcl -l  ../work/aes_full_sep/gadget_area/MSKand_hpc3_d4//synth.log
VDEFINES="-DDEFAULTSHARES=4" SYNTH_TOP=MSKg4mul_hpc1 RESDIR=../work/aes_full_sep/gadget_area/MSKg4mul_hpc1_d4/ yosys -qq -c synthesis/synth.tcl -l  ../work/aes_full_sep/gadget_area/MSKg4mul_hpc1_d4//synth.log
VDEFINES="-DDEFAULTSHARES=4" SYNTH_TOP=MSKxor RESDIR=../work/aes_full_sep/gadget_area/MSKxor_d4/ yosys -qq -c synthesis/synth.tcl -l  ../work/aes_full_sep/gadget_area/MSKxor_d4//synth.log
VDEFINES="-DDEFAULTSHARES=4" SYNTH_TOP=MSKand_hpc2o_cross_swapped RESDIR=../work/aes_full_sep/gadget_area/MSKand_hpc2o_cross_swapped_d4/ yosys -qq -c synthesis/synth.tcl -l  ../work/aes_full_sep/gadget_area/MSKand_hpc2o_cross_swapped_d4//synth.log
VDEFINES="-DDEFAULTSHARES=4" SYNTH_TOP=MSKxnor RESDIR=../work/aes_full_sep/gadget_area/MSKxnor_d4/ yosys -qq -c synthesis/synth.tcl -l  ../work/aes_full_sep/gadget_area/MSKxnor_d4//synth.log
VDEFINES="-DDEFAULTSHARES=4" SYNTH_TOP=MSKcst RESDIR=../work/aes_full_sep/gadget_area/MSKcst_d4/ yosys -qq -c synthesis/synth.tcl -l  ../work/aes_full_sep/gadget_area/MSKcst_d4//synth.log
VDEFINES="-DDEFAULTSHARES=4" SYNTH_TOP=MSKnor_hpc2 RESDIR=../work/aes_full_sep/gadget_area/MSKnor_hpc2_d4/ yosys -qq -c synthesis/synth.tcl -l  ../work/aes_full_sep/gadget_area/MSKnor_hpc2_d4//synth.log
VDEFINES="-DDEFAULTSHARES=4" SYNTH_TOP=MSKg16mul_hpc3 RESDIR=../work/aes_full_sep/gadget_area/MSKg16mul_hpc3_d4/ yosys -qq -c synthesis/synth.tcl -l  ../work/aes_full_sep/gadget_area/MSKg16mul_hpc3_d4//synth.log
VDEFINES="-DDEFAULTSHARES=4" SYNTH_TOP=MSKand_hpc3o_swapped_tof RESDIR=../work/aes_full_sep/gadget_area/MSKand_hpc3o_swapped_tof_d4/ yosys -qq -c synthesis/synth.tcl -l  ../work/aes_full_sep/gadget_area/MSKand_hpc3o_swapped_tof_d4//synth.log
VDEFINES="-DDEFAULTSHARES=4" SYNTH_TOP=MSKand_sharewise RESDIR=../work/aes_full_sep/gadget_area/MSKand_sharewise_d4/ yosys -qq -c synthesis/synth.tcl -l  ../work/aes_full_sep/gadget_area/MSKand_sharewise_d4//synth.log
VDEFINES="-DDEFAULTSHARES=4" SYNTH_TOP=MSKand_hpc2o RESDIR=../work/aes_full_sep/gadget_area/MSKand_hpc2o_d4/ yosys -qq -c synthesis/synth.tcl -l  ../work/aes_full_sep/gadget_area/MSKand_hpc2o_d4//synth.log
VDEFINES="-DDEFAULTSHARES=4" SYNTH_TOP=G4_mul RESDIR=../work/aes_full_sep/gadget_area/G4_mul_d4/ yosys -qq -c synthesis/synth.tcl -l  ../work/aes_full_sep/gadget_area/G4_mul_d4//synth.log
VDEFINES="-DDEFAULTSHARES=4" SYNTH_TOP=MSKand_hpc3o_tof RESDIR=../work/aes_full_sep/gadget_area/MSKand_hpc3o_tof_d4/ yosys -qq -c synthesis/synth.tcl -l  ../work/aes_full_sep/gadget_area/MSKand_hpc3o_tof_d4//synth.log
VDEFINES="-DDEFAULTSHARES=4" SYNTH_TOP=MSKref_sni RESDIR=../work/aes_full_sep/gadget_area/MSKref_sni_d4/ yosys -qq -c synthesis/synth.tcl -l  ../work/aes_full_sep/gadget_area/MSKref_sni_d4//synth.log
python3 scripts/summarize_gadget_area.py --outcsv=../work/aes_full_sep/gadget_area/areas_d4.csv ../work/aes_full_sep/gadget_area/MSKand_hpc2o_swapped_tof_d4/area.json ../work/aes_full_sep/gadget_area/MSKand_hpc2_cross_swapped_d4/area.json ../work/aes_full_sep/gadget_area/MSKg16mul_dom_d4/area.json ../work/aes_full_sep/gadget_area/MSKand_hpc1_d4/area.json ../work/aes_full_sep/gadget_area/MSKand_hpc2o_tof_d4/area.json ../work/aes_full_sep/gadget_area/MSKg4mul_hpc3_d4/area.json ../work/aes_full_sep/gadget_area/MSKmux_d4/area.json ../work/aes_full_sep/gadget_area/MSKand_hpc3_cross_d4/area.json ../work/aes_full_sep/gadget_area/G16_mul_d4/area.json ../work/aes_full_sep/gadget_area/MSKand_hpc3_cross_er_swapped_d4/area.json ../work/aes_full_sep/gadget_area/MSKg4mul_dom_d4/area.json ../work/aes_full_sep/gadget_area/MSKand_hpc3_cross_er_d4/area.json ../work/aes_full_sep/gadget_area/MSKand_hpc3o_swapped_d4/area.json ../work/aes_full_sep/gadget_area/MSKand_hpc2_swapped_d4/area.json ../work/aes_full_sep/gadget_area/MSKand_hpc3o_d4/area.json ../work/aes_full_sep/gadget_area/MSKand_hpc2o_swapped_d4/area.json ../work/aes_full_sep/gadget_area/MSKreg_d4/area.json ../work/aes_full_sep/gadget_area/MSKand_hpc2_d4/area.json ../work/aes_full_sep/gadget_area/MSKand_dom_d4/area.json ../work/aes_full_sep/gadget_area/MSKand_ghpc_d4/area.json ../work/aes_full_sep/gadget_area/MSKg16mul_hpc1_d4/area.json ../work/aes_full_sep/gadget_area/MSKscanReg_d4/area.json ../work/aes_full_sep/gadget_area/MSKand_hpc2_cross_d4/area.json ../work/aes_full_sep/gadget_area/MSKinv_d4/area.json ../work/aes_full_sep/gadget_area/MSKregEn_d4/area.json ../work/aes_full_sep/gadget_area/MSKand_hpc2o_cross_d4/area.json ../work/aes_full_sep/gadget_area/MSKand_ghpcll_d4/area.json ../work/aes_full_sep/gadget_area/MSKand_hpc3_d4/area.json ../work/aes_full_sep/gadget_area/MSKg4mul_hpc1_d4/area.json ../work/aes_full_sep/gadget_area/MSKxor_d4/area.json ../work/aes_full_sep/gadget_area/MSKand_hpc2o_cross_swapped_d4/area.json ../work/aes_full_sep/gadget_area/MSKxnor_d4/area.json ../work/aes_full_sep/gadget_area/MSKcst_d4/area.json ../work/aes_full_sep/gadget_area/MSKnor_hpc2_d4/area.json ../work/aes_full_sep/gadget_area/MSKg16mul_hpc3_d4/area.json ../work/aes_full_sep/gadget_area/MSKand_hpc3o_swapped_tof_d4/area.json ../work/aes_full_sep/gadget_area/MSKand_sharewise_d4/area.json ../work/aes_full_sep/gadget_area/MSKand_hpc2o_d4/area.json ../work/aes_full_sep/gadget_area/G4_mul_d4/area.json ../work/aes_full_sep/gadget_area/MSKand_hpc3o_tof_d4/area.json ../work/aes_full_sep/gadget_area/MSKref_sni_d4/area.json
python3 scripts/compress.py --num-shares 4 --latency=4 --circuit=circuits/aes_bp.txt --out=../work/aes_full_sep/circuits/aes_bp_d4_l4/design.v --outh=../work/aes_full_sep/circuits/aes_bp_d4_l4/design.vh --gadgets-area-csv=../work/aes_full_sep/gadget_area/areas_d4.csv --rng-area-txt=../work/aes_full_sep/rng_area/area_ge.txt --outstats=../work/aes_full_sep/circuits/aes_bp_d4_l4//stats.json --outdump=../work/aes_full_sep/circuits/aes_bp_d4_l4//compress_model.pkl --gadgets-config=gadget_library/gadgets_sep.toml --time-limit 3600 > ../work/aes_full_sep/circuits/aes_bp_d4_l4//compress.log
cp ../work/aes_full_sep/circuits/aes_bp_d4_l4/design.v ../work/aes_full_sep/circuits/aes_bp_d4_l4//aes_bp.v
cp ../work/aes_full_sep/circuits/aes_bp_d4_l4/design.vh ../work/aes_full_sep/circuits/aes_bp_d4_l4//aes_bp.vh
SYNTH_SRCS="gadget_library/BIN/*.v gadget_library/MSK/*.v gadget_library/RNG/trivium/*.v ../work/aes_full_sep/circuits/aes_bp_d4_l4/design.v" SYNTH_TOP=aes_bp VDEFINES="-DDEFAULTSHARES=4" \
RESDIR=../work/aes_full_sep/circuits/aes_bp_d4_l4/synth/ \
yosys -qq -c synthesis/synth.tcl -l  ../work/aes_full_sep/circuits/aes_bp_d4_l4/synth//synth.log
python3 scripts/compress.py --num-shares 4 --latency=5 --circuit=circuits/aes_bp.txt --out=../work/aes_full_sep/circuits/aes_bp_d4_l5/design.v --outh=../work/aes_full_sep/circuits/aes_bp_d4_l5/design.vh --gadgets-area-csv=../work/aes_full_sep/gadget_area/areas_d4.csv --rng-area-txt=../work/aes_full_sep/rng_area/area_ge.txt --outstats=../work/aes_full_sep/circuits/aes_bp_d4_l5//stats.json --outdump=../work/aes_full_sep/circuits/aes_bp_d4_l5//compress_model.pkl --gadgets-config=gadget_library/gadgets_sep.toml --time-limit 3600 > ../work/aes_full_sep/circuits/aes_bp_d4_l5//compress.log
cp ../work/aes_full_sep/circuits/aes_bp_d4_l5/design.v ../work/aes_full_sep/circuits/aes_bp_d4_l5//aes_bp.v
cp ../work/aes_full_sep/circuits/aes_bp_d4_l5/design.vh ../work/aes_full_sep/circuits/aes_bp_d4_l5//aes_bp.vh
SYNTH_SRCS="gadget_library/BIN/*.v gadget_library/MSK/*.v gadget_library/RNG/trivium/*.v ../work/aes_full_sep/circuits/aes_bp_d4_l5/design.v" SYNTH_TOP=aes_bp VDEFINES="-DDEFAULTSHARES=4" \
RESDIR=../work/aes_full_sep/circuits/aes_bp_d4_l5/synth/ \
yosys -qq -c synthesis/synth.tcl -l  ../work/aes_full_sep/circuits/aes_bp_d4_l5/synth//synth.log
python3 scripts/compress.py --num-shares 4 --latency=6 --circuit=circuits/aes_bp.txt --out=../work/aes_full_sep/circuits/aes_bp_d4_l6/design.v --outh=../work/aes_full_sep/circuits/aes_bp_d4_l6/design.vh --gadgets-area-csv=../work/aes_full_sep/gadget_area/areas_d4.csv --rng-area-txt=../work/aes_full_sep/rng_area/area_ge.txt --outstats=../work/aes_full_sep/circuits/aes_bp_d4_l6//stats.json --outdump=../work/aes_full_sep/circuits/aes_bp_d4_l6//compress_model.pkl --gadgets-config=gadget_library/gadgets_sep.toml --time-limit 3600 > ../work/aes_full_sep/circuits/aes_bp_d4_l6//compress.log
cp ../work/aes_full_sep/circuits/aes_bp_d4_l6/design.v ../work/aes_full_sep/circuits/aes_bp_d4_l6//aes_bp.v
cp ../work/aes_full_sep/circuits/aes_bp_d4_l6/design.vh ../work/aes_full_sep/circuits/aes_bp_d4_l6//aes_bp.vh
SYNTH_SRCS="gadget_library/BIN/*.v gadget_library/MSK/*.v gadget_library/RNG/trivium/*.v ../work/aes_full_sep/circuits/aes_bp_d4_l6/design.v" SYNTH_TOP=aes_bp VDEFINES="-DDEFAULTSHARES=4" \
RESDIR=../work/aes_full_sep/circuits/aes_bp_d4_l6/synth/ \
yosys -qq -c synthesis/synth.tcl -l  ../work/aes_full_sep/circuits/aes_bp_d4_l6/synth//synth.log
VDEFINES="-DDEFAULTSHARES=5" SYNTH_TOP=MSKand_hpc2o_swapped_tof RESDIR=../work/aes_full_sep/gadget_area/MSKand_hpc2o_swapped_tof_d5/ yosys -qq -c synthesis/synth.tcl -l  ../work/aes_full_sep/gadget_area/MSKand_hpc2o_swapped_tof_d5//synth.log
VDEFINES="-DDEFAULTSHARES=5" SYNTH_TOP=MSKand_hpc2_cross_swapped RESDIR=../work/aes_full_sep/gadget_area/MSKand_hpc2_cross_swapped_d5/ yosys -qq -c synthesis/synth.tcl -l  ../work/aes_full_sep/gadget_area/MSKand_hpc2_cross_swapped_d5//synth.log
VDEFINES="-DDEFAULTSHARES=5" SYNTH_TOP=MSKg16mul_dom RESDIR=../work/aes_full_sep/gadget_area/MSKg16mul_dom_d5/ yosys -qq -c synthesis/synth.tcl -l  ../work/aes_full_sep/gadget_area/MSKg16mul_dom_d5//synth.log
VDEFINES="-DDEFAULTSHARES=5" SYNTH_TOP=MSKand_hpc1 RESDIR=../work/aes_full_sep/gadget_area/MSKand_hpc1_d5/ yosys -qq -c synthesis/synth.tcl -l  ../work/aes_full_sep/gadget_area/MSKand_hpc1_d5//synth.log
VDEFINES="-DDEFAULTSHARES=5" SYNTH_TOP=MSKand_hpc2o_tof RESDIR=../work/aes_full_sep/gadget_area/MSKand_hpc2o_tof_d5/ yosys -qq -c synthesis/synth.tcl -l  ../work/aes_full_sep/gadget_area/MSKand_hpc2o_tof_d5//synth.log
VDEFINES="-DDEFAULTSHARES=5" SYNTH_TOP=MSKg4mul_hpc3 RESDIR=../work/aes_full_sep/gadget_area/MSKg4mul_hpc3_d5/ yosys -qq -c synthesis/synth.tcl -l  ../work/aes_full_sep/gadget_area/MSKg4mul_hpc3_d5//synth.log
VDEFINES="-DDEFAULTSHARES=5" SYNTH_TOP=MSKmux RESDIR=../work/aes_full_sep/gadget_area/MSKmux_d5/ yosys -qq -c synthesis/synth.tcl -l  ../work/aes_full_sep/gadget_area/MSKmux_d5//synth.log
VDEFINES="-DDEFAULTSHARES=5" SYNTH_TOP=MSKand_hpc3_cross RESDIR=../work/aes_full_sep/gadget_area/MSKand_hpc3_cross_d5/ yosys -qq -c synthesis/synth.tcl -l  ../work/aes_full_sep/gadget_area/MSKand_hpc3_cross_d5//synth.log
VDEFINES="-DDEFAULTSHARES=5" SYNTH_TOP=G16_mul RESDIR=../work/aes_full_sep/gadget_area/G16_mul_d5/ yosys -qq -c synthesis/synth.tcl -l  ../work/aes_full_sep/gadget_area/G16_mul_d5//synth.log
VDEFINES="-DDEFAULTSHARES=5" SYNTH_TOP=MSKand_hpc3_cross_er_swapped RESDIR=../work/aes_full_sep/gadget_area/MSKand_hpc3_cross_er_swapped_d5/ yosys -qq -c synthesis/synth.tcl -l  ../work/aes_full_sep/gadget_area/MSKand_hpc3_cross_er_swapped_d5//synth.log
VDEFINES="-DDEFAULTSHARES=5" SYNTH_TOP=MSKg4mul_dom RESDIR=../work/aes_full_sep/gadget_area/MSKg4mul_dom_d5/ yosys -qq -c synthesis/synth.tcl -l  ../work/aes_full_sep/gadget_area/MSKg4mul_dom_d5//synth.log
VDEFINES="-DDEFAULTSHARES=5" SYNTH_TOP=MSKand_hpc3_cross_er RESDIR=../work/aes_full_sep/gadget_area/MSKand_hpc3_cross_er_d5/ yosys -qq -c synthesis/synth.tcl -l  ../work/aes_full_sep/gadget_area/MSKand_hpc3_cross_er_d5//synth.log
VDEFINES="-DDEFAULTSHARES=5" SYNTH_TOP=MSKand_hpc3o_swapped RESDIR=../work/aes_full_sep/gadget_area/MSKand_hpc3o_swapped_d5/ yosys -qq -c synthesis/synth.tcl -l  ../work/aes_full_sep/gadget_area/MSKand_hpc3o_swapped_d5//synth.log
VDEFINES="-DDEFAULTSHARES=5" SYNTH_TOP=MSKand_hpc2_swapped RESDIR=../work/aes_full_sep/gadget_area/MSKand_hpc2_swapped_d5/ yosys -qq -c synthesis/synth.tcl -l  ../work/aes_full_sep/gadget_area/MSKand_hpc2_swapped_d5//synth.log
VDEFINES="-DDEFAULTSHARES=5" SYNTH_TOP=MSKand_hpc3o RESDIR=../work/aes_full_sep/gadget_area/MSKand_hpc3o_d5/ yosys -qq -c synthesis/synth.tcl -l  ../work/aes_full_sep/gadget_area/MSKand_hpc3o_d5//synth.log
VDEFINES="-DDEFAULTSHARES=5" SYNTH_TOP=MSKand_hpc2o_swapped RESDIR=../work/aes_full_sep/gadget_area/MSKand_hpc2o_swapped_d5/ yosys -qq -c synthesis/synth.tcl -l  ../work/aes_full_sep/gadget_area/MSKand_hpc2o_swapped_d5//synth.log
VDEFINES="-DDEFAULTSHARES=5" SYNTH_TOP=MSKreg RESDIR=../work/aes_full_sep/gadget_area/MSKreg_d5/ yosys -qq -c synthesis/synth.tcl -l  ../work/aes_full_sep/gadget_area/MSKreg_d5//synth.log
VDEFINES="-DDEFAULTSHARES=5" SYNTH_TOP=MSKand_hpc2 RESDIR=../work/aes_full_sep/gadget_area/MSKand_hpc2_d5/ yosys -qq -c synthesis/synth.tcl -l  ../work/aes_full_sep/gadget_area/MSKand_hpc2_d5//synth.log
VDEFINES="-DDEFAULTSHARES=5" SYNTH_TOP=MSKand_dom RESDIR=../work/aes_full_sep/gadget_area/MSKand_dom_d5/ yosys -qq -c synthesis/synth.tcl -l  ../work/aes_full_sep/gadget_area/MSKand_dom_d5//synth.log
VDEFINES="-DDEFAULTSHARES=5" SYNTH_TOP=MSKand_ghpc RESDIR=../work/aes_full_sep/gadget_area/MSKand_ghpc_d5/ yosys -qq -c synthesis/synth.tcl -l  ../work/aes_full_sep/gadget_area/MSKand_ghpc_d5//synth.log
VDEFINES="-DDEFAULTSHARES=5" SYNTH_TOP=MSKg16mul_hpc1 RESDIR=../work/aes_full_sep/gadget_area/MSKg16mul_hpc1_d5/ yosys -qq -c synthesis/synth.tcl -l  ../work/aes_full_sep/gadget_area/MSKg16mul_hpc1_d5//synth.log
VDEFINES="-DDEFAULTSHARES=5" SYNTH_TOP=MSKscanReg RESDIR=../work/aes_full_sep/gadget_area/MSKscanReg_d5/ yosys -qq -c synthesis/synth.tcl -l  ../work/aes_full_sep/gadget_area/MSKscanReg_d5//synth.log
VDEFINES="-DDEFAULTSHARES=5" SYNTH_TOP=MSKand_hpc2_cross RESDIR=../work/aes_full_sep/gadget_area/MSKand_hpc2_cross_d5/ yosys -qq -c synthesis/synth.tcl -l  ../work/aes_full_sep/gadget_area/MSKand_hpc2_cross_d5//synth.log
VDEFINES="-DDEFAULTSHARES=5" SYNTH_TOP=MSKinv RESDIR=../work/aes_full_sep/gadget_area/MSKinv_d5/ yosys -qq -c synthesis/synth.tcl -l  ../work/aes_full_sep/gadget_area/MSKinv_d5//synth.log
VDEFINES="-DDEFAULTSHARES=5" SYNTH_TOP=MSKregEn RESDIR=../work/aes_full_sep/gadget_area/MSKregEn_d5/ yosys -qq -c synthesis/synth.tcl -l  ../work/aes_full_sep/gadget_area/MSKregEn_d5//synth.log
VDEFINES="-DDEFAULTSHARES=5" SYNTH_TOP=MSKand_hpc2o_cross RESDIR=../work/aes_full_sep/gadget_area/MSKand_hpc2o_cross_d5/ yosys -qq -c synthesis/synth.tcl -l  ../work/aes_full_sep/gadget_area/MSKand_hpc2o_cross_d5//synth.log
VDEFINES="-DDEFAULTSHARES=5" SYNTH_TOP=MSKand_ghpcll RESDIR=../work/aes_full_sep/gadget_area/MSKand_ghpcll_d5/ yosys -qq -c synthesis/synth.tcl -l  ../work/aes_full_sep/gadget_area/MSKand_ghpcll_d5//synth.log
VDEFINES="-DDEFAULTSHARES=5" SYNTH_TOP=MSKand_hpc3 RESDIR=../work/aes_full_sep/gadget_area/MSKand_hpc3_d5/ yosys -qq -c synthesis/synth.tcl -l  ../work/aes_full_sep/gadget_area/MSKand_hpc3_d5//synth.log
VDEFINES="-DDEFAULTSHARES=5" SYNTH_TOP=MSKg4mul_hpc1 RESDIR=../work/aes_full_sep/gadget_area/MSKg4mul_hpc1_d5/ yosys -qq -c synthesis/synth.tcl -l  ../work/aes_full_sep/gadget_area/MSKg4mul_hpc1_d5//synth.log
VDEFINES="-DDEFAULTSHARES=5" SYNTH_TOP=MSKxor RESDIR=../work/aes_full_sep/gadget_area/MSKxor_d5/ yosys -qq -c synthesis/synth.tcl -l  ../work/aes_full_sep/gadget_area/MSKxor_d5//synth.log
VDEFINES="-DDEFAULTSHARES=5" SYNTH_TOP=MSKand_hpc2o_cross_swapped RESDIR=../work/aes_full_sep/gadget_area/MSKand_hpc2o_cross_swapped_d5/ yosys -qq -c synthesis/synth.tcl -l  ../work/aes_full_sep/gadget_area/MSKand_hpc2o_cross_swapped_d5//synth.log
VDEFINES="-DDEFAULTSHARES=5" SYNTH_TOP=MSKxnor RESDIR=../work/aes_full_sep/gadget_area/MSKxnor_d5/ yosys -qq -c synthesis/synth.tcl -l  ../work/aes_full_sep/gadget_area/MSKxnor_d5//synth.log
VDEFINES="-DDEFAULTSHARES=5" SYNTH_TOP=MSKcst RESDIR=../work/aes_full_sep/gadget_area/MSKcst_d5/ yosys -qq -c synthesis/synth.tcl -l  ../work/aes_full_sep/gadget_area/MSKcst_d5//synth.log
VDEFINES="-DDEFAULTSHARES=5" SYNTH_TOP=MSKnor_hpc2 RESDIR=../work/aes_full_sep/gadget_area/MSKnor_hpc2_d5/ yosys -qq -c synthesis/synth.tcl -l  ../work/aes_full_sep/gadget_area/MSKnor_hpc2_d5//synth.log
VDEFINES="-DDEFAULTSHARES=5" SYNTH_TOP=MSKg16mul_hpc3 RESDIR=../work/aes_full_sep/gadget_area/MSKg16mul_hpc3_d5/ yosys -qq -c synthesis/synth.tcl -l  ../work/aes_full_sep/gadget_area/MSKg16mul_hpc3_d5//synth.log
VDEFINES="-DDEFAULTSHARES=5" SYNTH_TOP=MSKand_hpc3o_swapped_tof RESDIR=../work/aes_full_sep/gadget_area/MSKand_hpc3o_swapped_tof_d5/ yosys -qq -c synthesis/synth.tcl -l  ../work/aes_full_sep/gadget_area/MSKand_hpc3o_swapped_tof_d5//synth.log
VDEFINES="-DDEFAULTSHARES=5" SYNTH_TOP=MSKand_sharewise RESDIR=../work/aes_full_sep/gadget_area/MSKand_sharewise_d5/ yosys -qq -c synthesis/synth.tcl -l  ../work/aes_full_sep/gadget_area/MSKand_sharewise_d5//synth.log
VDEFINES="-DDEFAULTSHARES=5" SYNTH_TOP=MSKand_hpc2o RESDIR=../work/aes_full_sep/gadget_area/MSKand_hpc2o_d5/ yosys -qq -c synthesis/synth.tcl -l  ../work/aes_full_sep/gadget_area/MSKand_hpc2o_d5//synth.log
VDEFINES="-DDEFAULTSHARES=5" SYNTH_TOP=G4_mul RESDIR=../work/aes_full_sep/gadget_area/G4_mul_d5/ yosys -qq -c synthesis/synth.tcl -l  ../work/aes_full_sep/gadget_area/G4_mul_d5//synth.log
VDEFINES="-DDEFAULTSHARES=5" SYNTH_TOP=MSKand_hpc3o_tof RESDIR=../work/aes_full_sep/gadget_area/MSKand_hpc3o_tof_d5/ yosys -qq -c synthesis/synth.tcl -l  ../work/aes_full_sep/gadget_area/MSKand_hpc3o_tof_d5//synth.log
VDEFINES="-DDEFAULTSHARES=5" SYNTH_TOP=MSKref_sni RESDIR=../work/aes_full_sep/gadget_area/MSKref_sni_d5/ yosys -qq -c synthesis/synth.tcl -l  ../work/aes_full_sep/gadget_area/MSKref_sni_d5//synth.log
python3 scripts/summarize_gadget_area.py --outcsv=../work/aes_full_sep/gadget_area/areas_d5.csv ../work/aes_full_sep/gadget_area/MSKand_hpc2o_swapped_tof_d5/area.json ../work/aes_full_sep/gadget_area/MSKand_hpc2_cross_swapped_d5/area.json ../work/aes_full_sep/gadget_area/MSKg16mul_dom_d5/area.json ../work/aes_full_sep/gadget_area/MSKand_hpc1_d5/area.json ../work/aes_full_sep/gadget_area/MSKand_hpc2o_tof_d5/area.json ../work/aes_full_sep/gadget_area/MSKg4mul_hpc3_d5/area.json ../work/aes_full_sep/gadget_area/MSKmux_d5/area.json ../work/aes_full_sep/gadget_area/MSKand_hpc3_cross_d5/area.json ../work/aes_full_sep/gadget_area/G16_mul_d5/area.json ../work/aes_full_sep/gadget_area/MSKand_hpc3_cross_er_swapped_d5/area.json ../work/aes_full_sep/gadget_area/MSKg4mul_dom_d5/area.json ../work/aes_full_sep/gadget_area/MSKand_hpc3_cross_er_d5/area.json ../work/aes_full_sep/gadget_area/MSKand_hpc3o_swapped_d5/area.json ../work/aes_full_sep/gadget_area/MSKand_hpc2_swapped_d5/area.json ../work/aes_full_sep/gadget_area/MSKand_hpc3o_d5/area.json ../work/aes_full_sep/gadget_area/MSKand_hpc2o_swapped_d5/area.json ../work/aes_full_sep/gadget_area/MSKreg_d5/area.json ../work/aes_full_sep/gadget_area/MSKand_hpc2_d5/area.json ../work/aes_full_sep/gadget_area/MSKand_dom_d5/area.json ../work/aes_full_sep/gadget_area/MSKand_ghpc_d5/area.json ../work/aes_full_sep/gadget_area/MSKg16mul_hpc1_d5/area.json ../work/aes_full_sep/gadget_area/MSKscanReg_d5/area.json ../work/aes_full_sep/gadget_area/MSKand_hpc2_cross_d5/area.json ../work/aes_full_sep/gadget_area/MSKinv_d5/area.json ../work/aes_full_sep/gadget_area/MSKregEn_d5/area.json ../work/aes_full_sep/gadget_area/MSKand_hpc2o_cross_d5/area.json ../work/aes_full_sep/gadget_area/MSKand_ghpcll_d5/area.json ../work/aes_full_sep/gadget_area/MSKand_hpc3_d5/area.json ../work/aes_full_sep/gadget_area/MSKg4mul_hpc1_d5/area.json ../work/aes_full_sep/gadget_area/MSKxor_d5/area.json ../work/aes_full_sep/gadget_area/MSKand_hpc2o_cross_swapped_d5/area.json ../work/aes_full_sep/gadget_area/MSKxnor_d5/area.json ../work/aes_full_sep/gadget_area/MSKcst_d5/area.json ../work/aes_full_sep/gadget_area/MSKnor_hpc2_d5/area.json ../work/aes_full_sep/gadget_area/MSKg16mul_hpc3_d5/area.json ../work/aes_full_sep/gadget_area/MSKand_hpc3o_swapped_tof_d5/area.json ../work/aes_full_sep/gadget_area/MSKand_sharewise_d5/area.json ../work/aes_full_sep/gadget_area/MSKand_hpc2o_d5/area.json ../work/aes_full_sep/gadget_area/G4_mul_d5/area.json ../work/aes_full_sep/gadget_area/MSKand_hpc3o_tof_d5/area.json ../work/aes_full_sep/gadget_area/MSKref_sni_d5/area.json
python3 scripts/compress.py --num-shares 5 --latency=4 --circuit=circuits/aes_bp.txt --out=../work/aes_full_sep/circuits/aes_bp_d5_l4/design.v --outh=../work/aes_full_sep/circuits/aes_bp_d5_l4/design.vh --gadgets-area-csv=../work/aes_full_sep/gadget_area/areas_d5.csv --rng-area-txt=../work/aes_full_sep/rng_area/area_ge.txt --outstats=../work/aes_full_sep/circuits/aes_bp_d5_l4//stats.json --outdump=../work/aes_full_sep/circuits/aes_bp_d5_l4//compress_model.pkl --gadgets-config=gadget_library/gadgets_sep.toml --time-limit 3600 > ../work/aes_full_sep/circuits/aes_bp_d5_l4//compress.log
cp ../work/aes_full_sep/circuits/aes_bp_d5_l4/design.v ../work/aes_full_sep/circuits/aes_bp_d5_l4//aes_bp.v
cp ../work/aes_full_sep/circuits/aes_bp_d5_l4/design.vh ../work/aes_full_sep/circuits/aes_bp_d5_l4//aes_bp.vh
SYNTH_SRCS="gadget_library/BIN/*.v gadget_library/MSK/*.v gadget_library/RNG/trivium/*.v ../work/aes_full_sep/circuits/aes_bp_d5_l4/design.v" SYNTH_TOP=aes_bp VDEFINES="-DDEFAULTSHARES=5" \
RESDIR=../work/aes_full_sep/circuits/aes_bp_d5_l4/synth/ \
yosys -qq -c synthesis/synth.tcl -l  ../work/aes_full_sep/circuits/aes_bp_d5_l4/synth//synth.log
python3 scripts/compress.py --num-shares 5 --latency=5 --circuit=circuits/aes_bp.txt --out=../work/aes_full_sep/circuits/aes_bp_d5_l5/design.v --outh=../work/aes_full_sep/circuits/aes_bp_d5_l5/design.vh --gadgets-area-csv=../work/aes_full_sep/gadget_area/areas_d5.csv --rng-area-txt=../work/aes_full_sep/rng_area/area_ge.txt --outstats=../work/aes_full_sep/circuits/aes_bp_d5_l5//stats.json --outdump=../work/aes_full_sep/circuits/aes_bp_d5_l5//compress_model.pkl --gadgets-config=gadget_library/gadgets_sep.toml --time-limit 3600 > ../work/aes_full_sep/circuits/aes_bp_d5_l5//compress.log
cp ../work/aes_full_sep/circuits/aes_bp_d5_l5/design.v ../work/aes_full_sep/circuits/aes_bp_d5_l5//aes_bp.v
cp ../work/aes_full_sep/circuits/aes_bp_d5_l5/design.vh ../work/aes_full_sep/circuits/aes_bp_d5_l5//aes_bp.vh
SYNTH_SRCS="gadget_library/BIN/*.v gadget_library/MSK/*.v gadget_library/RNG/trivium/*.v ../work/aes_full_sep/circuits/aes_bp_d5_l5/design.v" SYNTH_TOP=aes_bp VDEFINES="-DDEFAULTSHARES=5" \
RESDIR=../work/aes_full_sep/circuits/aes_bp_d5_l5/synth/ \
yosys -qq -c synthesis/synth.tcl -l  ../work/aes_full_sep/circuits/aes_bp_d5_l5/synth//synth.log
python3 scripts/compress.py --num-shares 5 --latency=6 --circuit=circuits/aes_bp.txt --out=../work/aes_full_sep/circuits/aes_bp_d5_l6/design.v --outh=../work/aes_full_sep/circuits/aes_bp_d5_l6/design.vh --gadgets-area-csv=../work/aes_full_sep/gadget_area/areas_d5.csv --rng-area-txt=../work/aes_full_sep/rng_area/area_ge.txt --outstats=../work/aes_full_sep/circuits/aes_bp_d5_l6//stats.json --outdump=../work/aes_full_sep/circuits/aes_bp_d5_l6//compress_model.pkl --gadgets-config=gadget_library/gadgets_sep.toml --time-limit 3600 > ../work/aes_full_sep/circuits/aes_bp_d5_l6//compress.log
cp ../work/aes_full_sep/circuits/aes_bp_d5_l6/design.v ../work/aes_full_sep/circuits/aes_bp_d5_l6//aes_bp.v
cp ../work/aes_full_sep/circuits/aes_bp_d5_l6/design.vh ../work/aes_full_sep/circuits/aes_bp_d5_l6//aes_bp.vh
SYNTH_SRCS="gadget_library/BIN/*.v gadget_library/MSK/*.v gadget_library/RNG/trivium/*.v ../work/aes_full_sep/circuits/aes_bp_d5_l6/design.v" SYNTH_TOP=aes_bp VDEFINES="-DDEFAULTSHARES=5" \
RESDIR=../work/aes_full_sep/circuits/aes_bp_d5_l6/synth/ \
yosys -qq -c synthesis/synth.tcl -l  ../work/aes_full_sep/circuits/aes_bp_d5_l6/synth//synth.log
python3 scripts/summarize_design_area.py --outcsv=../work/aes_full_sep/aes_bp_area.csv ../work/aes_full_sep/circuits/aes_bp_d2_l4/synth/area.json ../work/aes_full_sep/circuits/aes_bp_d2_l5/synth/area.json ../work/aes_full_sep/circuits/aes_bp_d2_l6/synth/area.json ../work/aes_full_sep/circuits/aes_bp_d3_l4/synth/area.json ../work/aes_full_sep/circuits/aes_bp_d3_l5/synth/area.json ../work/aes_full_sep/circuits/aes_bp_d3_l6/synth/area.json ../work/aes_full_sep/circuits/aes_bp_d4_l4/synth/area.json ../work/aes_full_sep/circuits/aes_bp_d4_l5/synth/area.json ../work/aes_full_sep/circuits/aes_bp_d4_l6/synth/area.json ../work/aes_full_sep/circuits/aes_bp_d5_l4/synth/area.json ../work/aes_full_sep/circuits/aes_bp_d5_l5/synth/area.json ../work/aes_full_sep/circuits/aes_bp_d5_l6/synth/area.json
make[1]: Leaving directory '/home/nilotpola/Downloads/TETRIS-artefact/COMPRESS-results/compress'
# TCHES 2026 Table 2 sweep - Boyer-Peralta S-box across all orders and latencies.
source /home/nilotpola/Downloads/TETRIS-artefact/COMPRESS-results/work/ve/bin/activate; TB_CHECK_REF=aes_sbox make -C compress CIRCUIT=circuits/aes_bp.txt LATS="4 5 6" DS="2 3 4 5" GADGETS_CONFIG=gadget_library/gadgets_base.toml WORK=../work/aes_full_base area
make[1]: Entering directory '/home/nilotpola/Downloads/TETRIS-artefact/COMPRESS-results/compress'
VDEFINES="-DDEFAULTRND=512" \
SYNTH_TOP=prng_top \
RESDIR=../work/aes_full_base/rng_area/nbits_512/ \
yosys -qq -c synthesis/synth.tcl -l  ../work/aes_full_base/rng_area/nbits_512//synth.log
python3 scripts/rng_area.py --out=../work/aes_full_base/rng_area/area_ge.txt ../work/aes_full_base/rng_area/nbits_512/area.json
VDEFINES="-DDEFAULTSHARES=2" SYNTH_TOP=MSKand_hpc2o_swapped_tof RESDIR=../work/aes_full_base/gadget_area/MSKand_hpc2o_swapped_tof_d2/ yosys -qq -c synthesis/synth.tcl -l  ../work/aes_full_base/gadget_area/MSKand_hpc2o_swapped_tof_d2//synth.log
VDEFINES="-DDEFAULTSHARES=2" SYNTH_TOP=MSKand_hpc2_cross_swapped RESDIR=../work/aes_full_base/gadget_area/MSKand_hpc2_cross_swapped_d2/ yosys -qq -c synthesis/synth.tcl -l  ../work/aes_full_base/gadget_area/MSKand_hpc2_cross_swapped_d2//synth.log
VDEFINES="-DDEFAULTSHARES=2" SYNTH_TOP=MSKg16mul_dom RESDIR=../work/aes_full_base/gadget_area/MSKg16mul_dom_d2/ yosys -qq -c synthesis/synth.tcl -l  ../work/aes_full_base/gadget_area/MSKg16mul_dom_d2//synth.log
VDEFINES="-DDEFAULTSHARES=2" SYNTH_TOP=MSKand_hpc1 RESDIR=../work/aes_full_base/gadget_area/MSKand_hpc1_d2/ yosys -qq -c synthesis/synth.tcl -l  ../work/aes_full_base/gadget_area/MSKand_hpc1_d2//synth.log
VDEFINES="-DDEFAULTSHARES=2" SYNTH_TOP=MSKand_hpc2o_tof RESDIR=../work/aes_full_base/gadget_area/MSKand_hpc2o_tof_d2/ yosys -qq -c synthesis/synth.tcl -l  ../work/aes_full_base/gadget_area/MSKand_hpc2o_tof_d2//synth.log
VDEFINES="-DDEFAULTSHARES=2" SYNTH_TOP=MSKg4mul_hpc3 RESDIR=../work/aes_full_base/gadget_area/MSKg4mul_hpc3_d2/ yosys -qq -c synthesis/synth.tcl -l  ../work/aes_full_base/gadget_area/MSKg4mul_hpc3_d2//synth.log
VDEFINES="-DDEFAULTSHARES=2" SYNTH_TOP=MSKmux RESDIR=../work/aes_full_base/gadget_area/MSKmux_d2/ yosys -qq -c synthesis/synth.tcl -l  ../work/aes_full_base/gadget_area/MSKmux_d2//synth.log
VDEFINES="-DDEFAULTSHARES=2" SYNTH_TOP=MSKand_hpc3_cross RESDIR=../work/aes_full_base/gadget_area/MSKand_hpc3_cross_d2/ yosys -qq -c synthesis/synth.tcl -l  ../work/aes_full_base/gadget_area/MSKand_hpc3_cross_d2//synth.log
VDEFINES="-DDEFAULTSHARES=2" SYNTH_TOP=G16_mul RESDIR=../work/aes_full_base/gadget_area/G16_mul_d2/ yosys -qq -c synthesis/synth.tcl -l  ../work/aes_full_base/gadget_area/G16_mul_d2//synth.log
VDEFINES="-DDEFAULTSHARES=2" SYNTH_TOP=MSKand_hpc3_cross_er_swapped RESDIR=../work/aes_full_base/gadget_area/MSKand_hpc3_cross_er_swapped_d2/ yosys -qq -c synthesis/synth.tcl -l  ../work/aes_full_base/gadget_area/MSKand_hpc3_cross_er_swapped_d2//synth.log
VDEFINES="-DDEFAULTSHARES=2" SYNTH_TOP=MSKg4mul_dom RESDIR=../work/aes_full_base/gadget_area/MSKg4mul_dom_d2/ yosys -qq -c synthesis/synth.tcl -l  ../work/aes_full_base/gadget_area/MSKg4mul_dom_d2//synth.log
VDEFINES="-DDEFAULTSHARES=2" SYNTH_TOP=MSKand_hpc3_cross_er RESDIR=../work/aes_full_base/gadget_area/MSKand_hpc3_cross_er_d2/ yosys -qq -c synthesis/synth.tcl -l  ../work/aes_full_base/gadget_area/MSKand_hpc3_cross_er_d2//synth.log
VDEFINES="-DDEFAULTSHARES=2" SYNTH_TOP=MSKand_hpc3o_swapped RESDIR=../work/aes_full_base/gadget_area/MSKand_hpc3o_swapped_d2/ yosys -qq -c synthesis/synth.tcl -l  ../work/aes_full_base/gadget_area/MSKand_hpc3o_swapped_d2//synth.log
VDEFINES="-DDEFAULTSHARES=2" SYNTH_TOP=MSKand_hpc2_swapped RESDIR=../work/aes_full_base/gadget_area/MSKand_hpc2_swapped_d2/ yosys -qq -c synthesis/synth.tcl -l  ../work/aes_full_base/gadget_area/MSKand_hpc2_swapped_d2//synth.log
VDEFINES="-DDEFAULTSHARES=2" SYNTH_TOP=MSKand_hpc3o RESDIR=../work/aes_full_base/gadget_area/MSKand_hpc3o_d2/ yosys -qq -c synthesis/synth.tcl -l  ../work/aes_full_base/gadget_area/MSKand_hpc3o_d2//synth.log
VDEFINES="-DDEFAULTSHARES=2" SYNTH_TOP=MSKand_hpc2o_swapped RESDIR=../work/aes_full_base/gadget_area/MSKand_hpc2o_swapped_d2/ yosys -qq -c synthesis/synth.tcl -l  ../work/aes_full_base/gadget_area/MSKand_hpc2o_swapped_d2//synth.log
VDEFINES="-DDEFAULTSHARES=2" SYNTH_TOP=MSKreg RESDIR=../work/aes_full_base/gadget_area/MSKreg_d2/ yosys -qq -c synthesis/synth.tcl -l  ../work/aes_full_base/gadget_area/MSKreg_d2//synth.log
VDEFINES="-DDEFAULTSHARES=2" SYNTH_TOP=MSKand_hpc2 RESDIR=../work/aes_full_base/gadget_area/MSKand_hpc2_d2/ yosys -qq -c synthesis/synth.tcl -l  ../work/aes_full_base/gadget_area/MSKand_hpc2_d2//synth.log
VDEFINES="-DDEFAULTSHARES=2" SYNTH_TOP=MSKand_dom RESDIR=../work/aes_full_base/gadget_area/MSKand_dom_d2/ yosys -qq -c synthesis/synth.tcl -l  ../work/aes_full_base/gadget_area/MSKand_dom_d2//synth.log
VDEFINES="-DDEFAULTSHARES=2" SYNTH_TOP=MSKand_ghpc RESDIR=../work/aes_full_base/gadget_area/MSKand_ghpc_d2/ yosys -qq -c synthesis/synth.tcl -l  ../work/aes_full_base/gadget_area/MSKand_ghpc_d2//synth.log
VDEFINES="-DDEFAULTSHARES=2" SYNTH_TOP=MSKg16mul_hpc1 RESDIR=../work/aes_full_base/gadget_area/MSKg16mul_hpc1_d2/ yosys -qq -c synthesis/synth.tcl -l  ../work/aes_full_base/gadget_area/MSKg16mul_hpc1_d2//synth.log
VDEFINES="-DDEFAULTSHARES=2" SYNTH_TOP=MSKscanReg RESDIR=../work/aes_full_base/gadget_area/MSKscanReg_d2/ yosys -qq -c synthesis/synth.tcl -l  ../work/aes_full_base/gadget_area/MSKscanReg_d2//synth.log
VDEFINES="-DDEFAULTSHARES=2" SYNTH_TOP=MSKand_hpc2_cross RESDIR=../work/aes_full_base/gadget_area/MSKand_hpc2_cross_d2/ yosys -qq -c synthesis/synth.tcl -l  ../work/aes_full_base/gadget_area/MSKand_hpc2_cross_d2//synth.log
VDEFINES="-DDEFAULTSHARES=2" SYNTH_TOP=MSKinv RESDIR=../work/aes_full_base/gadget_area/MSKinv_d2/ yosys -qq -c synthesis/synth.tcl -l  ../work/aes_full_base/gadget_area/MSKinv_d2//synth.log
VDEFINES="-DDEFAULTSHARES=2" SYNTH_TOP=MSKregEn RESDIR=../work/aes_full_base/gadget_area/MSKregEn_d2/ yosys -qq -c synthesis/synth.tcl -l  ../work/aes_full_base/gadget_area/MSKregEn_d2//synth.log
VDEFINES="-DDEFAULTSHARES=2" SYNTH_TOP=MSKand_hpc2o_cross RESDIR=../work/aes_full_base/gadget_area/MSKand_hpc2o_cross_d2/ yosys -qq -c synthesis/synth.tcl -l  ../work/aes_full_base/gadget_area/MSKand_hpc2o_cross_d2//synth.log
VDEFINES="-DDEFAULTSHARES=2" SYNTH_TOP=MSKand_ghpcll RESDIR=../work/aes_full_base/gadget_area/MSKand_ghpcll_d2/ yosys -qq -c synthesis/synth.tcl -l  ../work/aes_full_base/gadget_area/MSKand_ghpcll_d2//synth.log
VDEFINES="-DDEFAULTSHARES=2" SYNTH_TOP=MSKand_hpc3 RESDIR=../work/aes_full_base/gadget_area/MSKand_hpc3_d2/ yosys -qq -c synthesis/synth.tcl -l  ../work/aes_full_base/gadget_area/MSKand_hpc3_d2//synth.log
VDEFINES="-DDEFAULTSHARES=2" SYNTH_TOP=MSKg4mul_hpc1 RESDIR=../work/aes_full_base/gadget_area/MSKg4mul_hpc1_d2/ yosys -qq -c synthesis/synth.tcl -l  ../work/aes_full_base/gadget_area/MSKg4mul_hpc1_d2//synth.log
VDEFINES="-DDEFAULTSHARES=2" SYNTH_TOP=MSKxor RESDIR=../work/aes_full_base/gadget_area/MSKxor_d2/ yosys -qq -c synthesis/synth.tcl -l  ../work/aes_full_base/gadget_area/MSKxor_d2//synth.log
VDEFINES="-DDEFAULTSHARES=2" SYNTH_TOP=MSKand_hpc2o_cross_swapped RESDIR=../work/aes_full_base/gadget_area/MSKand_hpc2o_cross_swapped_d2/ yosys -qq -c synthesis/synth.tcl -l  ../work/aes_full_base/gadget_area/MSKand_hpc2o_cross_swapped_d2//synth.log
VDEFINES="-DDEFAULTSHARES=2" SYNTH_TOP=MSKxnor RESDIR=../work/aes_full_base/gadget_area/MSKxnor_d2/ yosys -qq -c synthesis/synth.tcl -l  ../work/aes_full_base/gadget_area/MSKxnor_d2//synth.log
VDEFINES="-DDEFAULTSHARES=2" SYNTH_TOP=MSKcst RESDIR=../work/aes_full_base/gadget_area/MSKcst_d2/ yosys -qq -c synthesis/synth.tcl -l  ../work/aes_full_base/gadget_area/MSKcst_d2//synth.log
VDEFINES="-DDEFAULTSHARES=2" SYNTH_TOP=MSKnor_hpc2 RESDIR=../work/aes_full_base/gadget_area/MSKnor_hpc2_d2/ yosys -qq -c synthesis/synth.tcl -l  ../work/aes_full_base/gadget_area/MSKnor_hpc2_d2//synth.log
VDEFINES="-DDEFAULTSHARES=2" SYNTH_TOP=MSKg16mul_hpc3 RESDIR=../work/aes_full_base/gadget_area/MSKg16mul_hpc3_d2/ yosys -qq -c synthesis/synth.tcl -l  ../work/aes_full_base/gadget_area/MSKg16mul_hpc3_d2//synth.log
VDEFINES="-DDEFAULTSHARES=2" SYNTH_TOP=MSKand_hpc3o_swapped_tof RESDIR=../work/aes_full_base/gadget_area/MSKand_hpc3o_swapped_tof_d2/ yosys -qq -c synthesis/synth.tcl -l  ../work/aes_full_base/gadget_area/MSKand_hpc3o_swapped_tof_d2//synth.log
VDEFINES="-DDEFAULTSHARES=2" SYNTH_TOP=MSKand_sharewise RESDIR=../work/aes_full_base/gadget_area/MSKand_sharewise_d2/ yosys -qq -c synthesis/synth.tcl -l  ../work/aes_full_base/gadget_area/MSKand_sharewise_d2//synth.log
VDEFINES="-DDEFAULTSHARES=2" SYNTH_TOP=MSKand_hpc2o RESDIR=../work/aes_full_base/gadget_area/MSKand_hpc2o_d2/ yosys -qq -c synthesis/synth.tcl -l  ../work/aes_full_base/gadget_area/MSKand_hpc2o_d2//synth.log
VDEFINES="-DDEFAULTSHARES=2" SYNTH_TOP=G4_mul RESDIR=../work/aes_full_base/gadget_area/G4_mul_d2/ yosys -qq -c synthesis/synth.tcl -l  ../work/aes_full_base/gadget_area/G4_mul_d2//synth.log
VDEFINES="-DDEFAULTSHARES=2" SYNTH_TOP=MSKand_hpc3o_tof RESDIR=../work/aes_full_base/gadget_area/MSKand_hpc3o_tof_d2/ yosys -qq -c synthesis/synth.tcl -l  ../work/aes_full_base/gadget_area/MSKand_hpc3o_tof_d2//synth.log
VDEFINES="-DDEFAULTSHARES=2" SYNTH_TOP=MSKref_sni RESDIR=../work/aes_full_base/gadget_area/MSKref_sni_d2/ yosys -qq -c synthesis/synth.tcl -l  ../work/aes_full_base/gadget_area/MSKref_sni_d2//synth.log
python3 scripts/summarize_gadget_area.py --outcsv=../work/aes_full_base/gadget_area/areas_d2.csv ../work/aes_full_base/gadget_area/MSKand_hpc2o_swapped_tof_d2/area.json ../work/aes_full_base/gadget_area/MSKand_hpc2_cross_swapped_d2/area.json ../work/aes_full_base/gadget_area/MSKg16mul_dom_d2/area.json ../work/aes_full_base/gadget_area/MSKand_hpc1_d2/area.json ../work/aes_full_base/gadget_area/MSKand_hpc2o_tof_d2/area.json ../work/aes_full_base/gadget_area/MSKg4mul_hpc3_d2/area.json ../work/aes_full_base/gadget_area/MSKmux_d2/area.json ../work/aes_full_base/gadget_area/MSKand_hpc3_cross_d2/area.json ../work/aes_full_base/gadget_area/G16_mul_d2/area.json ../work/aes_full_base/gadget_area/MSKand_hpc3_cross_er_swapped_d2/area.json ../work/aes_full_base/gadget_area/MSKg4mul_dom_d2/area.json ../work/aes_full_base/gadget_area/MSKand_hpc3_cross_er_d2/area.json ../work/aes_full_base/gadget_area/MSKand_hpc3o_swapped_d2/area.json ../work/aes_full_base/gadget_area/MSKand_hpc2_swapped_d2/area.json ../work/aes_full_base/gadget_area/MSKand_hpc3o_d2/area.json ../work/aes_full_base/gadget_area/MSKand_hpc2o_swapped_d2/area.json ../work/aes_full_base/gadget_area/MSKreg_d2/area.json ../work/aes_full_base/gadget_area/MSKand_hpc2_d2/area.json ../work/aes_full_base/gadget_area/MSKand_dom_d2/area.json ../work/aes_full_base/gadget_area/MSKand_ghpc_d2/area.json ../work/aes_full_base/gadget_area/MSKg16mul_hpc1_d2/area.json ../work/aes_full_base/gadget_area/MSKscanReg_d2/area.json ../work/aes_full_base/gadget_area/MSKand_hpc2_cross_d2/area.json ../work/aes_full_base/gadget_area/MSKinv_d2/area.json ../work/aes_full_base/gadget_area/MSKregEn_d2/area.json ../work/aes_full_base/gadget_area/MSKand_hpc2o_cross_d2/area.json ../work/aes_full_base/gadget_area/MSKand_ghpcll_d2/area.json ../work/aes_full_base/gadget_area/MSKand_hpc3_d2/area.json ../work/aes_full_base/gadget_area/MSKg4mul_hpc1_d2/area.json ../work/aes_full_base/gadget_area/MSKxor_d2/area.json ../work/aes_full_base/gadget_area/MSKand_hpc2o_cross_swapped_d2/area.json ../work/aes_full_base/gadget_area/MSKxnor_d2/area.json ../work/aes_full_base/gadget_area/MSKcst_d2/area.json ../work/aes_full_base/gadget_area/MSKnor_hpc2_d2/area.json ../work/aes_full_base/gadget_area/MSKg16mul_hpc3_d2/area.json ../work/aes_full_base/gadget_area/MSKand_hpc3o_swapped_tof_d2/area.json ../work/aes_full_base/gadget_area/MSKand_sharewise_d2/area.json ../work/aes_full_base/gadget_area/MSKand_hpc2o_d2/area.json ../work/aes_full_base/gadget_area/G4_mul_d2/area.json ../work/aes_full_base/gadget_area/MSKand_hpc3o_tof_d2/area.json ../work/aes_full_base/gadget_area/MSKref_sni_d2/area.json
python3 scripts/compress.py --num-shares 2 --latency=4 --circuit=circuits/aes_bp.txt --out=../work/aes_full_base/circuits/aes_bp_d2_l4/design.v --outh=../work/aes_full_base/circuits/aes_bp_d2_l4/design.vh --gadgets-area-csv=../work/aes_full_base/gadget_area/areas_d2.csv --rng-area-txt=../work/aes_full_base/rng_area/area_ge.txt --outstats=../work/aes_full_base/circuits/aes_bp_d2_l4//stats.json --outdump=../work/aes_full_base/circuits/aes_bp_d2_l4//compress_model.pkl --gadgets-config=gadget_library/gadgets_base.toml --time-limit 3600 > ../work/aes_full_base/circuits/aes_bp_d2_l4//compress.log
cp ../work/aes_full_base/circuits/aes_bp_d2_l4/design.v ../work/aes_full_base/circuits/aes_bp_d2_l4//aes_bp.v
cp ../work/aes_full_base/circuits/aes_bp_d2_l4/design.vh ../work/aes_full_base/circuits/aes_bp_d2_l4//aes_bp.vh
SYNTH_SRCS="gadget_library/BIN/*.v gadget_library/MSK/*.v gadget_library/RNG/trivium/*.v ../work/aes_full_base/circuits/aes_bp_d2_l4/design.v" SYNTH_TOP=aes_bp VDEFINES="-DDEFAULTSHARES=2" \
RESDIR=../work/aes_full_base/circuits/aes_bp_d2_l4/synth/ \
yosys -qq -c synthesis/synth.tcl -l  ../work/aes_full_base/circuits/aes_bp_d2_l4/synth//synth.log
python3 scripts/compress.py --num-shares 2 --latency=5 --circuit=circuits/aes_bp.txt --out=../work/aes_full_base/circuits/aes_bp_d2_l5/design.v --outh=../work/aes_full_base/circuits/aes_bp_d2_l5/design.vh --gadgets-area-csv=../work/aes_full_base/gadget_area/areas_d2.csv --rng-area-txt=../work/aes_full_base/rng_area/area_ge.txt --outstats=../work/aes_full_base/circuits/aes_bp_d2_l5//stats.json --outdump=../work/aes_full_base/circuits/aes_bp_d2_l5//compress_model.pkl --gadgets-config=gadget_library/gadgets_base.toml --time-limit 3600 > ../work/aes_full_base/circuits/aes_bp_d2_l5//compress.log
cp ../work/aes_full_base/circuits/aes_bp_d2_l5/design.v ../work/aes_full_base/circuits/aes_bp_d2_l5//aes_bp.v
cp ../work/aes_full_base/circuits/aes_bp_d2_l5/design.vh ../work/aes_full_base/circuits/aes_bp_d2_l5//aes_bp.vh
SYNTH_SRCS="gadget_library/BIN/*.v gadget_library/MSK/*.v gadget_library/RNG/trivium/*.v ../work/aes_full_base/circuits/aes_bp_d2_l5/design.v" SYNTH_TOP=aes_bp VDEFINES="-DDEFAULTSHARES=2" \
RESDIR=../work/aes_full_base/circuits/aes_bp_d2_l5/synth/ \
yosys -qq -c synthesis/synth.tcl -l  ../work/aes_full_base/circuits/aes_bp_d2_l5/synth//synth.log
python3 scripts/compress.py --num-shares 2 --latency=6 --circuit=circuits/aes_bp.txt --out=../work/aes_full_base/circuits/aes_bp_d2_l6/design.v --outh=../work/aes_full_base/circuits/aes_bp_d2_l6/design.vh --gadgets-area-csv=../work/aes_full_base/gadget_area/areas_d2.csv --rng-area-txt=../work/aes_full_base/rng_area/area_ge.txt --outstats=../work/aes_full_base/circuits/aes_bp_d2_l6//stats.json --outdump=../work/aes_full_base/circuits/aes_bp_d2_l6//compress_model.pkl --gadgets-config=gadget_library/gadgets_base.toml --time-limit 3600 > ../work/aes_full_base/circuits/aes_bp_d2_l6//compress.log
cp ../work/aes_full_base/circuits/aes_bp_d2_l6/design.v ../work/aes_full_base/circuits/aes_bp_d2_l6//aes_bp.v
cp ../work/aes_full_base/circuits/aes_bp_d2_l6/design.vh ../work/aes_full_base/circuits/aes_bp_d2_l6//aes_bp.vh
SYNTH_SRCS="gadget_library/BIN/*.v gadget_library/MSK/*.v gadget_library/RNG/trivium/*.v ../work/aes_full_base/circuits/aes_bp_d2_l6/design.v" SYNTH_TOP=aes_bp VDEFINES="-DDEFAULTSHARES=2" \
RESDIR=../work/aes_full_base/circuits/aes_bp_d2_l6/synth/ \
yosys -qq -c synthesis/synth.tcl -l  ../work/aes_full_base/circuits/aes_bp_d2_l6/synth//synth.log
VDEFINES="-DDEFAULTSHARES=3" SYNTH_TOP=MSKand_hpc2o_swapped_tof RESDIR=../work/aes_full_base/gadget_area/MSKand_hpc2o_swapped_tof_d3/ yosys -qq -c synthesis/synth.tcl -l  ../work/aes_full_base/gadget_area/MSKand_hpc2o_swapped_tof_d3//synth.log
VDEFINES="-DDEFAULTSHARES=3" SYNTH_TOP=MSKand_hpc2_cross_swapped RESDIR=../work/aes_full_base/gadget_area/MSKand_hpc2_cross_swapped_d3/ yosys -qq -c synthesis/synth.tcl -l  ../work/aes_full_base/gadget_area/MSKand_hpc2_cross_swapped_d3//synth.log
VDEFINES="-DDEFAULTSHARES=3" SYNTH_TOP=MSKg16mul_dom RESDIR=../work/aes_full_base/gadget_area/MSKg16mul_dom_d3/ yosys -qq -c synthesis/synth.tcl -l  ../work/aes_full_base/gadget_area/MSKg16mul_dom_d3//synth.log
VDEFINES="-DDEFAULTSHARES=3" SYNTH_TOP=MSKand_hpc1 RESDIR=../work/aes_full_base/gadget_area/MSKand_hpc1_d3/ yosys -qq -c synthesis/synth.tcl -l  ../work/aes_full_base/gadget_area/MSKand_hpc1_d3//synth.log
VDEFINES="-DDEFAULTSHARES=3" SYNTH_TOP=MSKand_hpc2o_tof RESDIR=../work/aes_full_base/gadget_area/MSKand_hpc2o_tof_d3/ yosys -qq -c synthesis/synth.tcl -l  ../work/aes_full_base/gadget_area/MSKand_hpc2o_tof_d3//synth.log
VDEFINES="-DDEFAULTSHARES=3" SYNTH_TOP=MSKg4mul_hpc3 RESDIR=../work/aes_full_base/gadget_area/MSKg4mul_hpc3_d3/ yosys -qq -c synthesis/synth.tcl -l  ../work/aes_full_base/gadget_area/MSKg4mul_hpc3_d3//synth.log
VDEFINES="-DDEFAULTSHARES=3" SYNTH_TOP=MSKmux RESDIR=../work/aes_full_base/gadget_area/MSKmux_d3/ yosys -qq -c synthesis/synth.tcl -l  ../work/aes_full_base/gadget_area/MSKmux_d3//synth.log
VDEFINES="-DDEFAULTSHARES=3" SYNTH_TOP=MSKand_hpc3_cross RESDIR=../work/aes_full_base/gadget_area/MSKand_hpc3_cross_d3/ yosys -qq -c synthesis/synth.tcl -l  ../work/aes_full_base/gadget_area/MSKand_hpc3_cross_d3//synth.log
VDEFINES="-DDEFAULTSHARES=3" SYNTH_TOP=G16_mul RESDIR=../work/aes_full_base/gadget_area/G16_mul_d3/ yosys -qq -c synthesis/synth.tcl -l  ../work/aes_full_base/gadget_area/G16_mul_d3//synth.log
VDEFINES="-DDEFAULTSHARES=3" SYNTH_TOP=MSKand_hpc3_cross_er_swapped RESDIR=../work/aes_full_base/gadget_area/MSKand_hpc3_cross_er_swapped_d3/ yosys -qq -c synthesis/synth.tcl -l  ../work/aes_full_base/gadget_area/MSKand_hpc3_cross_er_swapped_d3//synth.log
VDEFINES="-DDEFAULTSHARES=3" SYNTH_TOP=MSKg4mul_dom RESDIR=../work/aes_full_base/gadget_area/MSKg4mul_dom_d3/ yosys -qq -c synthesis/synth.tcl -l  ../work/aes_full_base/gadget_area/MSKg4mul_dom_d3//synth.log
VDEFINES="-DDEFAULTSHARES=3" SYNTH_TOP=MSKand_hpc3_cross_er RESDIR=../work/aes_full_base/gadget_area/MSKand_hpc3_cross_er_d3/ yosys -qq -c synthesis/synth.tcl -l  ../work/aes_full_base/gadget_area/MSKand_hpc3_cross_er_d3//synth.log
VDEFINES="-DDEFAULTSHARES=3" SYNTH_TOP=MSKand_hpc3o_swapped RESDIR=../work/aes_full_base/gadget_area/MSKand_hpc3o_swapped_d3/ yosys -qq -c synthesis/synth.tcl -l  ../work/aes_full_base/gadget_area/MSKand_hpc3o_swapped_d3//synth.log
VDEFINES="-DDEFAULTSHARES=3" SYNTH_TOP=MSKand_hpc2_swapped RESDIR=../work/aes_full_base/gadget_area/MSKand_hpc2_swapped_d3/ yosys -qq -c synthesis/synth.tcl -l  ../work/aes_full_base/gadget_area/MSKand_hpc2_swapped_d3//synth.log
VDEFINES="-DDEFAULTSHARES=3" SYNTH_TOP=MSKand_hpc3o RESDIR=../work/aes_full_base/gadget_area/MSKand_hpc3o_d3/ yosys -qq -c synthesis/synth.tcl -l  ../work/aes_full_base/gadget_area/MSKand_hpc3o_d3//synth.log
VDEFINES="-DDEFAULTSHARES=3" SYNTH_TOP=MSKand_hpc2o_swapped RESDIR=../work/aes_full_base/gadget_area/MSKand_hpc2o_swapped_d3/ yosys -qq -c synthesis/synth.tcl -l  ../work/aes_full_base/gadget_area/MSKand_hpc2o_swapped_d3//synth.log
VDEFINES="-DDEFAULTSHARES=3" SYNTH_TOP=MSKreg RESDIR=../work/aes_full_base/gadget_area/MSKreg_d3/ yosys -qq -c synthesis/synth.tcl -l  ../work/aes_full_base/gadget_area/MSKreg_d3//synth.log
VDEFINES="-DDEFAULTSHARES=3" SYNTH_TOP=MSKand_hpc2 RESDIR=../work/aes_full_base/gadget_area/MSKand_hpc2_d3/ yosys -qq -c synthesis/synth.tcl -l  ../work/aes_full_base/gadget_area/MSKand_hpc2_d3//synth.log
VDEFINES="-DDEFAULTSHARES=3" SYNTH_TOP=MSKand_dom RESDIR=../work/aes_full_base/gadget_area/MSKand_dom_d3/ yosys -qq -c synthesis/synth.tcl -l  ../work/aes_full_base/gadget_area/MSKand_dom_d3//synth.log
VDEFINES="-DDEFAULTSHARES=3" SYNTH_TOP=MSKand_ghpc RESDIR=../work/aes_full_base/gadget_area/MSKand_ghpc_d3/ yosys -qq -c synthesis/synth.tcl -l  ../work/aes_full_base/gadget_area/MSKand_ghpc_d3//synth.log
VDEFINES="-DDEFAULTSHARES=3" SYNTH_TOP=MSKg16mul_hpc1 RESDIR=../work/aes_full_base/gadget_area/MSKg16mul_hpc1_d3/ yosys -qq -c synthesis/synth.tcl -l  ../work/aes_full_base/gadget_area/MSKg16mul_hpc1_d3//synth.log
VDEFINES="-DDEFAULTSHARES=3" SYNTH_TOP=MSKscanReg RESDIR=../work/aes_full_base/gadget_area/MSKscanReg_d3/ yosys -qq -c synthesis/synth.tcl -l  ../work/aes_full_base/gadget_area/MSKscanReg_d3//synth.log
VDEFINES="-DDEFAULTSHARES=3" SYNTH_TOP=MSKand_hpc2_cross RESDIR=../work/aes_full_base/gadget_area/MSKand_hpc2_cross_d3/ yosys -qq -c synthesis/synth.tcl -l  ../work/aes_full_base/gadget_area/MSKand_hpc2_cross_d3//synth.log
VDEFINES="-DDEFAULTSHARES=3" SYNTH_TOP=MSKinv RESDIR=../work/aes_full_base/gadget_area/MSKinv_d3/ yosys -qq -c synthesis/synth.tcl -l  ../work/aes_full_base/gadget_area/MSKinv_d3//synth.log
VDEFINES="-DDEFAULTSHARES=3" SYNTH_TOP=MSKregEn RESDIR=../work/aes_full_base/gadget_area/MSKregEn_d3/ yosys -qq -c synthesis/synth.tcl -l  ../work/aes_full_base/gadget_area/MSKregEn_d3//synth.log
VDEFINES="-DDEFAULTSHARES=3" SYNTH_TOP=MSKand_hpc2o_cross RESDIR=../work/aes_full_base/gadget_area/MSKand_hpc2o_cross_d3/ yosys -qq -c synthesis/synth.tcl -l  ../work/aes_full_base/gadget_area/MSKand_hpc2o_cross_d3//synth.log
VDEFINES="-DDEFAULTSHARES=3" SYNTH_TOP=MSKand_ghpcll RESDIR=../work/aes_full_base/gadget_area/MSKand_ghpcll_d3/ yosys -qq -c synthesis/synth.tcl -l  ../work/aes_full_base/gadget_area/MSKand_ghpcll_d3//synth.log
VDEFINES="-DDEFAULTSHARES=3" SYNTH_TOP=MSKand_hpc3 RESDIR=../work/aes_full_base/gadget_area/MSKand_hpc3_d3/ yosys -qq -c synthesis/synth.tcl -l  ../work/aes_full_base/gadget_area/MSKand_hpc3_d3//synth.log
VDEFINES="-DDEFAULTSHARES=3" SYNTH_TOP=MSKg4mul_hpc1 RESDIR=../work/aes_full_base/gadget_area/MSKg4mul_hpc1_d3/ yosys -qq -c synthesis/synth.tcl -l  ../work/aes_full_base/gadget_area/MSKg4mul_hpc1_d3//synth.log
VDEFINES="-DDEFAULTSHARES=3" SYNTH_TOP=MSKxor RESDIR=../work/aes_full_base/gadget_area/MSKxor_d3/ yosys -qq -c synthesis/synth.tcl -l  ../work/aes_full_base/gadget_area/MSKxor_d3//synth.log
VDEFINES="-DDEFAULTSHARES=3" SYNTH_TOP=MSKand_hpc2o_cross_swapped RESDIR=../work/aes_full_base/gadget_area/MSKand_hpc2o_cross_swapped_d3/ yosys -qq -c synthesis/synth.tcl -l  ../work/aes_full_base/gadget_area/MSKand_hpc2o_cross_swapped_d3//synth.log
VDEFINES="-DDEFAULTSHARES=3" SYNTH_TOP=MSKxnor RESDIR=../work/aes_full_base/gadget_area/MSKxnor_d3/ yosys -qq -c synthesis/synth.tcl -l  ../work/aes_full_base/gadget_area/MSKxnor_d3//synth.log
VDEFINES="-DDEFAULTSHARES=3" SYNTH_TOP=MSKcst RESDIR=../work/aes_full_base/gadget_area/MSKcst_d3/ yosys -qq -c synthesis/synth.tcl -l  ../work/aes_full_base/gadget_area/MSKcst_d3//synth.log
VDEFINES="-DDEFAULTSHARES=3" SYNTH_TOP=MSKnor_hpc2 RESDIR=../work/aes_full_base/gadget_area/MSKnor_hpc2_d3/ yosys -qq -c synthesis/synth.tcl -l  ../work/aes_full_base/gadget_area/MSKnor_hpc2_d3//synth.log
VDEFINES="-DDEFAULTSHARES=3" SYNTH_TOP=MSKg16mul_hpc3 RESDIR=../work/aes_full_base/gadget_area/MSKg16mul_hpc3_d3/ yosys -qq -c synthesis/synth.tcl -l  ../work/aes_full_base/gadget_area/MSKg16mul_hpc3_d3//synth.log
VDEFINES="-DDEFAULTSHARES=3" SYNTH_TOP=MSKand_hpc3o_swapped_tof RESDIR=../work/aes_full_base/gadget_area/MSKand_hpc3o_swapped_tof_d3/ yosys -qq -c synthesis/synth.tcl -l  ../work/aes_full_base/gadget_area/MSKand_hpc3o_swapped_tof_d3//synth.log
VDEFINES="-DDEFAULTSHARES=3" SYNTH_TOP=MSKand_sharewise RESDIR=../work/aes_full_base/gadget_area/MSKand_sharewise_d3/ yosys -qq -c synthesis/synth.tcl -l  ../work/aes_full_base/gadget_area/MSKand_sharewise_d3//synth.log
VDEFINES="-DDEFAULTSHARES=3" SYNTH_TOP=MSKand_hpc2o RESDIR=../work/aes_full_base/gadget_area/MSKand_hpc2o_d3/ yosys -qq -c synthesis/synth.tcl -l  ../work/aes_full_base/gadget_area/MSKand_hpc2o_d3//synth.log
VDEFINES="-DDEFAULTSHARES=3" SYNTH_TOP=G4_mul RESDIR=../work/aes_full_base/gadget_area/G4_mul_d3/ yosys -qq -c synthesis/synth.tcl -l  ../work/aes_full_base/gadget_area/G4_mul_d3//synth.log
VDEFINES="-DDEFAULTSHARES=3" SYNTH_TOP=MSKand_hpc3o_tof RESDIR=../work/aes_full_base/gadget_area/MSKand_hpc3o_tof_d3/ yosys -qq -c synthesis/synth.tcl -l  ../work/aes_full_base/gadget_area/MSKand_hpc3o_tof_d3//synth.log
VDEFINES="-DDEFAULTSHARES=3" SYNTH_TOP=MSKref_sni RESDIR=../work/aes_full_base/gadget_area/MSKref_sni_d3/ yosys -qq -c synthesis/synth.tcl -l  ../work/aes_full_base/gadget_area/MSKref_sni_d3//synth.log
python3 scripts/summarize_gadget_area.py --outcsv=../work/aes_full_base/gadget_area/areas_d3.csv ../work/aes_full_base/gadget_area/MSKand_hpc2o_swapped_tof_d3/area.json ../work/aes_full_base/gadget_area/MSKand_hpc2_cross_swapped_d3/area.json ../work/aes_full_base/gadget_area/MSKg16mul_dom_d3/area.json ../work/aes_full_base/gadget_area/MSKand_hpc1_d3/area.json ../work/aes_full_base/gadget_area/MSKand_hpc2o_tof_d3/area.json ../work/aes_full_base/gadget_area/MSKg4mul_hpc3_d3/area.json ../work/aes_full_base/gadget_area/MSKmux_d3/area.json ../work/aes_full_base/gadget_area/MSKand_hpc3_cross_d3/area.json ../work/aes_full_base/gadget_area/G16_mul_d3/area.json ../work/aes_full_base/gadget_area/MSKand_hpc3_cross_er_swapped_d3/area.json ../work/aes_full_base/gadget_area/MSKg4mul_dom_d3/area.json ../work/aes_full_base/gadget_area/MSKand_hpc3_cross_er_d3/area.json ../work/aes_full_base/gadget_area/MSKand_hpc3o_swapped_d3/area.json ../work/aes_full_base/gadget_area/MSKand_hpc2_swapped_d3/area.json ../work/aes_full_base/gadget_area/MSKand_hpc3o_d3/area.json ../work/aes_full_base/gadget_area/MSKand_hpc2o_swapped_d3/area.json ../work/aes_full_base/gadget_area/MSKreg_d3/area.json ../work/aes_full_base/gadget_area/MSKand_hpc2_d3/area.json ../work/aes_full_base/gadget_area/MSKand_dom_d3/area.json ../work/aes_full_base/gadget_area/MSKand_ghpc_d3/area.json ../work/aes_full_base/gadget_area/MSKg16mul_hpc1_d3/area.json ../work/aes_full_base/gadget_area/MSKscanReg_d3/area.json ../work/aes_full_base/gadget_area/MSKand_hpc2_cross_d3/area.json ../work/aes_full_base/gadget_area/MSKinv_d3/area.json ../work/aes_full_base/gadget_area/MSKregEn_d3/area.json ../work/aes_full_base/gadget_area/MSKand_hpc2o_cross_d3/area.json ../work/aes_full_base/gadget_area/MSKand_ghpcll_d3/area.json ../work/aes_full_base/gadget_area/MSKand_hpc3_d3/area.json ../work/aes_full_base/gadget_area/MSKg4mul_hpc1_d3/area.json ../work/aes_full_base/gadget_area/MSKxor_d3/area.json ../work/aes_full_base/gadget_area/MSKand_hpc2o_cross_swapped_d3/area.json ../work/aes_full_base/gadget_area/MSKxnor_d3/area.json ../work/aes_full_base/gadget_area/MSKcst_d3/area.json ../work/aes_full_base/gadget_area/MSKnor_hpc2_d3/area.json ../work/aes_full_base/gadget_area/MSKg16mul_hpc3_d3/area.json ../work/aes_full_base/gadget_area/MSKand_hpc3o_swapped_tof_d3/area.json ../work/aes_full_base/gadget_area/MSKand_sharewise_d3/area.json ../work/aes_full_base/gadget_area/MSKand_hpc2o_d3/area.json ../work/aes_full_base/gadget_area/G4_mul_d3/area.json ../work/aes_full_base/gadget_area/MSKand_hpc3o_tof_d3/area.json ../work/aes_full_base/gadget_area/MSKref_sni_d3/area.json
python3 scripts/compress.py --num-shares 3 --latency=4 --circuit=circuits/aes_bp.txt --out=../work/aes_full_base/circuits/aes_bp_d3_l4/design.v --outh=../work/aes_full_base/circuits/aes_bp_d3_l4/design.vh --gadgets-area-csv=../work/aes_full_base/gadget_area/areas_d3.csv --rng-area-txt=../work/aes_full_base/rng_area/area_ge.txt --outstats=../work/aes_full_base/circuits/aes_bp_d3_l4//stats.json --outdump=../work/aes_full_base/circuits/aes_bp_d3_l4//compress_model.pkl --gadgets-config=gadget_library/gadgets_base.toml --time-limit 3600 > ../work/aes_full_base/circuits/aes_bp_d3_l4//compress.log
cp ../work/aes_full_base/circuits/aes_bp_d3_l4/design.v ../work/aes_full_base/circuits/aes_bp_d3_l4//aes_bp.v
cp ../work/aes_full_base/circuits/aes_bp_d3_l4/design.vh ../work/aes_full_base/circuits/aes_bp_d3_l4//aes_bp.vh
SYNTH_SRCS="gadget_library/BIN/*.v gadget_library/MSK/*.v gadget_library/RNG/trivium/*.v ../work/aes_full_base/circuits/aes_bp_d3_l4/design.v" SYNTH_TOP=aes_bp VDEFINES="-DDEFAULTSHARES=3" \
RESDIR=../work/aes_full_base/circuits/aes_bp_d3_l4/synth/ \
yosys -qq -c synthesis/synth.tcl -l  ../work/aes_full_base/circuits/aes_bp_d3_l4/synth//synth.log
python3 scripts/compress.py --num-shares 3 --latency=5 --circuit=circuits/aes_bp.txt --out=../work/aes_full_base/circuits/aes_bp_d3_l5/design.v --outh=../work/aes_full_base/circuits/aes_bp_d3_l5/design.vh --gadgets-area-csv=../work/aes_full_base/gadget_area/areas_d3.csv --rng-area-txt=../work/aes_full_base/rng_area/area_ge.txt --outstats=../work/aes_full_base/circuits/aes_bp_d3_l5//stats.json --outdump=../work/aes_full_base/circuits/aes_bp_d3_l5//compress_model.pkl --gadgets-config=gadget_library/gadgets_base.toml --time-limit 3600 > ../work/aes_full_base/circuits/aes_bp_d3_l5//compress.log
cp ../work/aes_full_base/circuits/aes_bp_d3_l5/design.v ../work/aes_full_base/circuits/aes_bp_d3_l5//aes_bp.v
cp ../work/aes_full_base/circuits/aes_bp_d3_l5/design.vh ../work/aes_full_base/circuits/aes_bp_d3_l5//aes_bp.vh
SYNTH_SRCS="gadget_library/BIN/*.v gadget_library/MSK/*.v gadget_library/RNG/trivium/*.v ../work/aes_full_base/circuits/aes_bp_d3_l5/design.v" SYNTH_TOP=aes_bp VDEFINES="-DDEFAULTSHARES=3" \
RESDIR=../work/aes_full_base/circuits/aes_bp_d3_l5/synth/ \
yosys -qq -c synthesis/synth.tcl -l  ../work/aes_full_base/circuits/aes_bp_d3_l5/synth//synth.log
python3 scripts/compress.py --num-shares 3 --latency=6 --circuit=circuits/aes_bp.txt --out=../work/aes_full_base/circuits/aes_bp_d3_l6/design.v --outh=../work/aes_full_base/circuits/aes_bp_d3_l6/design.vh --gadgets-area-csv=../work/aes_full_base/gadget_area/areas_d3.csv --rng-area-txt=../work/aes_full_base/rng_area/area_ge.txt --outstats=../work/aes_full_base/circuits/aes_bp_d3_l6//stats.json --outdump=../work/aes_full_base/circuits/aes_bp_d3_l6//compress_model.pkl --gadgets-config=gadget_library/gadgets_base.toml --time-limit 3600 > ../work/aes_full_base/circuits/aes_bp_d3_l6//compress.log
cp ../work/aes_full_base/circuits/aes_bp_d3_l6/design.v ../work/aes_full_base/circuits/aes_bp_d3_l6//aes_bp.v
cp ../work/aes_full_base/circuits/aes_bp_d3_l6/design.vh ../work/aes_full_base/circuits/aes_bp_d3_l6//aes_bp.vh
SYNTH_SRCS="gadget_library/BIN/*.v gadget_library/MSK/*.v gadget_library/RNG/trivium/*.v ../work/aes_full_base/circuits/aes_bp_d3_l6/design.v" SYNTH_TOP=aes_bp VDEFINES="-DDEFAULTSHARES=3" \
RESDIR=../work/aes_full_base/circuits/aes_bp_d3_l6/synth/ \
yosys -qq -c synthesis/synth.tcl -l  ../work/aes_full_base/circuits/aes_bp_d3_l6/synth//synth.log
VDEFINES="-DDEFAULTSHARES=4" SYNTH_TOP=MSKand_hpc2o_swapped_tof RESDIR=../work/aes_full_base/gadget_area/MSKand_hpc2o_swapped_tof_d4/ yosys -qq -c synthesis/synth.tcl -l  ../work/aes_full_base/gadget_area/MSKand_hpc2o_swapped_tof_d4//synth.log
VDEFINES="-DDEFAULTSHARES=4" SYNTH_TOP=MSKand_hpc2_cross_swapped RESDIR=../work/aes_full_base/gadget_area/MSKand_hpc2_cross_swapped_d4/ yosys -qq -c synthesis/synth.tcl -l  ../work/aes_full_base/gadget_area/MSKand_hpc2_cross_swapped_d4//synth.log
VDEFINES="-DDEFAULTSHARES=4" SYNTH_TOP=MSKg16mul_dom RESDIR=../work/aes_full_base/gadget_area/MSKg16mul_dom_d4/ yosys -qq -c synthesis/synth.tcl -l  ../work/aes_full_base/gadget_area/MSKg16mul_dom_d4//synth.log
VDEFINES="-DDEFAULTSHARES=4" SYNTH_TOP=MSKand_hpc1 RESDIR=../work/aes_full_base/gadget_area/MSKand_hpc1_d4/ yosys -qq -c synthesis/synth.tcl -l  ../work/aes_full_base/gadget_area/MSKand_hpc1_d4//synth.log
VDEFINES="-DDEFAULTSHARES=4" SYNTH_TOP=MSKand_hpc2o_tof RESDIR=../work/aes_full_base/gadget_area/MSKand_hpc2o_tof_d4/ yosys -qq -c synthesis/synth.tcl -l  ../work/aes_full_base/gadget_area/MSKand_hpc2o_tof_d4//synth.log
VDEFINES="-DDEFAULTSHARES=4" SYNTH_TOP=MSKg4mul_hpc3 RESDIR=../work/aes_full_base/gadget_area/MSKg4mul_hpc3_d4/ yosys -qq -c synthesis/synth.tcl -l  ../work/aes_full_base/gadget_area/MSKg4mul_hpc3_d4//synth.log
VDEFINES="-DDEFAULTSHARES=4" SYNTH_TOP=MSKmux RESDIR=../work/aes_full_base/gadget_area/MSKmux_d4/ yosys -qq -c synthesis/synth.tcl -l  ../work/aes_full_base/gadget_area/MSKmux_d4//synth.log
VDEFINES="-DDEFAULTSHARES=4" SYNTH_TOP=MSKand_hpc3_cross RESDIR=../work/aes_full_base/gadget_area/MSKand_hpc3_cross_d4/ yosys -qq -c synthesis/synth.tcl -l  ../work/aes_full_base/gadget_area/MSKand_hpc3_cross_d4//synth.log
VDEFINES="-DDEFAULTSHARES=4" SYNTH_TOP=G16_mul RESDIR=../work/aes_full_base/gadget_area/G16_mul_d4/ yosys -qq -c synthesis/synth.tcl -l  ../work/aes_full_base/gadget_area/G16_mul_d4//synth.log
VDEFINES="-DDEFAULTSHARES=4" SYNTH_TOP=MSKand_hpc3_cross_er_swapped RESDIR=../work/aes_full_base/gadget_area/MSKand_hpc3_cross_er_swapped_d4/ yosys -qq -c synthesis/synth.tcl -l  ../work/aes_full_base/gadget_area/MSKand_hpc3_cross_er_swapped_d4//synth.log
VDEFINES="-DDEFAULTSHARES=4" SYNTH_TOP=MSKg4mul_dom RESDIR=../work/aes_full_base/gadget_area/MSKg4mul_dom_d4/ yosys -qq -c synthesis/synth.tcl -l  ../work/aes_full_base/gadget_area/MSKg4mul_dom_d4//synth.log
VDEFINES="-DDEFAULTSHARES=4" SYNTH_TOP=MSKand_hpc3_cross_er RESDIR=../work/aes_full_base/gadget_area/MSKand_hpc3_cross_er_d4/ yosys -qq -c synthesis/synth.tcl -l  ../work/aes_full_base/gadget_area/MSKand_hpc3_cross_er_d4//synth.log
VDEFINES="-DDEFAULTSHARES=4" SYNTH_TOP=MSKand_hpc3o_swapped RESDIR=../work/aes_full_base/gadget_area/MSKand_hpc3o_swapped_d4/ yosys -qq -c synthesis/synth.tcl -l  ../work/aes_full_base/gadget_area/MSKand_hpc3o_swapped_d4//synth.log
VDEFINES="-DDEFAULTSHARES=4" SYNTH_TOP=MSKand_hpc2_swapped RESDIR=../work/aes_full_base/gadget_area/MSKand_hpc2_swapped_d4/ yosys -qq -c synthesis/synth.tcl -l  ../work/aes_full_base/gadget_area/MSKand_hpc2_swapped_d4//synth.log
VDEFINES="-DDEFAULTSHARES=4" SYNTH_TOP=MSKand_hpc3o RESDIR=../work/aes_full_base/gadget_area/MSKand_hpc3o_d4/ yosys -qq -c synthesis/synth.tcl -l  ../work/aes_full_base/gadget_area/MSKand_hpc3o_d4//synth.log
VDEFINES="-DDEFAULTSHARES=4" SYNTH_TOP=MSKand_hpc2o_swapped RESDIR=../work/aes_full_base/gadget_area/MSKand_hpc2o_swapped_d4/ yosys -qq -c synthesis/synth.tcl -l  ../work/aes_full_base/gadget_area/MSKand_hpc2o_swapped_d4//synth.log
VDEFINES="-DDEFAULTSHARES=4" SYNTH_TOP=MSKreg RESDIR=../work/aes_full_base/gadget_area/MSKreg_d4/ yosys -qq -c synthesis/synth.tcl -l  ../work/aes_full_base/gadget_area/MSKreg_d4//synth.log
VDEFINES="-DDEFAULTSHARES=4" SYNTH_TOP=MSKand_hpc2 RESDIR=../work/aes_full_base/gadget_area/MSKand_hpc2_d4/ yosys -qq -c synthesis/synth.tcl -l  ../work/aes_full_base/gadget_area/MSKand_hpc2_d4//synth.log
VDEFINES="-DDEFAULTSHARES=4" SYNTH_TOP=MSKand_dom RESDIR=../work/aes_full_base/gadget_area/MSKand_dom_d4/ yosys -qq -c synthesis/synth.tcl -l  ../work/aes_full_base/gadget_area/MSKand_dom_d4//synth.log
VDEFINES="-DDEFAULTSHARES=4" SYNTH_TOP=MSKand_ghpc RESDIR=../work/aes_full_base/gadget_area/MSKand_ghpc_d4/ yosys -qq -c synthesis/synth.tcl -l  ../work/aes_full_base/gadget_area/MSKand_ghpc_d4//synth.log
VDEFINES="-DDEFAULTSHARES=4" SYNTH_TOP=MSKg16mul_hpc1 RESDIR=../work/aes_full_base/gadget_area/MSKg16mul_hpc1_d4/ yosys -qq -c synthesis/synth.tcl -l  ../work/aes_full_base/gadget_area/MSKg16mul_hpc1_d4//synth.log
VDEFINES="-DDEFAULTSHARES=4" SYNTH_TOP=MSKscanReg RESDIR=../work/aes_full_base/gadget_area/MSKscanReg_d4/ yosys -qq -c synthesis/synth.tcl -l  ../work/aes_full_base/gadget_area/MSKscanReg_d4//synth.log
VDEFINES="-DDEFAULTSHARES=4" SYNTH_TOP=MSKand_hpc2_cross RESDIR=../work/aes_full_base/gadget_area/MSKand_hpc2_cross_d4/ yosys -qq -c synthesis/synth.tcl -l  ../work/aes_full_base/gadget_area/MSKand_hpc2_cross_d4//synth.log
VDEFINES="-DDEFAULTSHARES=4" SYNTH_TOP=MSKinv RESDIR=../work/aes_full_base/gadget_area/MSKinv_d4/ yosys -qq -c synthesis/synth.tcl -l  ../work/aes_full_base/gadget_area/MSKinv_d4//synth.log
VDEFINES="-DDEFAULTSHARES=4" SYNTH_TOP=MSKregEn RESDIR=../work/aes_full_base/gadget_area/MSKregEn_d4/ yosys -qq -c synthesis/synth.tcl -l  ../work/aes_full_base/gadget_area/MSKregEn_d4//synth.log
VDEFINES="-DDEFAULTSHARES=4" SYNTH_TOP=MSKand_hpc2o_cross RESDIR=../work/aes_full_base/gadget_area/MSKand_hpc2o_cross_d4/ yosys -qq -c synthesis/synth.tcl -l  ../work/aes_full_base/gadget_area/MSKand_hpc2o_cross_d4//synth.log
VDEFINES="-DDEFAULTSHARES=4" SYNTH_TOP=MSKand_ghpcll RESDIR=../work/aes_full_base/gadget_area/MSKand_ghpcll_d4/ yosys -qq -c synthesis/synth.tcl -l  ../work/aes_full_base/gadget_area/MSKand_ghpcll_d4//synth.log
VDEFINES="-DDEFAULTSHARES=4" SYNTH_TOP=MSKand_hpc3 RESDIR=../work/aes_full_base/gadget_area/MSKand_hpc3_d4/ yosys -qq -c synthesis/synth.tcl -l  ../work/aes_full_base/gadget_area/MSKand_hpc3_d4//synth.log
VDEFINES="-DDEFAULTSHARES=4" SYNTH_TOP=MSKg4mul_hpc1 RESDIR=../work/aes_full_base/gadget_area/MSKg4mul_hpc1_d4/ yosys -qq -c synthesis/synth.tcl -l  ../work/aes_full_base/gadget_area/MSKg4mul_hpc1_d4//synth.log
VDEFINES="-DDEFAULTSHARES=4" SYNTH_TOP=MSKxor RESDIR=../work/aes_full_base/gadget_area/MSKxor_d4/ yosys -qq -c synthesis/synth.tcl -l  ../work/aes_full_base/gadget_area/MSKxor_d4//synth.log
VDEFINES="-DDEFAULTSHARES=4" SYNTH_TOP=MSKand_hpc2o_cross_swapped RESDIR=../work/aes_full_base/gadget_area/MSKand_hpc2o_cross_swapped_d4/ yosys -qq -c synthesis/synth.tcl -l  ../work/aes_full_base/gadget_area/MSKand_hpc2o_cross_swapped_d4//synth.log
VDEFINES="-DDEFAULTSHARES=4" SYNTH_TOP=MSKxnor RESDIR=../work/aes_full_base/gadget_area/MSKxnor_d4/ yosys -qq -c synthesis/synth.tcl -l  ../work/aes_full_base/gadget_area/MSKxnor_d4//synth.log
VDEFINES="-DDEFAULTSHARES=4" SYNTH_TOP=MSKcst RESDIR=../work/aes_full_base/gadget_area/MSKcst_d4/ yosys -qq -c synthesis/synth.tcl -l  ../work/aes_full_base/gadget_area/MSKcst_d4//synth.log
VDEFINES="-DDEFAULTSHARES=4" SYNTH_TOP=MSKnor_hpc2 RESDIR=../work/aes_full_base/gadget_area/MSKnor_hpc2_d4/ yosys -qq -c synthesis/synth.tcl -l  ../work/aes_full_base/gadget_area/MSKnor_hpc2_d4//synth.log
VDEFINES="-DDEFAULTSHARES=4" SYNTH_TOP=MSKg16mul_hpc3 RESDIR=../work/aes_full_base/gadget_area/MSKg16mul_hpc3_d4/ yosys -qq -c synthesis/synth.tcl -l  ../work/aes_full_base/gadget_area/MSKg16mul_hpc3_d4//synth.log
VDEFINES="-DDEFAULTSHARES=4" SYNTH_TOP=MSKand_hpc3o_swapped_tof RESDIR=../work/aes_full_base/gadget_area/MSKand_hpc3o_swapped_tof_d4/ yosys -qq -c synthesis/synth.tcl -l  ../work/aes_full_base/gadget_area/MSKand_hpc3o_swapped_tof_d4//synth.log
VDEFINES="-DDEFAULTSHARES=4" SYNTH_TOP=MSKand_sharewise RESDIR=../work/aes_full_base/gadget_area/MSKand_sharewise_d4/ yosys -qq -c synthesis/synth.tcl -l  ../work/aes_full_base/gadget_area/MSKand_sharewise_d4//synth.log
VDEFINES="-DDEFAULTSHARES=4" SYNTH_TOP=MSKand_hpc2o RESDIR=../work/aes_full_base/gadget_area/MSKand_hpc2o_d4/ yosys -qq -c synthesis/synth.tcl -l  ../work/aes_full_base/gadget_area/MSKand_hpc2o_d4//synth.log
VDEFINES="-DDEFAULTSHARES=4" SYNTH_TOP=G4_mul RESDIR=../work/aes_full_base/gadget_area/G4_mul_d4/ yosys -qq -c synthesis/synth.tcl -l  ../work/aes_full_base/gadget_area/G4_mul_d4//synth.log
VDEFINES="-DDEFAULTSHARES=4" SYNTH_TOP=MSKand_hpc3o_tof RESDIR=../work/aes_full_base/gadget_area/MSKand_hpc3o_tof_d4/ yosys -qq -c synthesis/synth.tcl -l  ../work/aes_full_base/gadget_area/MSKand_hpc3o_tof_d4//synth.log
VDEFINES="-DDEFAULTSHARES=4" SYNTH_TOP=MSKref_sni RESDIR=../work/aes_full_base/gadget_area/MSKref_sni_d4/ yosys -qq -c synthesis/synth.tcl -l  ../work/aes_full_base/gadget_area/MSKref_sni_d4//synth.log
python3 scripts/summarize_gadget_area.py --outcsv=../work/aes_full_base/gadget_area/areas_d4.csv ../work/aes_full_base/gadget_area/MSKand_hpc2o_swapped_tof_d4/area.json ../work/aes_full_base/gadget_area/MSKand_hpc2_cross_swapped_d4/area.json ../work/aes_full_base/gadget_area/MSKg16mul_dom_d4/area.json ../work/aes_full_base/gadget_area/MSKand_hpc1_d4/area.json ../work/aes_full_base/gadget_area/MSKand_hpc2o_tof_d4/area.json ../work/aes_full_base/gadget_area/MSKg4mul_hpc3_d4/area.json ../work/aes_full_base/gadget_area/MSKmux_d4/area.json ../work/aes_full_base/gadget_area/MSKand_hpc3_cross_d4/area.json ../work/aes_full_base/gadget_area/G16_mul_d4/area.json ../work/aes_full_base/gadget_area/MSKand_hpc3_cross_er_swapped_d4/area.json ../work/aes_full_base/gadget_area/MSKg4mul_dom_d4/area.json ../work/aes_full_base/gadget_area/MSKand_hpc3_cross_er_d4/area.json ../work/aes_full_base/gadget_area/MSKand_hpc3o_swapped_d4/area.json ../work/aes_full_base/gadget_area/MSKand_hpc2_swapped_d4/area.json ../work/aes_full_base/gadget_area/MSKand_hpc3o_d4/area.json ../work/aes_full_base/gadget_area/MSKand_hpc2o_swapped_d4/area.json ../work/aes_full_base/gadget_area/MSKreg_d4/area.json ../work/aes_full_base/gadget_area/MSKand_hpc2_d4/area.json ../work/aes_full_base/gadget_area/MSKand_dom_d4/area.json ../work/aes_full_base/gadget_area/MSKand_ghpc_d4/area.json ../work/aes_full_base/gadget_area/MSKg16mul_hpc1_d4/area.json ../work/aes_full_base/gadget_area/MSKscanReg_d4/area.json ../work/aes_full_base/gadget_area/MSKand_hpc2_cross_d4/area.json ../work/aes_full_base/gadget_area/MSKinv_d4/area.json ../work/aes_full_base/gadget_area/MSKregEn_d4/area.json ../work/aes_full_base/gadget_area/MSKand_hpc2o_cross_d4/area.json ../work/aes_full_base/gadget_area/MSKand_ghpcll_d4/area.json ../work/aes_full_base/gadget_area/MSKand_hpc3_d4/area.json ../work/aes_full_base/gadget_area/MSKg4mul_hpc1_d4/area.json ../work/aes_full_base/gadget_area/MSKxor_d4/area.json ../work/aes_full_base/gadget_area/MSKand_hpc2o_cross_swapped_d4/area.json ../work/aes_full_base/gadget_area/MSKxnor_d4/area.json ../work/aes_full_base/gadget_area/MSKcst_d4/area.json ../work/aes_full_base/gadget_area/MSKnor_hpc2_d4/area.json ../work/aes_full_base/gadget_area/MSKg16mul_hpc3_d4/area.json ../work/aes_full_base/gadget_area/MSKand_hpc3o_swapped_tof_d4/area.json ../work/aes_full_base/gadget_area/MSKand_sharewise_d4/area.json ../work/aes_full_base/gadget_area/MSKand_hpc2o_d4/area.json ../work/aes_full_base/gadget_area/G4_mul_d4/area.json ../work/aes_full_base/gadget_area/MSKand_hpc3o_tof_d4/area.json ../work/aes_full_base/gadget_area/MSKref_sni_d4/area.json
python3 scripts/compress.py --num-shares 4 --latency=4 --circuit=circuits/aes_bp.txt --out=../work/aes_full_base/circuits/aes_bp_d4_l4/design.v --outh=../work/aes_full_base/circuits/aes_bp_d4_l4/design.vh --gadgets-area-csv=../work/aes_full_base/gadget_area/areas_d4.csv --rng-area-txt=../work/aes_full_base/rng_area/area_ge.txt --outstats=../work/aes_full_base/circuits/aes_bp_d4_l4//stats.json --outdump=../work/aes_full_base/circuits/aes_bp_d4_l4//compress_model.pkl --gadgets-config=gadget_library/gadgets_base.toml --time-limit 3600 > ../work/aes_full_base/circuits/aes_bp_d4_l4//compress.log
cp ../work/aes_full_base/circuits/aes_bp_d4_l4/design.v ../work/aes_full_base/circuits/aes_bp_d4_l4//aes_bp.v
cp ../work/aes_full_base/circuits/aes_bp_d4_l4/design.vh ../work/aes_full_base/circuits/aes_bp_d4_l4//aes_bp.vh
SYNTH_SRCS="gadget_library/BIN/*.v gadget_library/MSK/*.v gadget_library/RNG/trivium/*.v ../work/aes_full_base/circuits/aes_bp_d4_l4/design.v" SYNTH_TOP=aes_bp VDEFINES="-DDEFAULTSHARES=4" \
RESDIR=../work/aes_full_base/circuits/aes_bp_d4_l4/synth/ \
yosys -qq -c synthesis/synth.tcl -l  ../work/aes_full_base/circuits/aes_bp_d4_l4/synth//synth.log
python3 scripts/compress.py --num-shares 4 --latency=5 --circuit=circuits/aes_bp.txt --out=../work/aes_full_base/circuits/aes_bp_d4_l5/design.v --outh=../work/aes_full_base/circuits/aes_bp_d4_l5/design.vh --gadgets-area-csv=../work/aes_full_base/gadget_area/areas_d4.csv --rng-area-txt=../work/aes_full_base/rng_area/area_ge.txt --outstats=../work/aes_full_base/circuits/aes_bp_d4_l5//stats.json --outdump=../work/aes_full_base/circuits/aes_bp_d4_l5//compress_model.pkl --gadgets-config=gadget_library/gadgets_base.toml --time-limit 3600 > ../work/aes_full_base/circuits/aes_bp_d4_l5//compress.log
cp ../work/aes_full_base/circuits/aes_bp_d4_l5/design.v ../work/aes_full_base/circuits/aes_bp_d4_l5//aes_bp.v
cp ../work/aes_full_base/circuits/aes_bp_d4_l5/design.vh ../work/aes_full_base/circuits/aes_bp_d4_l5//aes_bp.vh
SYNTH_SRCS="gadget_library/BIN/*.v gadget_library/MSK/*.v gadget_library/RNG/trivium/*.v ../work/aes_full_base/circuits/aes_bp_d4_l5/design.v" SYNTH_TOP=aes_bp VDEFINES="-DDEFAULTSHARES=4" \
RESDIR=../work/aes_full_base/circuits/aes_bp_d4_l5/synth/ \
yosys -qq -c synthesis/synth.tcl -l  ../work/aes_full_base/circuits/aes_bp_d4_l5/synth//synth.log
python3 scripts/compress.py --num-shares 4 --latency=6 --circuit=circuits/aes_bp.txt --out=../work/aes_full_base/circuits/aes_bp_d4_l6/design.v --outh=../work/aes_full_base/circuits/aes_bp_d4_l6/design.vh --gadgets-area-csv=../work/aes_full_base/gadget_area/areas_d4.csv --rng-area-txt=../work/aes_full_base/rng_area/area_ge.txt --outstats=../work/aes_full_base/circuits/aes_bp_d4_l6//stats.json --outdump=../work/aes_full_base/circuits/aes_bp_d4_l6//compress_model.pkl --gadgets-config=gadget_library/gadgets_base.toml --time-limit 3600 > ../work/aes_full_base/circuits/aes_bp_d4_l6//compress.log
cp ../work/aes_full_base/circuits/aes_bp_d4_l6/design.v ../work/aes_full_base/circuits/aes_bp_d4_l6//aes_bp.v
cp ../work/aes_full_base/circuits/aes_bp_d4_l6/design.vh ../work/aes_full_base/circuits/aes_bp_d4_l6//aes_bp.vh
SYNTH_SRCS="gadget_library/BIN/*.v gadget_library/MSK/*.v gadget_library/RNG/trivium/*.v ../work/aes_full_base/circuits/aes_bp_d4_l6/design.v" SYNTH_TOP=aes_bp VDEFINES="-DDEFAULTSHARES=4" \
RESDIR=../work/aes_full_base/circuits/aes_bp_d4_l6/synth/ \
yosys -qq -c synthesis/synth.tcl -l  ../work/aes_full_base/circuits/aes_bp_d4_l6/synth//synth.log
VDEFINES="-DDEFAULTSHARES=5" SYNTH_TOP=MSKand_hpc2o_swapped_tof RESDIR=../work/aes_full_base/gadget_area/MSKand_hpc2o_swapped_tof_d5/ yosys -qq -c synthesis/synth.tcl -l  ../work/aes_full_base/gadget_area/MSKand_hpc2o_swapped_tof_d5//synth.log
VDEFINES="-DDEFAULTSHARES=5" SYNTH_TOP=MSKand_hpc2_cross_swapped RESDIR=../work/aes_full_base/gadget_area/MSKand_hpc2_cross_swapped_d5/ yosys -qq -c synthesis/synth.tcl -l  ../work/aes_full_base/gadget_area/MSKand_hpc2_cross_swapped_d5//synth.log
VDEFINES="-DDEFAULTSHARES=5" SYNTH_TOP=MSKg16mul_dom RESDIR=../work/aes_full_base/gadget_area/MSKg16mul_dom_d5/ yosys -qq -c synthesis/synth.tcl -l  ../work/aes_full_base/gadget_area/MSKg16mul_dom_d5//synth.log
VDEFINES="-DDEFAULTSHARES=5" SYNTH_TOP=MSKand_hpc1 RESDIR=../work/aes_full_base/gadget_area/MSKand_hpc1_d5/ yosys -qq -c synthesis/synth.tcl -l  ../work/aes_full_base/gadget_area/MSKand_hpc1_d5//synth.log
VDEFINES="-DDEFAULTSHARES=5" SYNTH_TOP=MSKand_hpc2o_tof RESDIR=../work/aes_full_base/gadget_area/MSKand_hpc2o_tof_d5/ yosys -qq -c synthesis/synth.tcl -l  ../work/aes_full_base/gadget_area/MSKand_hpc2o_tof_d5//synth.log
VDEFINES="-DDEFAULTSHARES=5" SYNTH_TOP=MSKg4mul_hpc3 RESDIR=../work/aes_full_base/gadget_area/MSKg4mul_hpc3_d5/ yosys -qq -c synthesis/synth.tcl -l  ../work/aes_full_base/gadget_area/MSKg4mul_hpc3_d5//synth.log
VDEFINES="-DDEFAULTSHARES=5" SYNTH_TOP=MSKmux RESDIR=../work/aes_full_base/gadget_area/MSKmux_d5/ yosys -qq -c synthesis/synth.tcl -l  ../work/aes_full_base/gadget_area/MSKmux_d5//synth.log
VDEFINES="-DDEFAULTSHARES=5" SYNTH_TOP=MSKand_hpc3_cross RESDIR=../work/aes_full_base/gadget_area/MSKand_hpc3_cross_d5/ yosys -qq -c synthesis/synth.tcl -l  ../work/aes_full_base/gadget_area/MSKand_hpc3_cross_d5//synth.log
VDEFINES="-DDEFAULTSHARES=5" SYNTH_TOP=G16_mul RESDIR=../work/aes_full_base/gadget_area/G16_mul_d5/ yosys -qq -c synthesis/synth.tcl -l  ../work/aes_full_base/gadget_area/G16_mul_d5//synth.log
VDEFINES="-DDEFAULTSHARES=5" SYNTH_TOP=MSKand_hpc3_cross_er_swapped RESDIR=../work/aes_full_base/gadget_area/MSKand_hpc3_cross_er_swapped_d5/ yosys -qq -c synthesis/synth.tcl -l  ../work/aes_full_base/gadget_area/MSKand_hpc3_cross_er_swapped_d5//synth.log
VDEFINES="-DDEFAULTSHARES=5" SYNTH_TOP=MSKg4mul_dom RESDIR=../work/aes_full_base/gadget_area/MSKg4mul_dom_d5/ yosys -qq -c synthesis/synth.tcl -l  ../work/aes_full_base/gadget_area/MSKg4mul_dom_d5//synth.log
VDEFINES="-DDEFAULTSHARES=5" SYNTH_TOP=MSKand_hpc3_cross_er RESDIR=../work/aes_full_base/gadget_area/MSKand_hpc3_cross_er_d5/ yosys -qq -c synthesis/synth.tcl -l  ../work/aes_full_base/gadget_area/MSKand_hpc3_cross_er_d5//synth.log
VDEFINES="-DDEFAULTSHARES=5" SYNTH_TOP=MSKand_hpc3o_swapped RESDIR=../work/aes_full_base/gadget_area/MSKand_hpc3o_swapped_d5/ yosys -qq -c synthesis/synth.tcl -l  ../work/aes_full_base/gadget_area/MSKand_hpc3o_swapped_d5//synth.log
VDEFINES="-DDEFAULTSHARES=5" SYNTH_TOP=MSKand_hpc2_swapped RESDIR=../work/aes_full_base/gadget_area/MSKand_hpc2_swapped_d5/ yosys -qq -c synthesis/synth.tcl -l  ../work/aes_full_base/gadget_area/MSKand_hpc2_swapped_d5//synth.log
VDEFINES="-DDEFAULTSHARES=5" SYNTH_TOP=MSKand_hpc3o RESDIR=../work/aes_full_base/gadget_area/MSKand_hpc3o_d5/ yosys -qq -c synthesis/synth.tcl -l  ../work/aes_full_base/gadget_area/MSKand_hpc3o_d5//synth.log
VDEFINES="-DDEFAULTSHARES=5" SYNTH_TOP=MSKand_hpc2o_swapped RESDIR=../work/aes_full_base/gadget_area/MSKand_hpc2o_swapped_d5/ yosys -qq -c synthesis/synth.tcl -l  ../work/aes_full_base/gadget_area/MSKand_hpc2o_swapped_d5//synth.log
VDEFINES="-DDEFAULTSHARES=5" SYNTH_TOP=MSKreg RESDIR=../work/aes_full_base/gadget_area/MSKreg_d5/ yosys -qq -c synthesis/synth.tcl -l  ../work/aes_full_base/gadget_area/MSKreg_d5//synth.log
VDEFINES="-DDEFAULTSHARES=5" SYNTH_TOP=MSKand_hpc2 RESDIR=../work/aes_full_base/gadget_area/MSKand_hpc2_d5/ yosys -qq -c synthesis/synth.tcl -l  ../work/aes_full_base/gadget_area/MSKand_hpc2_d5//synth.log
VDEFINES="-DDEFAULTSHARES=5" SYNTH_TOP=MSKand_dom RESDIR=../work/aes_full_base/gadget_area/MSKand_dom_d5/ yosys -qq -c synthesis/synth.tcl -l  ../work/aes_full_base/gadget_area/MSKand_dom_d5//synth.log
VDEFINES="-DDEFAULTSHARES=5" SYNTH_TOP=MSKand_ghpc RESDIR=../work/aes_full_base/gadget_area/MSKand_ghpc_d5/ yosys -qq -c synthesis/synth.tcl -l  ../work/aes_full_base/gadget_area/MSKand_ghpc_d5//synth.log
VDEFINES="-DDEFAULTSHARES=5" SYNTH_TOP=MSKg16mul_hpc1 RESDIR=../work/aes_full_base/gadget_area/MSKg16mul_hpc1_d5/ yosys -qq -c synthesis/synth.tcl -l  ../work/aes_full_base/gadget_area/MSKg16mul_hpc1_d5//synth.log
VDEFINES="-DDEFAULTSHARES=5" SYNTH_TOP=MSKscanReg RESDIR=../work/aes_full_base/gadget_area/MSKscanReg_d5/ yosys -qq -c synthesis/synth.tcl -l  ../work/aes_full_base/gadget_area/MSKscanReg_d5//synth.log
VDEFINES="-DDEFAULTSHARES=5" SYNTH_TOP=MSKand_hpc2_cross RESDIR=../work/aes_full_base/gadget_area/MSKand_hpc2_cross_d5/ yosys -qq -c synthesis/synth.tcl -l  ../work/aes_full_base/gadget_area/MSKand_hpc2_cross_d5//synth.log
VDEFINES="-DDEFAULTSHARES=5" SYNTH_TOP=MSKinv RESDIR=../work/aes_full_base/gadget_area/MSKinv_d5/ yosys -qq -c synthesis/synth.tcl -l  ../work/aes_full_base/gadget_area/MSKinv_d5//synth.log
VDEFINES="-DDEFAULTSHARES=5" SYNTH_TOP=MSKregEn RESDIR=../work/aes_full_base/gadget_area/MSKregEn_d5/ yosys -qq -c synthesis/synth.tcl -l  ../work/aes_full_base/gadget_area/MSKregEn_d5//synth.log
VDEFINES="-DDEFAULTSHARES=5" SYNTH_TOP=MSKand_hpc2o_cross RESDIR=../work/aes_full_base/gadget_area/MSKand_hpc2o_cross_d5/ yosys -qq -c synthesis/synth.tcl -l  ../work/aes_full_base/gadget_area/MSKand_hpc2o_cross_d5//synth.log
VDEFINES="-DDEFAULTSHARES=5" SYNTH_TOP=MSKand_ghpcll RESDIR=../work/aes_full_base/gadget_area/MSKand_ghpcll_d5/ yosys -qq -c synthesis/synth.tcl -l  ../work/aes_full_base/gadget_area/MSKand_ghpcll_d5//synth.log
VDEFINES="-DDEFAULTSHARES=5" SYNTH_TOP=MSKand_hpc3 RESDIR=../work/aes_full_base/gadget_area/MSKand_hpc3_d5/ yosys -qq -c synthesis/synth.tcl -l  ../work/aes_full_base/gadget_area/MSKand_hpc3_d5//synth.log
VDEFINES="-DDEFAULTSHARES=5" SYNTH_TOP=MSKg4mul_hpc1 RESDIR=../work/aes_full_base/gadget_area/MSKg4mul_hpc1_d5/ yosys -qq -c synthesis/synth.tcl -l  ../work/aes_full_base/gadget_area/MSKg4mul_hpc1_d5//synth.log
VDEFINES="-DDEFAULTSHARES=5" SYNTH_TOP=MSKxor RESDIR=../work/aes_full_base/gadget_area/MSKxor_d5/ yosys -qq -c synthesis/synth.tcl -l  ../work/aes_full_base/gadget_area/MSKxor_d5//synth.log
VDEFINES="-DDEFAULTSHARES=5" SYNTH_TOP=MSKand_hpc2o_cross_swapped RESDIR=../work/aes_full_base/gadget_area/MSKand_hpc2o_cross_swapped_d5/ yosys -qq -c synthesis/synth.tcl -l  ../work/aes_full_base/gadget_area/MSKand_hpc2o_cross_swapped_d5//synth.log
VDEFINES="-DDEFAULTSHARES=5" SYNTH_TOP=MSKxnor RESDIR=../work/aes_full_base/gadget_area/MSKxnor_d5/ yosys -qq -c synthesis/synth.tcl -l  ../work/aes_full_base/gadget_area/MSKxnor_d5//synth.log
VDEFINES="-DDEFAULTSHARES=5" SYNTH_TOP=MSKcst RESDIR=../work/aes_full_base/gadget_area/MSKcst_d5/ yosys -qq -c synthesis/synth.tcl -l  ../work/aes_full_base/gadget_area/MSKcst_d5//synth.log
VDEFINES="-DDEFAULTSHARES=5" SYNTH_TOP=MSKnor_hpc2 RESDIR=../work/aes_full_base/gadget_area/MSKnor_hpc2_d5/ yosys -qq -c synthesis/synth.tcl -l  ../work/aes_full_base/gadget_area/MSKnor_hpc2_d5//synth.log
VDEFINES="-DDEFAULTSHARES=5" SYNTH_TOP=MSKg16mul_hpc3 RESDIR=../work/aes_full_base/gadget_area/MSKg16mul_hpc3_d5/ yosys -qq -c synthesis/synth.tcl -l  ../work/aes_full_base/gadget_area/MSKg16mul_hpc3_d5//synth.log
VDEFINES="-DDEFAULTSHARES=5" SYNTH_TOP=MSKand_hpc3o_swapped_tof RESDIR=../work/aes_full_base/gadget_area/MSKand_hpc3o_swapped_tof_d5/ yosys -qq -c synthesis/synth.tcl -l  ../work/aes_full_base/gadget_area/MSKand_hpc3o_swapped_tof_d5//synth.log
VDEFINES="-DDEFAULTSHARES=5" SYNTH_TOP=MSKand_sharewise RESDIR=../work/aes_full_base/gadget_area/MSKand_sharewise_d5/ yosys -qq -c synthesis/synth.tcl -l  ../work/aes_full_base/gadget_area/MSKand_sharewise_d5//synth.log
VDEFINES="-DDEFAULTSHARES=5" SYNTH_TOP=MSKand_hpc2o RESDIR=../work/aes_full_base/gadget_area/MSKand_hpc2o_d5/ yosys -qq -c synthesis/synth.tcl -l  ../work/aes_full_base/gadget_area/MSKand_hpc2o_d5//synth.log
VDEFINES="-DDEFAULTSHARES=5" SYNTH_TOP=G4_mul RESDIR=../work/aes_full_base/gadget_area/G4_mul_d5/ yosys -qq -c synthesis/synth.tcl -l  ../work/aes_full_base/gadget_area/G4_mul_d5//synth.log
VDEFINES="-DDEFAULTSHARES=5" SYNTH_TOP=MSKand_hpc3o_tof RESDIR=../work/aes_full_base/gadget_area/MSKand_hpc3o_tof_d5/ yosys -qq -c synthesis/synth.tcl -l  ../work/aes_full_base/gadget_area/MSKand_hpc3o_tof_d5//synth.log
VDEFINES="-DDEFAULTSHARES=5" SYNTH_TOP=MSKref_sni RESDIR=../work/aes_full_base/gadget_area/MSKref_sni_d5/ yosys -qq -c synthesis/synth.tcl -l  ../work/aes_full_base/gadget_area/MSKref_sni_d5//synth.log
python3 scripts/summarize_gadget_area.py --outcsv=../work/aes_full_base/gadget_area/areas_d5.csv ../work/aes_full_base/gadget_area/MSKand_hpc2o_swapped_tof_d5/area.json ../work/aes_full_base/gadget_area/MSKand_hpc2_cross_swapped_d5/area.json ../work/aes_full_base/gadget_area/MSKg16mul_dom_d5/area.json ../work/aes_full_base/gadget_area/MSKand_hpc1_d5/area.json ../work/aes_full_base/gadget_area/MSKand_hpc2o_tof_d5/area.json ../work/aes_full_base/gadget_area/MSKg4mul_hpc3_d5/area.json ../work/aes_full_base/gadget_area/MSKmux_d5/area.json ../work/aes_full_base/gadget_area/MSKand_hpc3_cross_d5/area.json ../work/aes_full_base/gadget_area/G16_mul_d5/area.json ../work/aes_full_base/gadget_area/MSKand_hpc3_cross_er_swapped_d5/area.json ../work/aes_full_base/gadget_area/MSKg4mul_dom_d5/area.json ../work/aes_full_base/gadget_area/MSKand_hpc3_cross_er_d5/area.json ../work/aes_full_base/gadget_area/MSKand_hpc3o_swapped_d5/area.json ../work/aes_full_base/gadget_area/MSKand_hpc2_swapped_d5/area.json ../work/aes_full_base/gadget_area/MSKand_hpc3o_d5/area.json ../work/aes_full_base/gadget_area/MSKand_hpc2o_swapped_d5/area.json ../work/aes_full_base/gadget_area/MSKreg_d5/area.json ../work/aes_full_base/gadget_area/MSKand_hpc2_d5/area.json ../work/aes_full_base/gadget_area/MSKand_dom_d5/area.json ../work/aes_full_base/gadget_area/MSKand_ghpc_d5/area.json ../work/aes_full_base/gadget_area/MSKg16mul_hpc1_d5/area.json ../work/aes_full_base/gadget_area/MSKscanReg_d5/area.json ../work/aes_full_base/gadget_area/MSKand_hpc2_cross_d5/area.json ../work/aes_full_base/gadget_area/MSKinv_d5/area.json ../work/aes_full_base/gadget_area/MSKregEn_d5/area.json ../work/aes_full_base/gadget_area/MSKand_hpc2o_cross_d5/area.json ../work/aes_full_base/gadget_area/MSKand_ghpcll_d5/area.json ../work/aes_full_base/gadget_area/MSKand_hpc3_d5/area.json ../work/aes_full_base/gadget_area/MSKg4mul_hpc1_d5/area.json ../work/aes_full_base/gadget_area/MSKxor_d5/area.json ../work/aes_full_base/gadget_area/MSKand_hpc2o_cross_swapped_d5/area.json ../work/aes_full_base/gadget_area/MSKxnor_d5/area.json ../work/aes_full_base/gadget_area/MSKcst_d5/area.json ../work/aes_full_base/gadget_area/MSKnor_hpc2_d5/area.json ../work/aes_full_base/gadget_area/MSKg16mul_hpc3_d5/area.json ../work/aes_full_base/gadget_area/MSKand_hpc3o_swapped_tof_d5/area.json ../work/aes_full_base/gadget_area/MSKand_sharewise_d5/area.json ../work/aes_full_base/gadget_area/MSKand_hpc2o_d5/area.json ../work/aes_full_base/gadget_area/G4_mul_d5/area.json ../work/aes_full_base/gadget_area/MSKand_hpc3o_tof_d5/area.json ../work/aes_full_base/gadget_area/MSKref_sni_d5/area.json
python3 scripts/compress.py --num-shares 5 --latency=4 --circuit=circuits/aes_bp.txt --out=../work/aes_full_base/circuits/aes_bp_d5_l4/design.v --outh=../work/aes_full_base/circuits/aes_bp_d5_l4/design.vh --gadgets-area-csv=../work/aes_full_base/gadget_area/areas_d5.csv --rng-area-txt=../work/aes_full_base/rng_area/area_ge.txt --outstats=../work/aes_full_base/circuits/aes_bp_d5_l4//stats.json --outdump=../work/aes_full_base/circuits/aes_bp_d5_l4//compress_model.pkl --gadgets-config=gadget_library/gadgets_base.toml --time-limit 3600 > ../work/aes_full_base/circuits/aes_bp_d5_l4//compress.log
cp ../work/aes_full_base/circuits/aes_bp_d5_l4/design.v ../work/aes_full_base/circuits/aes_bp_d5_l4//aes_bp.v
cp ../work/aes_full_base/circuits/aes_bp_d5_l4/design.vh ../work/aes_full_base/circuits/aes_bp_d5_l4//aes_bp.vh
SYNTH_SRCS="gadget_library/BIN/*.v gadget_library/MSK/*.v gadget_library/RNG/trivium/*.v ../work/aes_full_base/circuits/aes_bp_d5_l4/design.v" SYNTH_TOP=aes_bp VDEFINES="-DDEFAULTSHARES=5" \
RESDIR=../work/aes_full_base/circuits/aes_bp_d5_l4/synth/ \
yosys -qq -c synthesis/synth.tcl -l  ../work/aes_full_base/circuits/aes_bp_d5_l4/synth//synth.log
python3 scripts/compress.py --num-shares 5 --latency=5 --circuit=circuits/aes_bp.txt --out=../work/aes_full_base/circuits/aes_bp_d5_l5/design.v --outh=../work/aes_full_base/circuits/aes_bp_d5_l5/design.vh --gadgets-area-csv=../work/aes_full_base/gadget_area/areas_d5.csv --rng-area-txt=../work/aes_full_base/rng_area/area_ge.txt --outstats=../work/aes_full_base/circuits/aes_bp_d5_l5//stats.json --outdump=../work/aes_full_base/circuits/aes_bp_d5_l5//compress_model.pkl --gadgets-config=gadget_library/gadgets_base.toml --time-limit 3600 > ../work/aes_full_base/circuits/aes_bp_d5_l5//compress.log
cp ../work/aes_full_base/circuits/aes_bp_d5_l5/design.v ../work/aes_full_base/circuits/aes_bp_d5_l5//aes_bp.v
cp ../work/aes_full_base/circuits/aes_bp_d5_l5/design.vh ../work/aes_full_base/circuits/aes_bp_d5_l5//aes_bp.vh
SYNTH_SRCS="gadget_library/BIN/*.v gadget_library/MSK/*.v gadget_library/RNG/trivium/*.v ../work/aes_full_base/circuits/aes_bp_d5_l5/design.v" SYNTH_TOP=aes_bp VDEFINES="-DDEFAULTSHARES=5" \
RESDIR=../work/aes_full_base/circuits/aes_bp_d5_l5/synth/ \
yosys -qq -c synthesis/synth.tcl -l  ../work/aes_full_base/circuits/aes_bp_d5_l5/synth//synth.log
python3 scripts/compress.py --num-shares 5 --latency=6 --circuit=circuits/aes_bp.txt --out=../work/aes_full_base/circuits/aes_bp_d5_l6/design.v --outh=../work/aes_full_base/circuits/aes_bp_d5_l6/design.vh --gadgets-area-csv=../work/aes_full_base/gadget_area/areas_d5.csv --rng-area-txt=../work/aes_full_base/rng_area/area_ge.txt --outstats=../work/aes_full_base/circuits/aes_bp_d5_l6//stats.json --outdump=../work/aes_full_base/circuits/aes_bp_d5_l6//compress_model.pkl --gadgets-config=gadget_library/gadgets_base.toml --time-limit 3600 > ../work/aes_full_base/circuits/aes_bp_d5_l6//compress.log
cp ../work/aes_full_base/circuits/aes_bp_d5_l6/design.v ../work/aes_full_base/circuits/aes_bp_d5_l6//aes_bp.v
cp ../work/aes_full_base/circuits/aes_bp_d5_l6/design.vh ../work/aes_full_base/circuits/aes_bp_d5_l6//aes_bp.vh
SYNTH_SRCS="gadget_library/BIN/*.v gadget_library/MSK/*.v gadget_library/RNG/trivium/*.v ../work/aes_full_base/circuits/aes_bp_d5_l6/design.v" SYNTH_TOP=aes_bp VDEFINES="-DDEFAULTSHARES=5" \
RESDIR=../work/aes_full_base/circuits/aes_bp_d5_l6/synth/ \
yosys -qq -c synthesis/synth.tcl -l  ../work/aes_full_base/circuits/aes_bp_d5_l6/synth//synth.log
python3 scripts/summarize_design_area.py --outcsv=../work/aes_full_base/aes_bp_area.csv ../work/aes_full_base/circuits/aes_bp_d2_l4/synth/area.json ../work/aes_full_base/circuits/aes_bp_d2_l5/synth/area.json ../work/aes_full_base/circuits/aes_bp_d2_l6/synth/area.json ../work/aes_full_base/circuits/aes_bp_d3_l4/synth/area.json ../work/aes_full_base/circuits/aes_bp_d3_l5/synth/area.json ../work/aes_full_base/circuits/aes_bp_d3_l6/synth/area.json ../work/aes_full_base/circuits/aes_bp_d4_l4/synth/area.json ../work/aes_full_base/circuits/aes_bp_d4_l5/synth/area.json ../work/aes_full_base/circuits/aes_bp_d4_l6/synth/area.json ../work/aes_full_base/circuits/aes_bp_d5_l4/synth/area.json ../work/aes_full_base/circuits/aes_bp_d5_l5/synth/area.json ../work/aes_full_base/circuits/aes_bp_d5_l6/synth/area.json
make[1]: Leaving directory '/home/nilotpola/Downloads/TETRIS-artefact/COMPRESS-results/compress'
