
 /----------------------------------------------------------------------------\
 |                                                                            |
 |  yosys -- Yosys Open SYnthesis Suite                                       |
 |                                                                            |
 |  Copyright (C) 2012 - 2020  Claire Xenia Wolf <claire@yosyshq.com>         |
 |                                                                            |
 |  Permission to use, copy, modify, and/or distribute this software for any  |
 |  purpose with or without fee is hereby granted, provided that the above    |
 |  copyright notice and this permission notice appear in all copies.         |
 |                                                                            |
 |  THE SOFTWARE IS PROVIDED "AS IS" AND THE AUTHOR DISCLAIMS ALL WARRANTIES  |
 |  WITH REGARD TO THIS SOFTWARE INCLUDING ALL IMPLIED WARRANTIES OF          |
 |  MERCHANTABILITY AND FITNESS. IN NO EVENT SHALL THE AUTHOR BE LIABLE FOR   |
 |  ANY SPECIAL, DIRECT, INDIRECT, OR CONSEQUENTIAL DAMAGES OR ANY DAMAGES    |
 |  WHATSOEVER RESULTING FROM LOSS OF USE, DATA OR PROFITS, WHETHER IN AN     |
 |  ACTION OF CONTRACT, NEGLIGENCE OR OTHER TORTIOUS ACTION, ARISING OUT OF   |
 |  OR IN CONNECTION WITH THE USE OR PERFORMANCE OF THIS SOFTWARE.            |
 |                                                                            |
 \----------------------------------------------------------------------------/

 Yosys 0.33 (git sha1 2584903a0, gcc 8.4.0-1ubuntu1~18.04 -fPIC -Os)

1. Executing Verilog-2005 frontend: gadget_library/BIN/bin_REG.v
Parsing Verilog input from `gadget_library/BIN/bin_REG.v' to AST representation.
Generating RTLIL representation for module `\bin_REG'.
Successfully finished Verilog frontend.

2. Executing Verilog-2005 frontend: gadget_library/MSK/G16_mul.v
Parsing Verilog input from `gadget_library/MSK/G16_mul.v' to AST representation.
Generating RTLIL representation for module `\G4_scl_N'.
Generating RTLIL representation for module `\G16_mul'.
Successfully finished Verilog frontend.

3. Executing Verilog-2005 frontend: gadget_library/MSK/G4_mul.v
Parsing Verilog input from `gadget_library/MSK/G4_mul.v' to AST representation.
Generating RTLIL representation for module `\G4_mul'.
Successfully finished Verilog frontend.

4. Executing Verilog-2005 frontend: gadget_library/MSK/MSKand_dom.v
Parsing Verilog input from `gadget_library/MSK/MSKand_dom.v' to AST representation.
Generating RTLIL representation for module `\MSKand_dom'.
Successfully finished Verilog frontend.

5. Executing Verilog-2005 frontend: gadget_library/MSK/MSKand_ghpc.v
Parsing Verilog input from `gadget_library/MSK/MSKand_ghpc.v' to AST representation.
Generating RTLIL representation for module `\MSKand_ghpc'.
Successfully finished Verilog frontend.

6. Executing Verilog-2005 frontend: gadget_library/MSK/MSKand_ghpcll.v
Parsing Verilog input from `gadget_library/MSK/MSKand_ghpcll.v' to AST representation.
Generating RTLIL representation for module `\MSKand_ghpcll'.
Successfully finished Verilog frontend.

7. Executing Verilog-2005 frontend: gadget_library/MSK/MSKand_hpc1.v
Parsing Verilog input from `gadget_library/MSK/MSKand_hpc1.v' to AST representation.
Generating RTLIL representation for module `\MSKand_hpc1'.
Successfully finished Verilog frontend.

8. Executing Verilog-2005 frontend: gadget_library/MSK/MSKand_hpc2.v
Parsing Verilog input from `gadget_library/MSK/MSKand_hpc2.v' to AST representation.
Generating RTLIL representation for module `\MSKand_hpc2'.
Successfully finished Verilog frontend.

9. Executing Verilog-2005 frontend: gadget_library/MSK/MSKand_hpc2_cross.v
Parsing Verilog input from `gadget_library/MSK/MSKand_hpc2_cross.v' to AST representation.
Generating RTLIL representation for module `\MSKand_hpc2_cross'.
Successfully finished Verilog frontend.

10. Executing Verilog-2005 frontend: gadget_library/MSK/MSKand_hpc2_cross_swapped.v
Parsing Verilog input from `gadget_library/MSK/MSKand_hpc2_cross_swapped.v' to AST representation.
Generating RTLIL representation for module `\MSKand_hpc2_cross_swapped'.
Successfully finished Verilog frontend.

11. Executing Verilog-2005 frontend: gadget_library/MSK/MSKand_hpc2_swapped.v
Parsing Verilog input from `gadget_library/MSK/MSKand_hpc2_swapped.v' to AST representation.
Generating RTLIL representation for module `\MSKand_hpc2_swapped'.
Successfully finished Verilog frontend.

12. Executing Verilog-2005 frontend: gadget_library/MSK/MSKand_hpc2o.v
Parsing Verilog input from `gadget_library/MSK/MSKand_hpc2o.v' to AST representation.
Generating RTLIL representation for module `\MSKand_hpc2o'.
Successfully finished Verilog frontend.

13. Executing Verilog-2005 frontend: gadget_library/MSK/MSKand_hpc2o_cross.v
Parsing Verilog input from `gadget_library/MSK/MSKand_hpc2o_cross.v' to AST representation.
Generating RTLIL representation for module `\MSKand_hpc2o_cross'.
Successfully finished Verilog frontend.

14. Executing Verilog-2005 frontend: gadget_library/MSK/MSKand_hpc2o_cross_swapped.v
Parsing Verilog input from `gadget_library/MSK/MSKand_hpc2o_cross_swapped.v' to AST representation.
Generating RTLIL representation for module `\MSKand_hpc2o_cross_swapped'.
Successfully finished Verilog frontend.

15. Executing Verilog-2005 frontend: gadget_library/MSK/MSKand_hpc2o_swapped.v
Parsing Verilog input from `gadget_library/MSK/MSKand_hpc2o_swapped.v' to AST representation.
Generating RTLIL representation for module `\MSKand_hpc2o_swapped'.
Successfully finished Verilog frontend.

16. Executing Verilog-2005 frontend: gadget_library/MSK/MSKand_hpc2o_swapped_tof.v
Parsing Verilog input from `gadget_library/MSK/MSKand_hpc2o_swapped_tof.v' to AST representation.
Generating RTLIL representation for module `\MSKand_hpc2o_swapped_tof'.
Successfully finished Verilog frontend.

17. Executing Verilog-2005 frontend: gadget_library/MSK/MSKand_hpc2o_tof.v
Parsing Verilog input from `gadget_library/MSK/MSKand_hpc2o_tof.v' to AST representation.
Generating RTLIL representation for module `\MSKand_hpc2o_tof'.
Successfully finished Verilog frontend.

18. Executing Verilog-2005 frontend: gadget_library/MSK/MSKand_hpc3.v
Parsing Verilog input from `gadget_library/MSK/MSKand_hpc3.v' to AST representation.
Generating RTLIL representation for module `\MSKand_hpc3'.
Successfully finished Verilog frontend.

19. Executing Verilog-2005 frontend: gadget_library/MSK/MSKand_hpc3_cross.v
Parsing Verilog input from `gadget_library/MSK/MSKand_hpc3_cross.v' to AST representation.
Generating RTLIL representation for module `\MSKand_hpc3_cross'.
Successfully finished Verilog frontend.

20. Executing Verilog-2005 frontend: gadget_library/MSK/MSKand_hpc3_cross_er.v
Parsing Verilog input from `gadget_library/MSK/MSKand_hpc3_cross_er.v' to AST representation.
Generating RTLIL representation for module `\MSKand_hpc3_cross_er'.
Successfully finished Verilog frontend.

21. Executing Verilog-2005 frontend: gadget_library/MSK/MSKand_hpc3_cross_er_swapped.v
Parsing Verilog input from `gadget_library/MSK/MSKand_hpc3_cross_er_swapped.v' to AST representation.
Generating RTLIL representation for module `\MSKand_hpc3_cross_er_swapped'.
Successfully finished Verilog frontend.

22. Executing Verilog-2005 frontend: gadget_library/MSK/MSKand_hpc3o.v
Parsing Verilog input from `gadget_library/MSK/MSKand_hpc3o.v' to AST representation.
Generating RTLIL representation for module `\MSKand_hpc3o'.
Successfully finished Verilog frontend.

23. Executing Verilog-2005 frontend: gadget_library/MSK/MSKand_hpc3o_swapped.v
Parsing Verilog input from `gadget_library/MSK/MSKand_hpc3o_swapped.v' to AST representation.
Generating RTLIL representation for module `\MSKand_hpc3o_swapped'.
Successfully finished Verilog frontend.

24. Executing Verilog-2005 frontend: gadget_library/MSK/MSKand_hpc3o_swapped_tof.v
Parsing Verilog input from `gadget_library/MSK/MSKand_hpc3o_swapped_tof.v' to AST representation.
Generating RTLIL representation for module `\MSKand_hpc3o_swapped_tof'.
Successfully finished Verilog frontend.

25. Executing Verilog-2005 frontend: gadget_library/MSK/MSKand_hpc3o_tof.v
Parsing Verilog input from `gadget_library/MSK/MSKand_hpc3o_tof.v' to AST representation.
Generating RTLIL representation for module `\MSKand_hpc3o_tof'.
Successfully finished Verilog frontend.

26. Executing Verilog-2005 frontend: gadget_library/MSK/MSKand_sharewise.v
Parsing Verilog input from `gadget_library/MSK/MSKand_sharewise.v' to AST representation.
Generating RTLIL representation for module `\MSKand_sharewise'.
Successfully finished Verilog frontend.

27. Executing Verilog-2005 frontend: gadget_library/MSK/MSKcst.v
Parsing Verilog input from `gadget_library/MSK/MSKcst.v' to AST representation.
Generating RTLIL representation for module `\MSKcst'.
Successfully finished Verilog frontend.

28. Executing Verilog-2005 frontend: gadget_library/MSK/MSKg16mul_dom.v
Parsing Verilog input from `gadget_library/MSK/MSKg16mul_dom.v' to AST representation.
Generating RTLIL representation for module `\MSKg16mul_dom'.
Successfully finished Verilog frontend.

29. Executing Verilog-2005 frontend: gadget_library/MSK/MSKg16mul_hpc1.v
Parsing Verilog input from `gadget_library/MSK/MSKg16mul_hpc1.v' to AST representation.
Generating RTLIL representation for module `\MSKg16mul_hpc1'.
Successfully finished Verilog frontend.

30. Executing Verilog-2005 frontend: gadget_library/MSK/MSKg16mul_hpc3.v
Parsing Verilog input from `gadget_library/MSK/MSKg16mul_hpc3.v' to AST representation.
Generating RTLIL representation for module `\MSKg16mul_hpc3'.
Successfully finished Verilog frontend.

31. Executing Verilog-2005 frontend: gadget_library/MSK/MSKg4mul_dom.v
Parsing Verilog input from `gadget_library/MSK/MSKg4mul_dom.v' to AST representation.
Generating RTLIL representation for module `\MSKg4mul_dom'.
Successfully finished Verilog frontend.

32. Executing Verilog-2005 frontend: gadget_library/MSK/MSKg4mul_hpc1.v
Parsing Verilog input from `gadget_library/MSK/MSKg4mul_hpc1.v' to AST representation.
Generating RTLIL representation for module `\MSKg4mul_hpc1'.
Successfully finished Verilog frontend.

33. Executing Verilog-2005 frontend: gadget_library/MSK/MSKg4mul_hpc3.v
Parsing Verilog input from `gadget_library/MSK/MSKg4mul_hpc3.v' to AST representation.
Generating RTLIL representation for module `\MSKg4mul_hpc3'.
Successfully finished Verilog frontend.

34. Executing Verilog-2005 frontend: gadget_library/MSK/MSKinv.v
Parsing Verilog input from `gadget_library/MSK/MSKinv.v' to AST representation.
Generating RTLIL representation for module `\MSKinv'.
Successfully finished Verilog frontend.

35. Executing Verilog-2005 frontend: gadget_library/MSK/MSKmux.v
Parsing Verilog input from `gadget_library/MSK/MSKmux.v' to AST representation.
Generating RTLIL representation for module `\MSKmux'.
Successfully finished Verilog frontend.

36. Executing Verilog-2005 frontend: gadget_library/MSK/MSKnor_hpc2.v
Parsing Verilog input from `gadget_library/MSK/MSKnor_hpc2.v' to AST representation.
Generating RTLIL representation for module `\MSKnor_hpc2'.
Successfully finished Verilog frontend.

37. Executing Verilog-2005 frontend: gadget_library/MSK/MSKref_sni.v
Parsing Verilog input from `gadget_library/MSK/MSKref_sni.v' to AST representation.
Generating RTLIL representation for module `\MSKref_sni'.
Successfully finished Verilog frontend.

38. Executing Verilog-2005 frontend: gadget_library/MSK/MSKreg.v
Parsing Verilog input from `gadget_library/MSK/MSKreg.v' to AST representation.
Generating RTLIL representation for module `\MSKreg'.
Successfully finished Verilog frontend.

39. Executing Verilog-2005 frontend: gadget_library/MSK/MSKregEn.v
Parsing Verilog input from `gadget_library/MSK/MSKregEn.v' to AST representation.
Generating RTLIL representation for module `\MSKregEn'.
Successfully finished Verilog frontend.

40. Executing Verilog-2005 frontend: gadget_library/MSK/MSKscanReg.v
Parsing Verilog input from `gadget_library/MSK/MSKscanReg.v' to AST representation.
Generating RTLIL representation for module `\MSKscanReg'.
Successfully finished Verilog frontend.

41. Executing Verilog-2005 frontend: gadget_library/MSK/MSKxnor.v
Parsing Verilog input from `gadget_library/MSK/MSKxnor.v' to AST representation.
Generating RTLIL representation for module `\MSKxnor'.
Successfully finished Verilog frontend.

42. Executing Verilog-2005 frontend: gadget_library/MSK/MSKxor.v
Parsing Verilog input from `gadget_library/MSK/MSKxor.v' to AST representation.
Generating RTLIL representation for module `\MSKxor'.
Successfully finished Verilog frontend.

43. Executing Verilog-2005 frontend: gadget_library/RNG/trivium/prng_top.v
Parsing Verilog input from `gadget_library/RNG/trivium/prng_top.v' to AST representation.
Generating RTLIL representation for module `\prng_top'.
Successfully finished Verilog frontend.

44. Executing Verilog-2005 frontend: gadget_library/RNG/trivium/trivium_prng.v
Parsing Verilog input from `gadget_library/RNG/trivium/trivium_prng.v' to AST representation.
Generating RTLIL representation for module `\trivium_prng'.
Successfully finished Verilog frontend.

45. Executing Verilog-2005 frontend: ../work/aes_full_opt/circuits/aes_bp_d5_l4/design.v
Parsing Verilog input from `../work/aes_full_opt/circuits/aes_bp_d5_l4/design.v' to AST representation.
Generating RTLIL representation for module `\aes_bp'.
Successfully finished Verilog frontend.

46. Executing HIERARCHY pass (managing design hierarchy).

46.1. Analyzing design hierarchy..
Top module:  \aes_bp
Used module:     \MSKreg
Used module:     \MSKand_sharewise
Used module:     \MSKand_hpc2o_cross
Used module:         \bin_REG
Used module:     \MSKand_hpc2o_cross_swapped
Used module:     \MSKxnor
Used module:         \MSKinv
Used module:         \MSKxor
Used module:     \MSKand_hpc3o
Used module:     \MSKand_hpc3o_swapped
Parameter \W = 1

46.2. Executing AST frontend in derive mode using pre-parsed AST for module `\bin_REG'.
Parameter \W = 1
Generating RTLIL representation for module `$paramod\bin_REG\W=s32'00000000000000000000000000000001'.
Parameter \W = 1
Found cached RTLIL representation for module `$paramod\bin_REG\W=s32'00000000000000000000000000000001'.
Parameter \W = 1
Found cached RTLIL representation for module `$paramod\bin_REG\W=s32'00000000000000000000000000000001'.
Parameter \W = 1
Found cached RTLIL representation for module `$paramod\bin_REG\W=s32'00000000000000000000000000000001'.
Parameter \W = 1
Found cached RTLIL representation for module `$paramod\bin_REG\W=s32'00000000000000000000000000000001'.
Parameter \W = 1
Found cached RTLIL representation for module `$paramod\bin_REG\W=s32'00000000000000000000000000000001'.
Parameter \W = 1
Found cached RTLIL representation for module `$paramod\bin_REG\W=s32'00000000000000000000000000000001'.
Parameter \W = 1
Found cached RTLIL representation for module `$paramod\bin_REG\W=s32'00000000000000000000000000000001'.
Parameter \W = 1
Found cached RTLIL representation for module `$paramod\bin_REG\W=s32'00000000000000000000000000000001'.
Parameter \W = 1
Found cached RTLIL representation for module `$paramod\bin_REG\W=s32'00000000000000000000000000000001'.
Parameter \W = 1
Found cached RTLIL representation for module `$paramod\bin_REG\W=s32'00000000000000000000000000000001'.
Parameter \W = 1
Found cached RTLIL representation for module `$paramod\bin_REG\W=s32'00000000000000000000000000000001'.
Parameter \W = 1
Found cached RTLIL representation for module `$paramod\bin_REG\W=s32'00000000000000000000000000000001'.
Parameter \W = 1
Found cached RTLIL representation for module `$paramod\bin_REG\W=s32'00000000000000000000000000000001'.
Parameter \W = 1
Found cached RTLIL representation for module `$paramod\bin_REG\W=s32'00000000000000000000000000000001'.
Parameter \W = 1
Found cached RTLIL representation for module `$paramod\bin_REG\W=s32'00000000000000000000000000000001'.
Parameter \W = 1
Found cached RTLIL representation for module `$paramod\bin_REG\W=s32'00000000000000000000000000000001'.
Parameter \W = 1
Found cached RTLIL representation for module `$paramod\bin_REG\W=s32'00000000000000000000000000000001'.
Parameter \W = 1
Found cached RTLIL representation for module `$paramod\bin_REG\W=s32'00000000000000000000000000000001'.
Parameter \W = 1
Found cached RTLIL representation for module `$paramod\bin_REG\W=s32'00000000000000000000000000000001'.
Parameter \W = 1
Found cached RTLIL representation for module `$paramod\bin_REG\W=s32'00000000000000000000000000000001'.
Parameter \W = 1
Found cached RTLIL representation for module `$paramod\bin_REG\W=s32'00000000000000000000000000000001'.
Parameter \W = 1
Found cached RTLIL representation for module `$paramod\bin_REG\W=s32'00000000000000000000000000000001'.
Parameter \W = 1
Found cached RTLIL representation for module `$paramod\bin_REG\W=s32'00000000000000000000000000000001'.
Parameter \W = 1
Found cached RTLIL representation for module `$paramod\bin_REG\W=s32'00000000000000000000000000000001'.
Parameter \W = 1
Found cached RTLIL representation for module `$paramod\bin_REG\W=s32'00000000000000000000000000000001'.
Parameter \W = 1
Found cached RTLIL representation for module `$paramod\bin_REG\W=s32'00000000000000000000000000000001'.
Parameter \W = 1
Found cached RTLIL representation for module `$paramod\bin_REG\W=s32'00000000000000000000000000000001'.
Parameter \W = 1
Found cached RTLIL representation for module `$paramod\bin_REG\W=s32'00000000000000000000000000000001'.
Parameter \W = 1
Found cached RTLIL representation for module `$paramod\bin_REG\W=s32'00000000000000000000000000000001'.
Parameter \W = 1
Found cached RTLIL representation for module `$paramod\bin_REG\W=s32'00000000000000000000000000000001'.
Parameter \W = 1
Found cached RTLIL representation for module `$paramod\bin_REG\W=s32'00000000000000000000000000000001'.
Parameter \W = 1
Found cached RTLIL representation for module `$paramod\bin_REG\W=s32'00000000000000000000000000000001'.
Parameter \W = 1
Found cached RTLIL representation for module `$paramod\bin_REG\W=s32'00000000000000000000000000000001'.
Parameter \W = 1
Found cached RTLIL representation for module `$paramod\bin_REG\W=s32'00000000000000000000000000000001'.
Parameter \W = 1
Found cached RTLIL representation for module `$paramod\bin_REG\W=s32'00000000000000000000000000000001'.
Parameter \W = 1
Found cached RTLIL representation for module `$paramod\bin_REG\W=s32'00000000000000000000000000000001'.
Parameter \W = 1
Found cached RTLIL representation for module `$paramod\bin_REG\W=s32'00000000000000000000000000000001'.
Parameter \W = 1
Found cached RTLIL representation for module `$paramod\bin_REG\W=s32'00000000000000000000000000000001'.
Parameter \W = 1
Found cached RTLIL representation for module `$paramod\bin_REG\W=s32'00000000000000000000000000000001'.
Parameter \W = 1
Found cached RTLIL representation for module `$paramod\bin_REG\W=s32'00000000000000000000000000000001'.
Parameter \W = 1
Found cached RTLIL representation for module `$paramod\bin_REG\W=s32'00000000000000000000000000000001'.
Parameter \W = 1
Found cached RTLIL representation for module `$paramod\bin_REG\W=s32'00000000000000000000000000000001'.
Parameter \W = 1
Found cached RTLIL representation for module `$paramod\bin_REG\W=s32'00000000000000000000000000000001'.
Parameter \W = 1
Found cached RTLIL representation for module `$paramod\bin_REG\W=s32'00000000000000000000000000000001'.
Parameter \W = 1
Found cached RTLIL representation for module `$paramod\bin_REG\W=s32'00000000000000000000000000000001'.
Parameter \W = 1
Found cached RTLIL representation for module `$paramod\bin_REG\W=s32'00000000000000000000000000000001'.
Parameter \W = 1
Found cached RTLIL representation for module `$paramod\bin_REG\W=s32'00000000000000000000000000000001'.
Parameter \W = 1
Found cached RTLIL representation for module `$paramod\bin_REG\W=s32'00000000000000000000000000000001'.
Parameter \W = 1
Found cached RTLIL representation for module `$paramod\bin_REG\W=s32'00000000000000000000000000000001'.
Parameter \W = 1
Found cached RTLIL representation for module `$paramod\bin_REG\W=s32'00000000000000000000000000000001'.
Parameter \W = 1
Found cached RTLIL representation for module `$paramod\bin_REG\W=s32'00000000000000000000000000000001'.
Parameter \W = 1
Found cached RTLIL representation for module `$paramod\bin_REG\W=s32'00000000000000000000000000000001'.
Parameter \W = 1
Found cached RTLIL representation for module `$paramod\bin_REG\W=s32'00000000000000000000000000000001'.
Parameter \W = 1
Found cached RTLIL representation for module `$paramod\bin_REG\W=s32'00000000000000000000000000000001'.
Parameter \W = 1
Found cached RTLIL representation for module `$paramod\bin_REG\W=s32'00000000000000000000000000000001'.
Parameter \W = 1
Found cached RTLIL representation for module `$paramod\bin_REG\W=s32'00000000000000000000000000000001'.
Parameter \W = 1
Found cached RTLIL representation for module `$paramod\bin_REG\W=s32'00000000000000000000000000000001'.
Parameter \W = 1
Found cached RTLIL representation for module `$paramod\bin_REG\W=s32'00000000000000000000000000000001'.
Parameter \W = 1
Found cached RTLIL representation for module `$paramod\bin_REG\W=s32'00000000000000000000000000000001'.
Parameter \W = 10

46.3. Executing AST frontend in derive mode using pre-parsed AST for module `\bin_REG'.
Parameter \W = 10
Generating RTLIL representation for module `$paramod\bin_REG\W=s32'00000000000000000000000000001010'.
Parameter \d = 5

46.4. Executing AST frontend in derive mode using pre-parsed AST for module `\MSKand_hpc2o_cross'.
Parameter \d = 5
Generating RTLIL representation for module `$paramod\MSKand_hpc2o_cross\d=s32'00000000000000000000000000000101'.
Parameter \W = 1
Found cached RTLIL representation for module `$paramod\bin_REG\W=s32'00000000000000000000000000000001'.
Parameter \W = 1
Found cached RTLIL representation for module `$paramod\bin_REG\W=s32'00000000000000000000000000000001'.
Parameter \W = 1
Found cached RTLIL representation for module `$paramod\bin_REG\W=s32'00000000000000000000000000000001'.
Parameter \W = 1
Found cached RTLIL representation for module `$paramod\bin_REG\W=s32'00000000000000000000000000000001'.
Parameter \W = 1
Found cached RTLIL representation for module `$paramod\bin_REG\W=s32'00000000000000000000000000000001'.
Parameter \W = 1
Found cached RTLIL representation for module `$paramod\bin_REG\W=s32'00000000000000000000000000000001'.
Parameter \W = 1
Found cached RTLIL representation for module `$paramod\bin_REG\W=s32'00000000000000000000000000000001'.
Parameter \W = 1
Found cached RTLIL representation for module `$paramod\bin_REG\W=s32'00000000000000000000000000000001'.
Parameter \W = 1
Found cached RTLIL representation for module `$paramod\bin_REG\W=s32'00000000000000000000000000000001'.
Parameter \W = 1
Found cached RTLIL representation for module `$paramod\bin_REG\W=s32'00000000000000000000000000000001'.
Parameter \W = 1
Found cached RTLIL representation for module `$paramod\bin_REG\W=s32'00000000000000000000000000000001'.
Parameter \W = 1
Found cached RTLIL representation for module `$paramod\bin_REG\W=s32'00000000000000000000000000000001'.
Parameter \W = 1
Found cached RTLIL representation for module `$paramod\bin_REG\W=s32'00000000000000000000000000000001'.
Parameter \W = 1
Found cached RTLIL representation for module `$paramod\bin_REG\W=s32'00000000000000000000000000000001'.
Parameter \W = 1
Found cached RTLIL representation for module `$paramod\bin_REG\W=s32'00000000000000000000000000000001'.
Parameter \W = 1
Found cached RTLIL representation for module `$paramod\bin_REG\W=s32'00000000000000000000000000000001'.
Parameter \W = 1
Found cached RTLIL representation for module `$paramod\bin_REG\W=s32'00000000000000000000000000000001'.
Parameter \W = 1
Found cached RTLIL representation for module `$paramod\bin_REG\W=s32'00000000000000000000000000000001'.
Parameter \W = 1
Found cached RTLIL representation for module `$paramod\bin_REG\W=s32'00000000000000000000000000000001'.
Parameter \W = 1
Found cached RTLIL representation for module `$paramod\bin_REG\W=s32'00000000000000000000000000000001'.
Parameter \W = 1
Found cached RTLIL representation for module `$paramod\bin_REG\W=s32'00000000000000000000000000000001'.
Parameter \W = 1
Found cached RTLIL representation for module `$paramod\bin_REG\W=s32'00000000000000000000000000000001'.
Parameter \W = 1
Found cached RTLIL representation for module `$paramod\bin_REG\W=s32'00000000000000000000000000000001'.
Parameter \W = 1
Found cached RTLIL representation for module `$paramod\bin_REG\W=s32'00000000000000000000000000000001'.
Parameter \W = 1
Found cached RTLIL representation for module `$paramod\bin_REG\W=s32'00000000000000000000000000000001'.
Parameter \W = 1
Found cached RTLIL representation for module `$paramod\bin_REG\W=s32'00000000000000000000000000000001'.
Parameter \W = 1
Found cached RTLIL representation for module `$paramod\bin_REG\W=s32'00000000000000000000000000000001'.
Parameter \W = 1
Found cached RTLIL representation for module `$paramod\bin_REG\W=s32'00000000000000000000000000000001'.
Parameter \W = 1
Found cached RTLIL representation for module `$paramod\bin_REG\W=s32'00000000000000000000000000000001'.
Parameter \W = 1
Found cached RTLIL representation for module `$paramod\bin_REG\W=s32'00000000000000000000000000000001'.
Parameter \W = 1
Found cached RTLIL representation for module `$paramod\bin_REG\W=s32'00000000000000000000000000000001'.
Parameter \W = 1
Found cached RTLIL representation for module `$paramod\bin_REG\W=s32'00000000000000000000000000000001'.
Parameter \W = 1
Found cached RTLIL representation for module `$paramod\bin_REG\W=s32'00000000000000000000000000000001'.
Parameter \W = 1
Found cached RTLIL representation for module `$paramod\bin_REG\W=s32'00000000000000000000000000000001'.
Parameter \W = 1
Found cached RTLIL representation for module `$paramod\bin_REG\W=s32'00000000000000000000000000000001'.
Parameter \W = 1
Found cached RTLIL representation for module `$paramod\bin_REG\W=s32'00000000000000000000000000000001'.
Parameter \W = 1
Found cached RTLIL representation for module `$paramod\bin_REG\W=s32'00000000000000000000000000000001'.
Parameter \W = 1
Found cached RTLIL representation for module `$paramod\bin_REG\W=s32'00000000000000000000000000000001'.
Parameter \W = 1
Found cached RTLIL representation for module `$paramod\bin_REG\W=s32'00000000000000000000000000000001'.
Parameter \W = 1
Found cached RTLIL representation for module `$paramod\bin_REG\W=s32'00000000000000000000000000000001'.
Parameter \d = 5

46.5. Executing AST frontend in derive mode using pre-parsed AST for module `\MSKand_hpc3o'.
Parameter \d = 5
Generating RTLIL representation for module `$paramod\MSKand_hpc3o\d=s32'00000000000000000000000000000101'.
Parameter \d = 5

46.6. Executing AST frontend in derive mode using pre-parsed AST for module `\MSKinv'.
Parameter \d = 5
Generating RTLIL representation for module `$paramod\MSKinv\d=s32'00000000000000000000000000000101'.
Parameter \d = 5
Parameter \count = 1

46.7. Executing AST frontend in derive mode using pre-parsed AST for module `\MSKxor'.
Parameter \d = 5
Parameter \count = 1
Generating RTLIL representation for module `$paramod$2589394551ed5df03e31ad3b9ee102c6002b20f4\MSKxor'.
Parameter \d = 5

46.8. Executing AST frontend in derive mode using pre-parsed AST for module `\MSKreg'.
Parameter \d = 5
Generating RTLIL representation for module `$paramod\MSKreg\d=s32'00000000000000000000000000000101'.
Parameter \d = 5
Found cached RTLIL representation for module `$paramod\MSKreg\d=s32'00000000000000000000000000000101'.
Parameter \d = 5
Found cached RTLIL representation for module `$paramod\MSKreg\d=s32'00000000000000000000000000000101'.
Parameter \d = 5
Found cached RTLIL representation for module `$paramod\MSKreg\d=s32'00000000000000000000000000000101'.
Parameter \d = 5
Found cached RTLIL representation for module `$paramod\MSKreg\d=s32'00000000000000000000000000000101'.
Parameter \d = 5
Found cached RTLIL representation for module `$paramod\MSKreg\d=s32'00000000000000000000000000000101'.
Parameter \d = 5
Found cached RTLIL representation for module `$paramod\MSKreg\d=s32'00000000000000000000000000000101'.
Parameter \d = 5
Found cached RTLIL representation for module `$paramod\MSKreg\d=s32'00000000000000000000000000000101'.
Parameter \d = 5
Found cached RTLIL representation for module `$paramod\MSKreg\d=s32'00000000000000000000000000000101'.
Parameter \d = 5
Found cached RTLIL representation for module `$paramod\MSKreg\d=s32'00000000000000000000000000000101'.
Parameter \d = 5
Found cached RTLIL representation for module `$paramod\MSKreg\d=s32'00000000000000000000000000000101'.
Parameter \d = 5
Found cached RTLIL representation for module `$paramod\MSKreg\d=s32'00000000000000000000000000000101'.
Parameter \d = 5
Found cached RTLIL representation for module `$paramod\MSKreg\d=s32'00000000000000000000000000000101'.
Parameter \d = 5
Found cached RTLIL representation for module `$paramod\MSKreg\d=s32'00000000000000000000000000000101'.
Parameter \d = 5
Found cached RTLIL representation for module `$paramod\MSKreg\d=s32'00000000000000000000000000000101'.
Parameter \d = 5
Found cached RTLIL representation for module `$paramod\MSKreg\d=s32'00000000000000000000000000000101'.
Parameter \d = 5
Found cached RTLIL representation for module `$paramod\MSKreg\d=s32'00000000000000000000000000000101'.
Parameter \d = 5
Found cached RTLIL representation for module `$paramod\MSKreg\d=s32'00000000000000000000000000000101'.
Parameter \d = 5
Found cached RTLIL representation for module `$paramod\MSKreg\d=s32'00000000000000000000000000000101'.
Parameter \d = 5
Found cached RTLIL representation for module `$paramod\MSKreg\d=s32'00000000000000000000000000000101'.
Parameter \d = 5
Found cached RTLIL representation for module `$paramod\MSKreg\d=s32'00000000000000000000000000000101'.
Parameter \d = 5
Found cached RTLIL representation for module `$paramod\MSKreg\d=s32'00000000000000000000000000000101'.
Parameter \d = 5
Found cached RTLIL representation for module `$paramod\MSKreg\d=s32'00000000000000000000000000000101'.
Parameter \d = 5
Found cached RTLIL representation for module `$paramod\MSKreg\d=s32'00000000000000000000000000000101'.
Parameter \d = 5
Found cached RTLIL representation for module `$paramod\MSKreg\d=s32'00000000000000000000000000000101'.
Parameter \d = 5
Found cached RTLIL representation for module `$paramod\MSKreg\d=s32'00000000000000000000000000000101'.
Parameter \d = 5
Found cached RTLIL representation for module `$paramod\MSKreg\d=s32'00000000000000000000000000000101'.
Parameter \d = 5
Found cached RTLIL representation for module `$paramod\MSKreg\d=s32'00000000000000000000000000000101'.
Parameter \d = 5
Found cached RTLIL representation for module `$paramod\MSKreg\d=s32'00000000000000000000000000000101'.
Parameter \d = 5
Found cached RTLIL representation for module `$paramod\MSKreg\d=s32'00000000000000000000000000000101'.
Parameter \d = 5
Found cached RTLIL representation for module `$paramod\MSKreg\d=s32'00000000000000000000000000000101'.
Parameter \d = 5
Found cached RTLIL representation for module `$paramod\MSKreg\d=s32'00000000000000000000000000000101'.
Parameter \d = 5
Found cached RTLIL representation for module `$paramod\MSKreg\d=s32'00000000000000000000000000000101'.
Parameter \d = 5
Found cached RTLIL representation for module `$paramod\MSKreg\d=s32'00000000000000000000000000000101'.
Parameter \d = 5
Found cached RTLIL representation for module `$paramod\MSKreg\d=s32'00000000000000000000000000000101'.
Parameter \d = 5
Found cached RTLIL representation for module `$paramod\MSKreg\d=s32'00000000000000000000000000000101'.
Parameter \d = 5
Found cached RTLIL representation for module `$paramod\MSKreg\d=s32'00000000000000000000000000000101'.
Parameter \d = 5
Found cached RTLIL representation for module `$paramod\MSKreg\d=s32'00000000000000000000000000000101'.
Parameter \d = 5
Found cached RTLIL representation for module `$paramod\MSKreg\d=s32'00000000000000000000000000000101'.
Parameter \d = 5
Found cached RTLIL representation for module `$paramod\MSKreg\d=s32'00000000000000000000000000000101'.
Parameter \d = 5
Found cached RTLIL representation for module `$paramod\MSKreg\d=s32'00000000000000000000000000000101'.
Parameter \d = 5
Found cached RTLIL representation for module `$paramod\MSKreg\d=s32'00000000000000000000000000000101'.
Parameter \d = 5
Found cached RTLIL representation for module `$paramod\MSKreg\d=s32'00000000000000000000000000000101'.
Parameter \d = 5
Found cached RTLIL representation for module `$paramod\MSKreg\d=s32'00000000000000000000000000000101'.
Parameter \d = 5
Found cached RTLIL representation for module `$paramod\MSKreg\d=s32'00000000000000000000000000000101'.
Parameter \d = 5
Found cached RTLIL representation for module `$paramod\MSKreg\d=s32'00000000000000000000000000000101'.
Parameter \d = 5
Found cached RTLIL representation for module `$paramod\MSKreg\d=s32'00000000000000000000000000000101'.
Parameter \d = 5
Found cached RTLIL representation for module `$paramod\MSKreg\d=s32'00000000000000000000000000000101'.
Parameter \d = 5
Found cached RTLIL representation for module `$paramod\MSKreg\d=s32'00000000000000000000000000000101'.
Parameter \d = 5
Found cached RTLIL representation for module `$paramod\MSKreg\d=s32'00000000000000000000000000000101'.
Parameter \d = 5
Found cached RTLIL representation for module `$paramod\MSKreg\d=s32'00000000000000000000000000000101'.
Parameter \d = 5
Found cached RTLIL representation for module `$paramod\MSKreg\d=s32'00000000000000000000000000000101'.
Parameter \d = 5
Found cached RTLIL representation for module `$paramod\MSKreg\d=s32'00000000000000000000000000000101'.
Parameter \d = 5
Found cached RTLIL representation for module `$paramod\MSKreg\d=s32'00000000000000000000000000000101'.
Parameter \d = 5
Found cached RTLIL representation for module `$paramod\MSKreg\d=s32'00000000000000000000000000000101'.
Parameter \d = 5
Found cached RTLIL representation for module `$paramod\MSKreg\d=s32'00000000000000000000000000000101'.
Parameter \d = 5
Found cached RTLIL representation for module `$paramod\MSKreg\d=s32'00000000000000000000000000000101'.
Parameter \d = 5
Found cached RTLIL representation for module `$paramod\MSKreg\d=s32'00000000000000000000000000000101'.
Parameter \d = 5
Found cached RTLIL representation for module `$paramod\MSKreg\d=s32'00000000000000000000000000000101'.
Parameter \d = 5
Found cached RTLIL representation for module `$paramod\MSKreg\d=s32'00000000000000000000000000000101'.
Parameter \d = 5
Found cached RTLIL representation for module `$paramod\MSKreg\d=s32'00000000000000000000000000000101'.
Parameter \d = 5
Found cached RTLIL representation for module `$paramod\MSKreg\d=s32'00000000000000000000000000000101'.
Parameter \d = 5
Found cached RTLIL representation for module `$paramod\MSKreg\d=s32'00000000000000000000000000000101'.
Parameter \d = 5
Found cached RTLIL representation for module `$paramod\MSKreg\d=s32'00000000000000000000000000000101'.
Parameter \d = 5
Found cached RTLIL representation for module `$paramod\MSKreg\d=s32'00000000000000000000000000000101'.
Parameter \d = 5
Found cached RTLIL representation for module `$paramod\MSKreg\d=s32'00000000000000000000000000000101'.
Parameter \d = 5
Found cached RTLIL representation for module `$paramod\MSKreg\d=s32'00000000000000000000000000000101'.
Parameter \d = 5
Found cached RTLIL representation for module `$paramod\MSKreg\d=s32'00000000000000000000000000000101'.
Parameter \d = 5
Found cached RTLIL representation for module `$paramod\MSKreg\d=s32'00000000000000000000000000000101'.
Parameter \d = 5
Found cached RTLIL representation for module `$paramod\MSKreg\d=s32'00000000000000000000000000000101'.
Parameter \d = 5
Found cached RTLIL representation for module `$paramod\MSKreg\d=s32'00000000000000000000000000000101'.
Parameter \d = 5
Found cached RTLIL representation for module `$paramod\MSKreg\d=s32'00000000000000000000000000000101'.
Parameter \d = 5
Found cached RTLIL representation for module `$paramod\MSKreg\d=s32'00000000000000000000000000000101'.
Parameter \d = 5
Found cached RTLIL representation for module `$paramod\MSKreg\d=s32'00000000000000000000000000000101'.
Parameter \d = 5
Found cached RTLIL representation for module `$paramod\MSKreg\d=s32'00000000000000000000000000000101'.
Parameter \d = 5
Found cached RTLIL representation for module `$paramod\MSKreg\d=s32'00000000000000000000000000000101'.
Parameter \d = 5
Found cached RTLIL representation for module `$paramod\MSKreg\d=s32'00000000000000000000000000000101'.
Parameter \d = 5
Found cached RTLIL representation for module `$paramod\MSKreg\d=s32'00000000000000000000000000000101'.
Parameter \d = 5
Found cached RTLIL representation for module `$paramod\MSKreg\d=s32'00000000000000000000000000000101'.
Parameter \d = 5
Found cached RTLIL representation for module `$paramod\MSKreg\d=s32'00000000000000000000000000000101'.
Parameter \d = 5
Found cached RTLIL representation for module `$paramod\MSKreg\d=s32'00000000000000000000000000000101'.
Parameter \d = 5
Found cached RTLIL representation for module `$paramod\MSKreg\d=s32'00000000000000000000000000000101'.
Parameter \d = 5
Found cached RTLIL representation for module `$paramod\MSKreg\d=s32'00000000000000000000000000000101'.
Parameter \d = 5
Found cached RTLIL representation for module `$paramod\MSKreg\d=s32'00000000000000000000000000000101'.
Parameter \d = 5
Found cached RTLIL representation for module `$paramod\MSKreg\d=s32'00000000000000000000000000000101'.
Parameter \d = 5
Found cached RTLIL representation for module `$paramod\MSKreg\d=s32'00000000000000000000000000000101'.
Parameter \d = 5

46.9. Executing AST frontend in derive mode using pre-parsed AST for module `\MSKand_sharewise'.
Parameter \d = 5
Generating RTLIL representation for module `$paramod\MSKand_sharewise\d=s32'00000000000000000000000000000101'.
Parameter \d = 5
Found cached RTLIL representation for module `$paramod\MSKand_hpc2o_cross\d=s32'00000000000000000000000000000101'.
Parameter \d = 5
Found cached RTLIL representation for module `$paramod\MSKand_sharewise\d=s32'00000000000000000000000000000101'.
Parameter \d = 5
Found cached RTLIL representation for module `$paramod\MSKand_hpc2o_cross\d=s32'00000000000000000000000000000101'.
Parameter \d = 5
Found cached RTLIL representation for module `$paramod\MSKand_sharewise\d=s32'00000000000000000000000000000101'.
Parameter \d = 5
Found cached RTLIL representation for module `$paramod\MSKand_hpc2o_cross\d=s32'00000000000000000000000000000101'.
Parameter \d = 5
Found cached RTLIL representation for module `$paramod\MSKand_sharewise\d=s32'00000000000000000000000000000101'.
Parameter \d = 5
Found cached RTLIL representation for module `$paramod\MSKand_hpc2o_cross\d=s32'00000000000000000000000000000101'.
Parameter \d = 5
Found cached RTLIL representation for module `$paramod\MSKand_sharewise\d=s32'00000000000000000000000000000101'.
Parameter \d = 5
Found cached RTLIL representation for module `$paramod\MSKand_hpc2o_cross\d=s32'00000000000000000000000000000101'.
Parameter \d = 5
Found cached RTLIL representation for module `$paramod\MSKand_sharewise\d=s32'00000000000000000000000000000101'.
Parameter \d = 5
Found cached RTLIL representation for module `$paramod\MSKand_hpc2o_cross\d=s32'00000000000000000000000000000101'.
Parameter \d = 5
Found cached RTLIL representation for module `$paramod\MSKand_sharewise\d=s32'00000000000000000000000000000101'.
Parameter \d = 5
Found cached RTLIL representation for module `$paramod\MSKand_hpc2o_cross\d=s32'00000000000000000000000000000101'.
Parameter \d = 5
Found cached RTLIL representation for module `$paramod\MSKand_sharewise\d=s32'00000000000000000000000000000101'.
Parameter \d = 5
Found cached RTLIL representation for module `$paramod\MSKand_hpc2o_cross\d=s32'00000000000000000000000000000101'.
Parameter \d = 5
Found cached RTLIL representation for module `$paramod\MSKand_sharewise\d=s32'00000000000000000000000000000101'.
Parameter \d = 5
Found cached RTLIL representation for module `$paramod\MSKand_hpc2o_cross\d=s32'00000000000000000000000000000101'.
Parameter \d = 5
Found cached RTLIL representation for module `$paramod\MSKand_sharewise\d=s32'00000000000000000000000000000101'.
Parameter \d = 5
Found cached RTLIL representation for module `$paramod\MSKand_hpc2o_cross\d=s32'00000000000000000000000000000101'.
Parameter \d = 5
Found cached RTLIL representation for module `$paramod\MSKand_sharewise\d=s32'00000000000000000000000000000101'.
Parameter \d = 5
Found cached RTLIL representation for module `$paramod\MSKand_hpc2o_cross\d=s32'00000000000000000000000000000101'.
Parameter \d = 5
Found cached RTLIL representation for module `$paramod\MSKand_sharewise\d=s32'00000000000000000000000000000101'.
Parameter \d = 5
Found cached RTLIL representation for module `$paramod\MSKand_hpc2o_cross\d=s32'00000000000000000000000000000101'.
Parameter \d = 5
Found cached RTLIL representation for module `$paramod\MSKand_sharewise\d=s32'00000000000000000000000000000101'.
Parameter \d = 5
Found cached RTLIL representation for module `$paramod\MSKand_hpc2o_cross\d=s32'00000000000000000000000000000101'.
Parameter \d = 5
Found cached RTLIL representation for module `$paramod\MSKand_sharewise\d=s32'00000000000000000000000000000101'.
Parameter \d = 5
Found cached RTLIL representation for module `$paramod\MSKand_hpc2o_cross\d=s32'00000000000000000000000000000101'.
Parameter \d = 5
Found cached RTLIL representation for module `$paramod\MSKand_sharewise\d=s32'00000000000000000000000000000101'.
Parameter \d = 5
Found cached RTLIL representation for module `$paramod\MSKand_hpc2o_cross\d=s32'00000000000000000000000000000101'.
Parameter \d = 5
Found cached RTLIL representation for module `$paramod\MSKand_sharewise\d=s32'00000000000000000000000000000101'.
Parameter \d = 5
Found cached RTLIL representation for module `$paramod\MSKand_hpc2o_cross\d=s32'00000000000000000000000000000101'.
Parameter \d = 5
Found cached RTLIL representation for module `$paramod\MSKand_sharewise\d=s32'00000000000000000000000000000101'.
Parameter \d = 5
Found cached RTLIL representation for module `$paramod\MSKand_hpc2o_cross\d=s32'00000000000000000000000000000101'.
Parameter \d = 5
Found cached RTLIL representation for module `$paramod\MSKand_sharewise\d=s32'00000000000000000000000000000101'.
Parameter \d = 5
Found cached RTLIL representation for module `$paramod\MSKand_hpc2o_cross\d=s32'00000000000000000000000000000101'.
Parameter \d = 5
Found cached RTLIL representation for module `$paramod\MSKand_sharewise\d=s32'00000000000000000000000000000101'.
Parameter \d = 5

46.10. Executing AST frontend in derive mode using pre-parsed AST for module `\MSKand_hpc2o_cross_swapped'.
Parameter \d = 5
Generating RTLIL representation for module `$paramod\MSKand_hpc2o_cross_swapped\d=s32'00000000000000000000000000000101'.
Parameter \d = 5
Found cached RTLIL representation for module `$paramod\MSKand_sharewise\d=s32'00000000000000000000000000000101'.
Parameter \d = 5
Found cached RTLIL representation for module `$paramod\MSKand_hpc2o_cross_swapped\d=s32'00000000000000000000000000000101'.
Parameter \d = 5
Found cached RTLIL representation for module `$paramod\MSKand_sharewise\d=s32'00000000000000000000000000000101'.
Parameter \d = 5
Found cached RTLIL representation for module `$paramod\MSKand_hpc2o_cross\d=s32'00000000000000000000000000000101'.
Parameter \d = 5
Found cached RTLIL representation for module `$paramod\MSKand_sharewise\d=s32'00000000000000000000000000000101'.
Parameter \d = 5
Found cached RTLIL representation for module `$paramod\MSKand_hpc2o_cross\d=s32'00000000000000000000000000000101'.
Parameter \d = 5

46.11. Executing AST frontend in derive mode using pre-parsed AST for module `\MSKxnor'.
Parameter \d = 5
Generating RTLIL representation for module `$paramod\MSKxnor\d=s32'00000000000000000000000000000101'.
Parameter \d = 5
Found cached RTLIL representation for module `$paramod\MSKxnor\d=s32'00000000000000000000000000000101'.
Parameter \d = 5

46.12. Executing AST frontend in derive mode using pre-parsed AST for module `\MSKxor'.
Parameter \d = 5
Generating RTLIL representation for module `$paramod\MSKxor\d=s32'00000000000000000000000000000101'.
Parameter \d = 5
Found cached RTLIL representation for module `$paramod\MSKxor\d=s32'00000000000000000000000000000101'.
Parameter \d = 5
Found cached RTLIL representation for module `$paramod\MSKxor\d=s32'00000000000000000000000000000101'.
Parameter \d = 5
Found cached RTLIL representation for module `$paramod\MSKxnor\d=s32'00000000000000000000000000000101'.
Parameter \d = 5
Found cached RTLIL representation for module `$paramod\MSKxnor\d=s32'00000000000000000000000000000101'.
Parameter \d = 5
Found cached RTLIL representation for module `$paramod\MSKxor\d=s32'00000000000000000000000000000101'.
Parameter \d = 5
Found cached RTLIL representation for module `$paramod\MSKxor\d=s32'00000000000000000000000000000101'.
Parameter \d = 5
Found cached RTLIL representation for module `$paramod\MSKxor\d=s32'00000000000000000000000000000101'.
Parameter \d = 5
Found cached RTLIL representation for module `$paramod\MSKxor\d=s32'00000000000000000000000000000101'.
Parameter \d = 5
Found cached RTLIL representation for module `$paramod\MSKxor\d=s32'00000000000000000000000000000101'.
Parameter \d = 5
Found cached RTLIL representation for module `$paramod\MSKxor\d=s32'00000000000000000000000000000101'.
Parameter \d = 5
Found cached RTLIL representation for module `$paramod\MSKxor\d=s32'00000000000000000000000000000101'.
Parameter \d = 5
Found cached RTLIL representation for module `$paramod\MSKxor\d=s32'00000000000000000000000000000101'.
Parameter \d = 5
Found cached RTLIL representation for module `$paramod\MSKxor\d=s32'00000000000000000000000000000101'.
Parameter \d = 5
Found cached RTLIL representation for module `$paramod\MSKxor\d=s32'00000000000000000000000000000101'.
Parameter \d = 5
Found cached RTLIL representation for module `$paramod\MSKxor\d=s32'00000000000000000000000000000101'.
Parameter \d = 5
Found cached RTLIL representation for module `$paramod\MSKxor\d=s32'00000000000000000000000000000101'.
Parameter \d = 5
Found cached RTLIL representation for module `$paramod\MSKxor\d=s32'00000000000000000000000000000101'.
Parameter \d = 5
Found cached RTLIL representation for module `$paramod\MSKxor\d=s32'00000000000000000000000000000101'.
Parameter \d = 5
Found cached RTLIL representation for module `$paramod\MSKxor\d=s32'00000000000000000000000000000101'.
Parameter \d = 5
Found cached RTLIL representation for module `$paramod\MSKxor\d=s32'00000000000000000000000000000101'.
Parameter \d = 5
Found cached RTLIL representation for module `$paramod\MSKxor\d=s32'00000000000000000000000000000101'.
Parameter \d = 5
Found cached RTLIL representation for module `$paramod\MSKxor\d=s32'00000000000000000000000000000101'.
Parameter \d = 5
Found cached RTLIL representation for module `$paramod\MSKxor\d=s32'00000000000000000000000000000101'.
Parameter \d = 5
Found cached RTLIL representation for module `$paramod\MSKxor\d=s32'00000000000000000000000000000101'.
Parameter \d = 5
Found cached RTLIL representation for module `$paramod\MSKxor\d=s32'00000000000000000000000000000101'.
Parameter \d = 5
Found cached RTLIL representation for module `$paramod\MSKxor\d=s32'00000000000000000000000000000101'.
Parameter \d = 5
Found cached RTLIL representation for module `$paramod\MSKxor\d=s32'00000000000000000000000000000101'.
Parameter \d = 5
Found cached RTLIL representation for module `$paramod\MSKxor\d=s32'00000000000000000000000000000101'.
Parameter \d = 5
Found cached RTLIL representation for module `$paramod\MSKxor\d=s32'00000000000000000000000000000101'.
Parameter \d = 5
Found cached RTLIL representation for module `$paramod\MSKxor\d=s32'00000000000000000000000000000101'.
Parameter \d = 5
Found cached RTLIL representation for module `$paramod\MSKxor\d=s32'00000000000000000000000000000101'.
Parameter \d = 5
Found cached RTLIL representation for module `$paramod\MSKxor\d=s32'00000000000000000000000000000101'.
Parameter \d = 5
Found cached RTLIL representation for module `$paramod\MSKxor\d=s32'00000000000000000000000000000101'.
Parameter \d = 5
Found cached RTLIL representation for module `$paramod\MSKxor\d=s32'00000000000000000000000000000101'.
Parameter \d = 5
Found cached RTLIL representation for module `$paramod\MSKxor\d=s32'00000000000000000000000000000101'.
Parameter \d = 5
Found cached RTLIL representation for module `$paramod\MSKxor\d=s32'00000000000000000000000000000101'.
Parameter \d = 5
Found cached RTLIL representation for module `$paramod\MSKxor\d=s32'00000000000000000000000000000101'.
Parameter \d = 5
Found cached RTLIL representation for module `$paramod\MSKxor\d=s32'00000000000000000000000000000101'.
Parameter \d = 5
Found cached RTLIL representation for module `$paramod\MSKxor\d=s32'00000000000000000000000000000101'.
Parameter \d = 5
Found cached RTLIL representation for module `$paramod\MSKxor\d=s32'00000000000000000000000000000101'.
Parameter \d = 5
Found cached RTLIL representation for module `$paramod\MSKxor\d=s32'00000000000000000000000000000101'.
Parameter \d = 5
Found cached RTLIL representation for module `$paramod\MSKxor\d=s32'00000000000000000000000000000101'.
Parameter \d = 5
Found cached RTLIL representation for module `$paramod\MSKxor\d=s32'00000000000000000000000000000101'.
Parameter \d = 5
Found cached RTLIL representation for module `$paramod\MSKxor\d=s32'00000000000000000000000000000101'.
Parameter \d = 5
Found cached RTLIL representation for module `$paramod\MSKxor\d=s32'00000000000000000000000000000101'.
Parameter \d = 5
Found cached RTLIL representation for module `$paramod\MSKxor\d=s32'00000000000000000000000000000101'.
Parameter \d = 5
Found cached RTLIL representation for module `$paramod\MSKxor\d=s32'00000000000000000000000000000101'.
Parameter \d = 5
Found cached RTLIL representation for module `$paramod\MSKxor\d=s32'00000000000000000000000000000101'.
Parameter \d = 5
Found cached RTLIL representation for module `$paramod\MSKxor\d=s32'00000000000000000000000000000101'.
Parameter \d = 5
Found cached RTLIL representation for module `$paramod\MSKxor\d=s32'00000000000000000000000000000101'.
Parameter \d = 5
Found cached RTLIL representation for module `$paramod\MSKxor\d=s32'00000000000000000000000000000101'.
Parameter \d = 5
Found cached RTLIL representation for module `$paramod\MSKxor\d=s32'00000000000000000000000000000101'.
Parameter \d = 5
Found cached RTLIL representation for module `$paramod\MSKxor\d=s32'00000000000000000000000000000101'.
Parameter \d = 5
Found cached RTLIL representation for module `$paramod\MSKxor\d=s32'00000000000000000000000000000101'.
Parameter \d = 5
Found cached RTLIL representation for module `$paramod\MSKxor\d=s32'00000000000000000000000000000101'.
Parameter \d = 5
Found cached RTLIL representation for module `$paramod\MSKxor\d=s32'00000000000000000000000000000101'.
Parameter \d = 5
Found cached RTLIL representation for module `$paramod\MSKxor\d=s32'00000000000000000000000000000101'.
Parameter \d = 5
Found cached RTLIL representation for module `$paramod\MSKxor\d=s32'00000000000000000000000000000101'.
Parameter \d = 5
Found cached RTLIL representation for module `$paramod\MSKxor\d=s32'00000000000000000000000000000101'.
Parameter \d = 5
Found cached RTLIL representation for module `$paramod\MSKxor\d=s32'00000000000000000000000000000101'.
Parameter \d = 5
Found cached RTLIL representation for module `$paramod\MSKxor\d=s32'00000000000000000000000000000101'.
Parameter \d = 5
Found cached RTLIL representation for module `$paramod\MSKxor\d=s32'00000000000000000000000000000101'.
Parameter \d = 5
Found cached RTLIL representation for module `$paramod\MSKxor\d=s32'00000000000000000000000000000101'.
Parameter \d = 5
Found cached RTLIL representation for module `$paramod\MSKxor\d=s32'00000000000000000000000000000101'.
Parameter \d = 5
Found cached RTLIL representation for module `$paramod\MSKand_hpc3o\d=s32'00000000000000000000000000000101'.
Parameter \d = 5
Found cached RTLIL representation for module `$paramod\MSKxor\d=s32'00000000000000000000000000000101'.
Parameter \d = 5
Found cached RTLIL representation for module `$paramod\MSKxor\d=s32'00000000000000000000000000000101'.
Parameter \d = 5

46.13. Executing AST frontend in derive mode using pre-parsed AST for module `\MSKand_hpc3o_swapped'.
Parameter \d = 5
Generating RTLIL representation for module `$paramod\MSKand_hpc3o_swapped\d=s32'00000000000000000000000000000101'.
Parameter \d = 5
Found cached RTLIL representation for module `$paramod\MSKxor\d=s32'00000000000000000000000000000101'.
Parameter \d = 5
Found cached RTLIL representation for module `$paramod\MSKxor\d=s32'00000000000000000000000000000101'.
Parameter \d = 5
Found cached RTLIL representation for module `$paramod\MSKxor\d=s32'00000000000000000000000000000101'.
Parameter \d = 5
Found cached RTLIL representation for module `$paramod\MSKxor\d=s32'00000000000000000000000000000101'.
Parameter \d = 5
Found cached RTLIL representation for module `$paramod\MSKxor\d=s32'00000000000000000000000000000101'.
Parameter \d = 5
Found cached RTLIL representation for module `$paramod\MSKand_hpc3o_swapped\d=s32'00000000000000000000000000000101'.
Parameter \d = 5
Found cached RTLIL representation for module `$paramod\MSKxor\d=s32'00000000000000000000000000000101'.
Parameter \d = 5
Found cached RTLIL representation for module `$paramod\MSKxor\d=s32'00000000000000000000000000000101'.
Parameter \d = 5
Found cached RTLIL representation for module `$paramod\MSKxor\d=s32'00000000000000000000000000000101'.
Parameter \d = 5
Found cached RTLIL representation for module `$paramod\MSKxor\d=s32'00000000000000000000000000000101'.
Parameter \d = 5
Found cached RTLIL representation for module `$paramod\MSKxor\d=s32'00000000000000000000000000000101'.
Parameter \d = 5
Found cached RTLIL representation for module `$paramod\MSKxor\d=s32'00000000000000000000000000000101'.
Parameter \d = 5
Found cached RTLIL representation for module `$paramod\MSKxor\d=s32'00000000000000000000000000000101'.
Parameter \d = 5
Found cached RTLIL representation for module `$paramod\MSKxor\d=s32'00000000000000000000000000000101'.
Parameter \d = 5
Found cached RTLIL representation for module `$paramod\MSKxor\d=s32'00000000000000000000000000000101'.
Parameter \d = 5
Found cached RTLIL representation for module `$paramod\MSKxor\d=s32'00000000000000000000000000000101'.
Parameter \d = 5
Found cached RTLIL representation for module `$paramod\MSKand_hpc3o_swapped\d=s32'00000000000000000000000000000101'.
Parameter \d = 5
Found cached RTLIL representation for module `$paramod\MSKxor\d=s32'00000000000000000000000000000101'.
Parameter \d = 5
Found cached RTLIL representation for module `$paramod\MSKand_hpc3o\d=s32'00000000000000000000000000000101'.
Parameter \d = 5
Found cached RTLIL representation for module `$paramod\MSKand_hpc3o_swapped\d=s32'00000000000000000000000000000101'.
Parameter \d = 5
Found cached RTLIL representation for module `$paramod\MSKxor\d=s32'00000000000000000000000000000101'.
Parameter \d = 5
Found cached RTLIL representation for module `$paramod\MSKand_hpc3o_swapped\d=s32'00000000000000000000000000000101'.
Parameter \d = 5
Found cached RTLIL representation for module `$paramod\MSKxor\d=s32'00000000000000000000000000000101'.
Parameter \d = 5
Found cached RTLIL representation for module `$paramod\MSKand_hpc3o\d=s32'00000000000000000000000000000101'.
Parameter \d = 5
Found cached RTLIL representation for module `$paramod\MSKand_hpc3o\d=s32'00000000000000000000000000000101'.
Parameter \d = 5
Found cached RTLIL representation for module `$paramod\MSKxor\d=s32'00000000000000000000000000000101'.
Parameter \d = 5
Found cached RTLIL representation for module `$paramod\MSKand_hpc3o_swapped\d=s32'00000000000000000000000000000101'.
Parameter \d = 5
Found cached RTLIL representation for module `$paramod\MSKxor\d=s32'00000000000000000000000000000101'.
Parameter \d = 5
Found cached RTLIL representation for module `$paramod\MSKand_hpc3o\d=s32'00000000000000000000000000000101'.
Parameter \d = 5
Found cached RTLIL representation for module `$paramod\MSKand_hpc3o\d=s32'00000000000000000000000000000101'.
Parameter \d = 5
Found cached RTLIL representation for module `$paramod\MSKxor\d=s32'00000000000000000000000000000101'.
Parameter \d = 5
Found cached RTLIL representation for module `$paramod\MSKxor\d=s32'00000000000000000000000000000101'.
Parameter \d = 5
Found cached RTLIL representation for module `$paramod\MSKxor\d=s32'00000000000000000000000000000101'.
Parameter \d = 5
Found cached RTLIL representation for module `$paramod\MSKxor\d=s32'00000000000000000000000000000101'.
Parameter \d = 5
Found cached RTLIL representation for module `$paramod\MSKxor\d=s32'00000000000000000000000000000101'.
Parameter \d = 5
Found cached RTLIL representation for module `$paramod\MSKxor\d=s32'00000000000000000000000000000101'.
Parameter \d = 5
Found cached RTLIL representation for module `$paramod\MSKxor\d=s32'00000000000000000000000000000101'.
Parameter \d = 5
Found cached RTLIL representation for module `$paramod\MSKxor\d=s32'00000000000000000000000000000101'.
Parameter \d = 5
Found cached RTLIL representation for module `$paramod\MSKxor\d=s32'00000000000000000000000000000101'.
Parameter \d = 5
Found cached RTLIL representation for module `$paramod\MSKxor\d=s32'00000000000000000000000000000101'.
Parameter \d = 5
Found cached RTLIL representation for module `$paramod\MSKxor\d=s32'00000000000000000000000000000101'.
Parameter \d = 5
Found cached RTLIL representation for module `$paramod\MSKxor\d=s32'00000000000000000000000000000101'.
Parameter \d = 5
Found cached RTLIL representation for module `$paramod\MSKxor\d=s32'00000000000000000000000000000101'.
Parameter \d = 5
Found cached RTLIL representation for module `$paramod\MSKxor\d=s32'00000000000000000000000000000101'.
Parameter \d = 5
Found cached RTLIL representation for module `$paramod\MSKxor\d=s32'00000000000000000000000000000101'.
Parameter \d = 5
Found cached RTLIL representation for module `$paramod\MSKxor\d=s32'00000000000000000000000000000101'.
Parameter \d = 5
Found cached RTLIL representation for module `$paramod\MSKxor\d=s32'00000000000000000000000000000101'.
Parameter \d = 5
Found cached RTLIL representation for module `$paramod\MSKxor\d=s32'00000000000000000000000000000101'.
Parameter \d = 5
Found cached RTLIL representation for module `$paramod\MSKxor\d=s32'00000000000000000000000000000101'.
Parameter \d = 5
Found cached RTLIL representation for module `$paramod\MSKxor\d=s32'00000000000000000000000000000101'.
Parameter \d = 5
Found cached RTLIL representation for module `$paramod\MSKxor\d=s32'00000000000000000000000000000101'.
Parameter \d = 5
Found cached RTLIL representation for module `$paramod\MSKxor\d=s32'00000000000000000000000000000101'.
Parameter \d = 5
Found cached RTLIL representation for module `$paramod\MSKxor\d=s32'00000000000000000000000000000101'.
Parameter \d = 5
Found cached RTLIL representation for module `$paramod\MSKxor\d=s32'00000000000000000000000000000101'.
Parameter \d = 5
Found cached RTLIL representation for module `$paramod\MSKxor\d=s32'00000000000000000000000000000101'.
Parameter \d = 5
Found cached RTLIL representation for module `$paramod\MSKxor\d=s32'00000000000000000000000000000101'.
Parameter \d = 5
Found cached RTLIL representation for module `$paramod\MSKxor\d=s32'00000000000000000000000000000101'.

46.14. Analyzing design hierarchy..
Top module:  \aes_bp
Used module:     $paramod\MSKreg\d=s32'00000000000000000000000000000101
Used module:     $paramod\MSKand_sharewise\d=s32'00000000000000000000000000000101
Used module:     $paramod\MSKand_hpc2o_cross\d=s32'00000000000000000000000000000101
Used module:         \bin_REG
Used module:     $paramod\MSKand_hpc2o_cross_swapped\d=s32'00000000000000000000000000000101
Used module:         \MSKand_hpc2o_cross
Used module:             $paramod\bin_REG\W=s32'00000000000000000000000000000001
Used module:             $paramod\bin_REG\W=s32'00000000000000000000000000001010
Used module:     $paramod\MSKxnor\d=s32'00000000000000000000000000000101
Used module:         \MSKinv
Used module:         \MSKxor
Used module:     $paramod\MSKxor\d=s32'00000000000000000000000000000101
Used module:     $paramod\MSKand_hpc3o\d=s32'00000000000000000000000000000101
Used module:     $paramod\MSKand_hpc3o_swapped\d=s32'00000000000000000000000000000101
Used module:         \MSKand_hpc3o
Parameter \W = 1
Found cached RTLIL representation for module `$paramod\bin_REG\W=s32'00000000000000000000000000000001'.
Parameter \W = 1
Found cached RTLIL representation for module `$paramod\bin_REG\W=s32'00000000000000000000000000000001'.
Parameter \W = 1
Found cached RTLIL representation for module `$paramod\bin_REG\W=s32'00000000000000000000000000000001'.
Parameter \W = 1
Found cached RTLIL representation for module `$paramod\bin_REG\W=s32'00000000000000000000000000000001'.
Parameter \W = 1
Found cached RTLIL representation for module `$paramod\bin_REG\W=s32'00000000000000000000000000000001'.
Parameter \W = 1
Found cached RTLIL representation for module `$paramod\bin_REG\W=s32'00000000000000000000000000000001'.
Parameter \W = 1
Found cached RTLIL representation for module `$paramod\bin_REG\W=s32'00000000000000000000000000000001'.
Parameter \W = 1
Found cached RTLIL representation for module `$paramod\bin_REG\W=s32'00000000000000000000000000000001'.
Parameter \W = 1
Found cached RTLIL representation for module `$paramod\bin_REG\W=s32'00000000000000000000000000000001'.
Parameter \W = 1
Found cached RTLIL representation for module `$paramod\bin_REG\W=s32'00000000000000000000000000000001'.
Parameter \W = 1
Found cached RTLIL representation for module `$paramod\bin_REG\W=s32'00000000000000000000000000000001'.
Parameter \W = 1
Found cached RTLIL representation for module `$paramod\bin_REG\W=s32'00000000000000000000000000000001'.
Parameter \W = 1
Found cached RTLIL representation for module `$paramod\bin_REG\W=s32'00000000000000000000000000000001'.
Parameter \W = 1
Found cached RTLIL representation for module `$paramod\bin_REG\W=s32'00000000000000000000000000000001'.
Parameter \W = 1
Found cached RTLIL representation for module `$paramod\bin_REG\W=s32'00000000000000000000000000000001'.
Parameter \W = 1
Found cached RTLIL representation for module `$paramod\bin_REG\W=s32'00000000000000000000000000000001'.
Parameter \W = 1
Found cached RTLIL representation for module `$paramod\bin_REG\W=s32'00000000000000000000000000000001'.
Parameter \W = 1
Found cached RTLIL representation for module `$paramod\bin_REG\W=s32'00000000000000000000000000000001'.
Parameter \W = 1
Found cached RTLIL representation for module `$paramod\bin_REG\W=s32'00000000000000000000000000000001'.
Parameter \W = 1
Found cached RTLIL representation for module `$paramod\bin_REG\W=s32'00000000000000000000000000000001'.
Parameter \W = 1
Found cached RTLIL representation for module `$paramod\bin_REG\W=s32'00000000000000000000000000000001'.
Parameter \W = 1
Found cached RTLIL representation for module `$paramod\bin_REG\W=s32'00000000000000000000000000000001'.
Parameter \W = 1
Found cached RTLIL representation for module `$paramod\bin_REG\W=s32'00000000000000000000000000000001'.
Parameter \W = 1
Found cached RTLIL representation for module `$paramod\bin_REG\W=s32'00000000000000000000000000000001'.
Parameter \W = 1
Found cached RTLIL representation for module `$paramod\bin_REG\W=s32'00000000000000000000000000000001'.
Parameter \W = 1
Found cached RTLIL representation for module `$paramod\bin_REG\W=s32'00000000000000000000000000000001'.
Parameter \W = 1
Found cached RTLIL representation for module `$paramod\bin_REG\W=s32'00000000000000000000000000000001'.
Parameter \W = 1
Found cached RTLIL representation for module `$paramod\bin_REG\W=s32'00000000000000000000000000000001'.
Parameter \W = 1
Found cached RTLIL representation for module `$paramod\bin_REG\W=s32'00000000000000000000000000000001'.
Parameter \W = 1
Found cached RTLIL representation for module `$paramod\bin_REG\W=s32'00000000000000000000000000000001'.
Parameter \W = 1
Found cached RTLIL representation for module `$paramod\bin_REG\W=s32'00000000000000000000000000000001'.
Parameter \W = 1
Found cached RTLIL representation for module `$paramod\bin_REG\W=s32'00000000000000000000000000000001'.
Parameter \W = 1
Found cached RTLIL representation for module `$paramod\bin_REG\W=s32'00000000000000000000000000000001'.
Parameter \W = 1
Found cached RTLIL representation for module `$paramod\bin_REG\W=s32'00000000000000000000000000000001'.
Parameter \W = 1
Found cached RTLIL representation for module `$paramod\bin_REG\W=s32'00000000000000000000000000000001'.
Parameter \W = 1
Found cached RTLIL representation for module `$paramod\bin_REG\W=s32'00000000000000000000000000000001'.
Parameter \W = 1
Found cached RTLIL representation for module `$paramod\bin_REG\W=s32'00000000000000000000000000000001'.
Parameter \W = 1
Found cached RTLIL representation for module `$paramod\bin_REG\W=s32'00000000000000000000000000000001'.
Parameter \W = 1
Found cached RTLIL representation for module `$paramod\bin_REG\W=s32'00000000000000000000000000000001'.
Parameter \W = 1
Found cached RTLIL representation for module `$paramod\bin_REG\W=s32'00000000000000000000000000000001'.
Parameter \W = 1
Found cached RTLIL representation for module `$paramod\bin_REG\W=s32'00000000000000000000000000000001'.
Parameter \W = 1
Found cached RTLIL representation for module `$paramod\bin_REG\W=s32'00000000000000000000000000000001'.
Parameter \W = 1
Found cached RTLIL representation for module `$paramod\bin_REG\W=s32'00000000000000000000000000000001'.
Parameter \W = 1
Found cached RTLIL representation for module `$paramod\bin_REG\W=s32'00000000000000000000000000000001'.
Parameter \W = 1
Found cached RTLIL representation for module `$paramod\bin_REG\W=s32'00000000000000000000000000000001'.
Parameter \W = 1
Found cached RTLIL representation for module `$paramod\bin_REG\W=s32'00000000000000000000000000000001'.
Parameter \W = 1
Found cached RTLIL representation for module `$paramod\bin_REG\W=s32'00000000000000000000000000000001'.
Parameter \W = 1
Found cached RTLIL representation for module `$paramod\bin_REG\W=s32'00000000000000000000000000000001'.
Parameter \W = 1
Found cached RTLIL representation for module `$paramod\bin_REG\W=s32'00000000000000000000000000000001'.
Parameter \W = 1
Found cached RTLIL representation for module `$paramod\bin_REG\W=s32'00000000000000000000000000000001'.
Parameter \W = 1
Found cached RTLIL representation for module `$paramod\bin_REG\W=s32'00000000000000000000000000000001'.
Parameter \W = 1
Found cached RTLIL representation for module `$paramod\bin_REG\W=s32'00000000000000000000000000000001'.
Parameter \W = 1
Found cached RTLIL representation for module `$paramod\bin_REG\W=s32'00000000000000000000000000000001'.
Parameter \W = 1
Found cached RTLIL representation for module `$paramod\bin_REG\W=s32'00000000000000000000000000000001'.
Parameter \W = 1
Found cached RTLIL representation for module `$paramod\bin_REG\W=s32'00000000000000000000000000000001'.
Parameter \W = 1
Found cached RTLIL representation for module `$paramod\bin_REG\W=s32'00000000000000000000000000000001'.
Parameter \W = 1
Found cached RTLIL representation for module `$paramod\bin_REG\W=s32'00000000000000000000000000000001'.
Parameter \W = 1
Found cached RTLIL representation for module `$paramod\bin_REG\W=s32'00000000000000000000000000000001'.
Parameter \W = 1
Found cached RTLIL representation for module `$paramod\bin_REG\W=s32'00000000000000000000000000000001'.
Parameter \W = 1
Found cached RTLIL representation for module `$paramod\bin_REG\W=s32'00000000000000000000000000000001'.
Parameter \W = 10
Found cached RTLIL representation for module `$paramod\bin_REG\W=s32'00000000000000000000000000001010'.
Parameter \W = 1
Found cached RTLIL representation for module `$paramod\bin_REG\W=s32'00000000000000000000000000000001'.
Parameter \W = 1
Found cached RTLIL representation for module `$paramod\bin_REG\W=s32'00000000000000000000000000000001'.
Parameter \W = 1
Found cached RTLIL representation for module `$paramod\bin_REG\W=s32'00000000000000000000000000000001'.
Parameter \W = 1
Found cached RTLIL representation for module `$paramod\bin_REG\W=s32'00000000000000000000000000000001'.
Parameter \W = 1
Found cached RTLIL representation for module `$paramod\bin_REG\W=s32'00000000000000000000000000000001'.
Parameter \W = 1
Found cached RTLIL representation for module `$paramod\bin_REG\W=s32'00000000000000000000000000000001'.
Parameter \W = 1
Found cached RTLIL representation for module `$paramod\bin_REG\W=s32'00000000000000000000000000000001'.
Parameter \W = 1
Found cached RTLIL representation for module `$paramod\bin_REG\W=s32'00000000000000000000000000000001'.
Parameter \W = 1
Found cached RTLIL representation for module `$paramod\bin_REG\W=s32'00000000000000000000000000000001'.
Parameter \W = 1
Found cached RTLIL representation for module `$paramod\bin_REG\W=s32'00000000000000000000000000000001'.
Parameter \W = 1
Found cached RTLIL representation for module `$paramod\bin_REG\W=s32'00000000000000000000000000000001'.
Parameter \W = 1
Found cached RTLIL representation for module `$paramod\bin_REG\W=s32'00000000000000000000000000000001'.
Parameter \W = 1
Found cached RTLIL representation for module `$paramod\bin_REG\W=s32'00000000000000000000000000000001'.
Parameter \W = 1
Found cached RTLIL representation for module `$paramod\bin_REG\W=s32'00000000000000000000000000000001'.
Parameter \W = 1
Found cached RTLIL representation for module `$paramod\bin_REG\W=s32'00000000000000000000000000000001'.
Parameter \W = 1
Found cached RTLIL representation for module `$paramod\bin_REG\W=s32'00000000000000000000000000000001'.
Parameter \W = 1
Found cached RTLIL representation for module `$paramod\bin_REG\W=s32'00000000000000000000000000000001'.
Parameter \W = 1
Found cached RTLIL representation for module `$paramod\bin_REG\W=s32'00000000000000000000000000000001'.
Parameter \W = 1
Found cached RTLIL representation for module `$paramod\bin_REG\W=s32'00000000000000000000000000000001'.
Parameter \W = 1
Found cached RTLIL representation for module `$paramod\bin_REG\W=s32'00000000000000000000000000000001'.
Parameter \W = 1
Found cached RTLIL representation for module `$paramod\bin_REG\W=s32'00000000000000000000000000000001'.
Parameter \W = 1
Found cached RTLIL representation for module `$paramod\bin_REG\W=s32'00000000000000000000000000000001'.
Parameter \W = 1
Found cached RTLIL representation for module `$paramod\bin_REG\W=s32'00000000000000000000000000000001'.
Parameter \W = 1
Found cached RTLIL representation for module `$paramod\bin_REG\W=s32'00000000000000000000000000000001'.
Parameter \W = 1
Found cached RTLIL representation for module `$paramod\bin_REG\W=s32'00000000000000000000000000000001'.
Parameter \W = 1
Found cached RTLIL representation for module `$paramod\bin_REG\W=s32'00000000000000000000000000000001'.
Parameter \W = 1
Found cached RTLIL representation for module `$paramod\bin_REG\W=s32'00000000000000000000000000000001'.
Parameter \W = 1
Found cached RTLIL representation for module `$paramod\bin_REG\W=s32'00000000000000000000000000000001'.
Parameter \W = 1
Found cached RTLIL representation for module `$paramod\bin_REG\W=s32'00000000000000000000000000000001'.
Parameter \W = 1
Found cached RTLIL representation for module `$paramod\bin_REG\W=s32'00000000000000000000000000000001'.
Parameter \W = 1
Found cached RTLIL representation for module `$paramod\bin_REG\W=s32'00000000000000000000000000000001'.
Parameter \W = 1
Found cached RTLIL representation for module `$paramod\bin_REG\W=s32'00000000000000000000000000000001'.
Parameter \W = 1
Found cached RTLIL representation for module `$paramod\bin_REG\W=s32'00000000000000000000000000000001'.
Parameter \W = 1
Found cached RTLIL representation for module `$paramod\bin_REG\W=s32'00000000000000000000000000000001'.
Parameter \W = 1
Found cached RTLIL representation for module `$paramod\bin_REG\W=s32'00000000000000000000000000000001'.
Parameter \W = 1
Found cached RTLIL representation for module `$paramod\bin_REG\W=s32'00000000000000000000000000000001'.
Parameter \W = 1
Found cached RTLIL representation for module `$paramod\bin_REG\W=s32'00000000000000000000000000000001'.
Parameter \W = 1
Found cached RTLIL representation for module `$paramod\bin_REG\W=s32'00000000000000000000000000000001'.
Parameter \W = 1
Found cached RTLIL representation for module `$paramod\bin_REG\W=s32'00000000000000000000000000000001'.
Parameter \W = 1
Found cached RTLIL representation for module `$paramod\bin_REG\W=s32'00000000000000000000000000000001'.
Parameter \d = 5
Found cached RTLIL representation for module `$paramod\MSKand_hpc2o_cross\d=s32'00000000000000000000000000000101'.
Parameter \d = 5
Found cached RTLIL representation for module `$paramod\MSKinv\d=s32'00000000000000000000000000000101'.
Parameter \d = 5
Parameter \count = 1
Found cached RTLIL representation for module `$paramod$2589394551ed5df03e31ad3b9ee102c6002b20f4\MSKxor'.
Parameter \d = 5
Found cached RTLIL representation for module `$paramod\MSKand_hpc3o\d=s32'00000000000000000000000000000101'.

46.15. Analyzing design hierarchy..
Top module:  \aes_bp
Used module:     $paramod\MSKreg\d=s32'00000000000000000000000000000101
Used module:     $paramod\MSKand_sharewise\d=s32'00000000000000000000000000000101
Used module:     $paramod\MSKand_hpc2o_cross\d=s32'00000000000000000000000000000101
Used module:         $paramod\bin_REG\W=s32'00000000000000000000000000000001
Used module:         $paramod\bin_REG\W=s32'00000000000000000000000000001010
Used module:     $paramod\MSKand_hpc2o_cross_swapped\d=s32'00000000000000000000000000000101
Used module:     $paramod\MSKxnor\d=s32'00000000000000000000000000000101
Used module:         $paramod\MSKinv\d=s32'00000000000000000000000000000101
Used module:         $paramod$2589394551ed5df03e31ad3b9ee102c6002b20f4\MSKxor
Used module:     $paramod\MSKxor\d=s32'00000000000000000000000000000101
Used module:     $paramod\MSKand_hpc3o\d=s32'00000000000000000000000000000101
Used module:     $paramod\MSKand_hpc3o_swapped\d=s32'00000000000000000000000000000101

46.16. Analyzing design hierarchy..
Top module:  \aes_bp
Used module:     $paramod\MSKreg\d=s32'00000000000000000000000000000101
Used module:     $paramod\MSKand_sharewise\d=s32'00000000000000000000000000000101
Used module:     $paramod\MSKand_hpc2o_cross\d=s32'00000000000000000000000000000101
Used module:         $paramod\bin_REG\W=s32'00000000000000000000000000000001
Used module:         $paramod\bin_REG\W=s32'00000000000000000000000000001010
Used module:     $paramod\MSKand_hpc2o_cross_swapped\d=s32'00000000000000000000000000000101
Used module:     $paramod\MSKxnor\d=s32'00000000000000000000000000000101
Used module:         $paramod\MSKinv\d=s32'00000000000000000000000000000101
Used module:         $paramod$2589394551ed5df03e31ad3b9ee102c6002b20f4\MSKxor
Used module:     $paramod\MSKxor\d=s32'00000000000000000000000000000101
Used module:     $paramod\MSKand_hpc3o\d=s32'00000000000000000000000000000101
Used module:     $paramod\MSKand_hpc3o_swapped\d=s32'00000000000000000000000000000101
Removing unused module `\trivium_prng'.
Removing unused module `\prng_top'.
Removing unused module `\MSKxor'.
Removing unused module `\MSKxnor'.
Removing unused module `\MSKscanReg'.
Removing unused module `\MSKregEn'.
Removing unused module `\MSKreg'.
Removing unused module `\MSKref_sni'.
Removing unused module `\MSKnor_hpc2'.
Removing unused module `\MSKmux'.
Removing unused module `\MSKinv'.
Removing unused module `\MSKg4mul_hpc3'.
Removing unused module `\MSKg4mul_hpc1'.
Removing unused module `\MSKg4mul_dom'.
Removing unused module `\MSKg16mul_hpc3'.
Removing unused module `\MSKg16mul_hpc1'.
Removing unused module `\MSKg16mul_dom'.
Removing unused module `\MSKcst'.
Removing unused module `\MSKand_sharewise'.
Removing unused module `\MSKand_hpc3o_tof'.
Removing unused module `\MSKand_hpc3o_swapped_tof'.
Removing unused module `\MSKand_hpc3o_swapped'.
Removing unused module `\MSKand_hpc3o'.
Removing unused module `\MSKand_hpc3_cross_er_swapped'.
Removing unused module `\MSKand_hpc3_cross_er'.
Removing unused module `\MSKand_hpc3_cross'.
Removing unused module `\MSKand_hpc3'.
Removing unused module `\MSKand_hpc2o_tof'.
Removing unused module `\MSKand_hpc2o_swapped_tof'.
Removing unused module `\MSKand_hpc2o_swapped'.
Removing unused module `\MSKand_hpc2o_cross_swapped'.
Removing unused module `\MSKand_hpc2o_cross'.
Removing unused module `\MSKand_hpc2o'.
Removing unused module `\MSKand_hpc2_swapped'.
Removing unused module `\MSKand_hpc2_cross_swapped'.
Removing unused module `\MSKand_hpc2_cross'.
Removing unused module `\MSKand_hpc2'.
Removing unused module `\MSKand_hpc1'.
Removing unused module `\MSKand_ghpcll'.
Removing unused module `\MSKand_ghpc'.
Removing unused module `\MSKand_dom'.
Removing unused module `\G4_mul'.
Removing unused module `\G16_mul'.
Removing unused module `\G4_scl_N'.
Removing unused module `\bin_REG'.
Removed 45 unused modules.

47. Executing PROC pass (convert processes to netlists).

47.1. Executing PROC_CLEAN pass (remove empty switches from decision trees).
Cleaned up 0 empty switches.

47.2. Executing PROC_RMDEAD pass (remove dead branches from decision trees).
Removed a total of 0 dead cases.

47.3. Executing PROC_PRUNE pass (remove redundant assignments in processes).
Removed 0 redundant assignments.
Promoted 103 assignments to connections.

47.4. Executing PROC_INIT pass (extract init attributes).

47.5. Executing PROC_ARST pass (detect async resets in processes).

47.6. Executing PROC_ROM pass (convert switches to ROMs).
Converted 0 switches.

47.7. Executing PROC_MUX pass (convert decision trees to multiplexers).
Creating decoders for process `$paramod\MSKand_hpc3o\d=s32'00000000000000000000000000000101.$proc$gadget_library/MSK/MSKand_hpc3o.v:0$1779'.
Creating decoders for process `$paramod\MSKand_hpc2o_cross\d=s32'00000000000000000000000000000101.$proc$gadget_library/MSK/MSKand_hpc2o_cross.v:0$1678'.
Creating decoders for process `$paramod\bin_REG\W=s32'00000000000000000000000000001010.$proc$gadget_library/BIN/bin_REG.v:25$1587'.
Creating decoders for process `$paramod\bin_REG\W=s32'00000000000000000000000000000001.$proc$gadget_library/BIN/bin_REG.v:25$1586'.
Creating decoders for process `$paramod\MSKreg\d=s32'00000000000000000000000000000101.$proc$gadget_library/MSK/MSKreg.v:26$1782'.

47.8. Executing PROC_DLATCH pass (convert process syncs to latches).
No latch inferred for signal `$paramod\MSKand_hpc3o\d=s32'00000000000000000000000000000101.\rnd_mat0[0]' from process `$paramod\MSKand_hpc3o\d=s32'00000000000000000000000000000101.$proc$gadget_library/MSK/MSKand_hpc3o.v:0$1779'.
No latch inferred for signal `$paramod\MSKand_hpc3o\d=s32'00000000000000000000000000000101.\rnd_mat0[1]' from process `$paramod\MSKand_hpc3o\d=s32'00000000000000000000000000000101.$proc$gadget_library/MSK/MSKand_hpc3o.v:0$1779'.
No latch inferred for signal `$paramod\MSKand_hpc3o\d=s32'00000000000000000000000000000101.\rnd_mat0[2]' from process `$paramod\MSKand_hpc3o\d=s32'00000000000000000000000000000101.$proc$gadget_library/MSK/MSKand_hpc3o.v:0$1779'.
No latch inferred for signal `$paramod\MSKand_hpc3o\d=s32'00000000000000000000000000000101.\rnd_mat0[3]' from process `$paramod\MSKand_hpc3o\d=s32'00000000000000000000000000000101.$proc$gadget_library/MSK/MSKand_hpc3o.v:0$1779'.
No latch inferred for signal `$paramod\MSKand_hpc3o\d=s32'00000000000000000000000000000101.\rnd_mat0[4]' from process `$paramod\MSKand_hpc3o\d=s32'00000000000000000000000000000101.$proc$gadget_library/MSK/MSKand_hpc3o.v:0$1779'.
No latch inferred for signal `$paramod\MSKand_hpc3o\d=s32'00000000000000000000000000000101.\rnd_mat1[0]' from process `$paramod\MSKand_hpc3o\d=s32'00000000000000000000000000000101.$proc$gadget_library/MSK/MSKand_hpc3o.v:0$1779'.
No latch inferred for signal `$paramod\MSKand_hpc3o\d=s32'00000000000000000000000000000101.\rnd_mat1[1]' from process `$paramod\MSKand_hpc3o\d=s32'00000000000000000000000000000101.$proc$gadget_library/MSK/MSKand_hpc3o.v:0$1779'.
No latch inferred for signal `$paramod\MSKand_hpc3o\d=s32'00000000000000000000000000000101.\rnd_mat1[2]' from process `$paramod\MSKand_hpc3o\d=s32'00000000000000000000000000000101.$proc$gadget_library/MSK/MSKand_hpc3o.v:0$1779'.
No latch inferred for signal `$paramod\MSKand_hpc3o\d=s32'00000000000000000000000000000101.\rnd_mat1[3]' from process `$paramod\MSKand_hpc3o\d=s32'00000000000000000000000000000101.$proc$gadget_library/MSK/MSKand_hpc3o.v:0$1779'.
No latch inferred for signal `$paramod\MSKand_hpc3o\d=s32'00000000000000000000000000000101.\rnd_mat1[4]' from process `$paramod\MSKand_hpc3o\d=s32'00000000000000000000000000000101.$proc$gadget_library/MSK/MSKand_hpc3o.v:0$1779'.
No latch inferred for signal `$paramod\MSKand_hpc2o_cross\d=s32'00000000000000000000000000000101.\rnd_mat[0]' from process `$paramod\MSKand_hpc2o_cross\d=s32'00000000000000000000000000000101.$proc$gadget_library/MSK/MSKand_hpc2o_cross.v:0$1678'.
No latch inferred for signal `$paramod\MSKand_hpc2o_cross\d=s32'00000000000000000000000000000101.\rnd_mat[1]' from process `$paramod\MSKand_hpc2o_cross\d=s32'00000000000000000000000000000101.$proc$gadget_library/MSK/MSKand_hpc2o_cross.v:0$1678'.
No latch inferred for signal `$paramod\MSKand_hpc2o_cross\d=s32'00000000000000000000000000000101.\rnd_mat[2]' from process `$paramod\MSKand_hpc2o_cross\d=s32'00000000000000000000000000000101.$proc$gadget_library/MSK/MSKand_hpc2o_cross.v:0$1678'.
No latch inferred for signal `$paramod\MSKand_hpc2o_cross\d=s32'00000000000000000000000000000101.\rnd_mat[3]' from process `$paramod\MSKand_hpc2o_cross\d=s32'00000000000000000000000000000101.$proc$gadget_library/MSK/MSKand_hpc2o_cross.v:0$1678'.
No latch inferred for signal `$paramod\MSKand_hpc2o_cross\d=s32'00000000000000000000000000000101.\rnd_mat[4]' from process `$paramod\MSKand_hpc2o_cross\d=s32'00000000000000000000000000000101.$proc$gadget_library/MSK/MSKand_hpc2o_cross.v:0$1678'.
No latch inferred for signal `$paramod\MSKand_hpc2o_cross\d=s32'00000000000000000000000000000101.\rnd_mat_prev[0]' from process `$paramod\MSKand_hpc2o_cross\d=s32'00000000000000000000000000000101.$proc$gadget_library/MSK/MSKand_hpc2o_cross.v:0$1678'.
No latch inferred for signal `$paramod\MSKand_hpc2o_cross\d=s32'00000000000000000000000000000101.\rnd_mat_prev[1]' from process `$paramod\MSKand_hpc2o_cross\d=s32'00000000000000000000000000000101.$proc$gadget_library/MSK/MSKand_hpc2o_cross.v:0$1678'.
No latch inferred for signal `$paramod\MSKand_hpc2o_cross\d=s32'00000000000000000000000000000101.\rnd_mat_prev[2]' from process `$paramod\MSKand_hpc2o_cross\d=s32'00000000000000000000000000000101.$proc$gadget_library/MSK/MSKand_hpc2o_cross.v:0$1678'.
No latch inferred for signal `$paramod\MSKand_hpc2o_cross\d=s32'00000000000000000000000000000101.\rnd_mat_prev[3]' from process `$paramod\MSKand_hpc2o_cross\d=s32'00000000000000000000000000000101.$proc$gadget_library/MSK/MSKand_hpc2o_cross.v:0$1678'.
No latch inferred for signal `$paramod\MSKand_hpc2o_cross\d=s32'00000000000000000000000000000101.\rnd_mat_prev[4]' from process `$paramod\MSKand_hpc2o_cross\d=s32'00000000000000000000000000000101.$proc$gadget_library/MSK/MSKand_hpc2o_cross.v:0$1678'.

47.9. Executing PROC_DFF pass (convert process syncs to FFs).
Creating register for signal `$paramod\bin_REG\W=s32'00000000000000000000000000001010.\regi' using process `$paramod\bin_REG\W=s32'00000000000000000000000000001010.$proc$gadget_library/BIN/bin_REG.v:25$1587'.
  created $dff cell `$procdff$1785' with positive edge clock.
Creating register for signal `$paramod\bin_REG\W=s32'00000000000000000000000000000001.\regi' using process `$paramod\bin_REG\W=s32'00000000000000000000000000000001.$proc$gadget_library/BIN/bin_REG.v:25$1586'.
  created $dff cell `$procdff$1786' with positive edge clock.
Creating register for signal `$paramod\MSKreg\d=s32'00000000000000000000000000000101.\state' using process `$paramod\MSKreg\d=s32'00000000000000000000000000000101.$proc$gadget_library/MSK/MSKreg.v:26$1782'.
  created $dff cell `$procdff$1787' with positive edge clock.

47.10. Executing PROC_MEMWR pass (convert process memory writes to cells).

47.11. Executing PROC_CLEAN pass (remove empty switches from decision trees).
Removing empty process `$paramod\MSKand_hpc3o\d=s32'00000000000000000000000000000101.$proc$gadget_library/MSK/MSKand_hpc3o.v:0$1779'.
Removing empty process `$paramod\MSKand_hpc2o_cross\d=s32'00000000000000000000000000000101.$proc$gadget_library/MSK/MSKand_hpc2o_cross.v:0$1678'.
Removing empty process `$paramod\bin_REG\W=s32'00000000000000000000000000001010.$proc$gadget_library/BIN/bin_REG.v:25$1587'.
Removing empty process `$paramod\bin_REG\W=s32'00000000000000000000000000000001.$proc$gadget_library/BIN/bin_REG.v:25$1586'.
Removing empty process `$paramod\MSKreg\d=s32'00000000000000000000000000000101.$proc$gadget_library/MSK/MSKreg.v:26$1782'.
Cleaned up 0 empty switches.

47.12. Executing OPT_EXPR pass (perform const folding).
Optimizing module $paramod$2589394551ed5df03e31ad3b9ee102c6002b20f4\MSKxor.
Optimizing module $paramod\MSKinv\d=s32'00000000000000000000000000000101.
Optimizing module $paramod\MSKand_hpc3o\d=s32'00000000000000000000000000000101.
Optimizing module $paramod\MSKand_hpc2o_cross\d=s32'00000000000000000000000000000101.
Optimizing module $paramod\bin_REG\W=s32'00000000000000000000000000001010.
Optimizing module $paramod\bin_REG\W=s32'00000000000000000000000000000001.
Optimizing module aes_bp.
Optimizing module $paramod\MSKand_hpc3o_swapped\d=s32'00000000000000000000000000000101.
Optimizing module $paramod\MSKxor\d=s32'00000000000000000000000000000101.
Optimizing module $paramod\MSKxnor\d=s32'00000000000000000000000000000101.
Optimizing module $paramod\MSKand_hpc2o_cross_swapped\d=s32'00000000000000000000000000000101.
Optimizing module $paramod\MSKand_sharewise\d=s32'00000000000000000000000000000101.
Optimizing module $paramod\MSKreg\d=s32'00000000000000000000000000000101.

48. Executing OPT pass (performing simple optimizations).

48.1. Executing OPT_EXPR pass (perform const folding).
Optimizing module $paramod$2589394551ed5df03e31ad3b9ee102c6002b20f4\MSKxor.
Optimizing module $paramod\MSKinv\d=s32'00000000000000000000000000000101.
Optimizing module $paramod\MSKand_hpc3o\d=s32'00000000000000000000000000000101.
Optimizing module $paramod\MSKand_hpc2o_cross\d=s32'00000000000000000000000000000101.
Optimizing module $paramod\bin_REG\W=s32'00000000000000000000000000001010.
Optimizing module $paramod\bin_REG\W=s32'00000000000000000000000000000001.
Optimizing module aes_bp.
Optimizing module $paramod\MSKand_hpc3o_swapped\d=s32'00000000000000000000000000000101.
Optimizing module $paramod\MSKxor\d=s32'00000000000000000000000000000101.
Optimizing module $paramod\MSKxnor\d=s32'00000000000000000000000000000101.
Optimizing module $paramod\MSKand_hpc2o_cross_swapped\d=s32'00000000000000000000000000000101.
Optimizing module $paramod\MSKand_sharewise\d=s32'00000000000000000000000000000101.
Optimizing module $paramod\MSKreg\d=s32'00000000000000000000000000000101.

48.2. Executing OPT_MERGE pass (detect identical cells).
Finding identical cells in module `$paramod$2589394551ed5df03e31ad3b9ee102c6002b20f4\MSKxor'.
Finding identical cells in module `$paramod\MSKinv\d=s32'00000000000000000000000000000101'.
Finding identical cells in module `$paramod\MSKand_hpc3o\d=s32'00000000000000000000000000000101'.
<suppressed ~15 debug messages>
Finding identical cells in module `$paramod\MSKand_hpc2o_cross\d=s32'00000000000000000000000000000101'.
<suppressed ~45 debug messages>
Finding identical cells in module `$paramod\bin_REG\W=s32'00000000000000000000000000001010'.
Finding identical cells in module `$paramod\bin_REG\W=s32'00000000000000000000000000000001'.
Finding identical cells in module `\aes_bp'.
Finding identical cells in module `$paramod\MSKand_hpc3o_swapped\d=s32'00000000000000000000000000000101'.
Finding identical cells in module `$paramod\MSKxor\d=s32'00000000000000000000000000000101'.
Finding identical cells in module `$paramod\MSKxnor\d=s32'00000000000000000000000000000101'.
Finding identical cells in module `$paramod\MSKand_hpc2o_cross_swapped\d=s32'00000000000000000000000000000101'.
Finding identical cells in module `$paramod\MSKand_sharewise\d=s32'00000000000000000000000000000101'.
Finding identical cells in module `$paramod\MSKreg\d=s32'00000000000000000000000000000101'.
Removed a total of 20 cells.

48.3. Executing OPT_MUXTREE pass (detect dead branches in mux trees).
Running muxtree optimizer on module $paramod$2589394551ed5df03e31ad3b9ee102c6002b20f4\MSKxor..
  Creating internal representation of mux trees.
  No muxes found in this module.
Running muxtree optimizer on module $paramod\MSKinv\d=s32'00000000000000000000000000000101..
  Creating internal representation of mux trees.
  No muxes found in this module.
Running muxtree optimizer on module $paramod\MSKand_hpc3o\d=s32'00000000000000000000000000000101..
  Creating internal representation of mux trees.
  No muxes found in this module.
Running muxtree optimizer on module $paramod\MSKand_hpc2o_cross\d=s32'00000000000000000000000000000101..
  Creating internal representation of mux trees.
  No muxes found in this module.
Running muxtree optimizer on module $paramod\bin_REG\W=s32'00000000000000000000000000001010..
  Creating internal representation of mux trees.
  No muxes found in this module.
Running muxtree optimizer on module $paramod\bin_REG\W=s32'00000000000000000000000000000001..
  Creating internal representation of mux trees.
  No muxes found in this module.
Running muxtree optimizer on module \aes_bp..
  Creating internal representation of mux trees.
  No muxes found in this module.
Running muxtree optimizer on module $paramod\MSKand_hpc3o_swapped\d=s32'00000000000000000000000000000101..
  Creating internal representation of mux trees.
  No muxes found in this module.
Running muxtree optimizer on module $paramod\MSKxor\d=s32'00000000000000000000000000000101..
  Creating internal representation of mux trees.
  No muxes found in this module.
Running muxtree optimizer on module $paramod\MSKxnor\d=s32'00000000000000000000000000000101..
  Creating internal representation of mux trees.
  No muxes found in this module.
Running muxtree optimizer on module $paramod\MSKand_hpc2o_cross_swapped\d=s32'00000000000000000000000000000101..
  Creating internal representation of mux trees.
  No muxes found in this module.
Running muxtree optimizer on module $paramod\MSKand_sharewise\d=s32'00000000000000000000000000000101..
  Creating internal representation of mux trees.
  No muxes found in this module.
Running muxtree optimizer on module $paramod\MSKreg\d=s32'00000000000000000000000000000101..
  Creating internal representation of mux trees.
  No muxes found in this module.
Removed 0 multiplexer ports.

48.4. Executing OPT_REDUCE pass (consolidate $*mux and $reduce_* inputs).
  Optimizing cells in module $paramod$2589394551ed5df03e31ad3b9ee102c6002b20f4\MSKxor.
  Optimizing cells in module $paramod\MSKinv\d=s32'00000000000000000000000000000101.
  Optimizing cells in module $paramod\MSKand_hpc3o\d=s32'00000000000000000000000000000101.
  Optimizing cells in module $paramod\MSKand_hpc2o_cross\d=s32'00000000000000000000000000000101.
  Optimizing cells in module $paramod\bin_REG\W=s32'00000000000000000000000000001010.
  Optimizing cells in module $paramod\bin_REG\W=s32'00000000000000000000000000000001.
  Optimizing cells in module \aes_bp.
  Optimizing cells in module $paramod\MSKand_hpc3o_swapped\d=s32'00000000000000000000000000000101.
  Optimizing cells in module $paramod\MSKxor\d=s32'00000000000000000000000000000101.
  Optimizing cells in module $paramod\MSKxnor\d=s32'00000000000000000000000000000101.
  Optimizing cells in module $paramod\MSKand_hpc2o_cross_swapped\d=s32'00000000000000000000000000000101.
  Optimizing cells in module $paramod\MSKand_sharewise\d=s32'00000000000000000000000000000101.
  Optimizing cells in module $paramod\MSKreg\d=s32'00000000000000000000000000000101.
Performed a total of 0 changes.

48.5. Executing OPT_MERGE pass (detect identical cells).
Finding identical cells in module `$paramod$2589394551ed5df03e31ad3b9ee102c6002b20f4\MSKxor'.
Finding identical cells in module `$paramod\MSKinv\d=s32'00000000000000000000000000000101'.
Finding identical cells in module `$paramod\MSKand_hpc3o\d=s32'00000000000000000000000000000101'.
Finding identical cells in module `$paramod\MSKand_hpc2o_cross\d=s32'00000000000000000000000000000101'.
Finding identical cells in module `$paramod\bin_REG\W=s32'00000000000000000000000000001010'.
Finding identical cells in module `$paramod\bin_REG\W=s32'00000000000000000000000000000001'.
Finding identical cells in module `\aes_bp'.
Finding identical cells in module `$paramod\MSKand_hpc3o_swapped\d=s32'00000000000000000000000000000101'.
Finding identical cells in module `$paramod\MSKxor\d=s32'00000000000000000000000000000101'.
Finding identical cells in module `$paramod\MSKxnor\d=s32'00000000000000000000000000000101'.
Finding identical cells in module `$paramod\MSKand_hpc2o_cross_swapped\d=s32'00000000000000000000000000000101'.
Finding identical cells in module `$paramod\MSKand_sharewise\d=s32'00000000000000000000000000000101'.
Finding identical cells in module `$paramod\MSKreg\d=s32'00000000000000000000000000000101'.
Removed a total of 0 cells.

48.6. Executing OPT_DFF pass (perform DFF optimizations).

48.7. Executing OPT_CLEAN pass (remove unused cells and wires).
Finding unused cells or wires in module $paramod$2589394551ed5df03e31ad3b9ee102c6002b20f4\MSKxor..
Finding unused cells or wires in module $paramod\MSKinv\d=s32'00000000000000000000000000000101..
Finding unused cells or wires in module $paramod\MSKand_hpc3o\d=s32'00000000000000000000000000000101..
Finding unused cells or wires in module $paramod\MSKand_hpc2o_cross\d=s32'00000000000000000000000000000101..
Finding unused cells or wires in module $paramod\bin_REG\W=s32'00000000000000000000000000001010..
Finding unused cells or wires in module $paramod\bin_REG\W=s32'00000000000000000000000000000001..
Finding unused cells or wires in module \aes_bp..
Finding unused cells or wires in module $paramod\MSKand_hpc3o_swapped\d=s32'00000000000000000000000000000101..
Finding unused cells or wires in module $paramod\MSKxor\d=s32'00000000000000000000000000000101..
Finding unused cells or wires in module $paramod\MSKxnor\d=s32'00000000000000000000000000000101..
Finding unused cells or wires in module $paramod\MSKand_hpc2o_cross_swapped\d=s32'00000000000000000000000000000101..
Finding unused cells or wires in module $paramod\MSKand_sharewise\d=s32'00000000000000000000000000000101..
Finding unused cells or wires in module $paramod\MSKreg\d=s32'00000000000000000000000000000101..
Removed 0 unused cells and 177 unused wires.
<suppressed ~9 debug messages>

48.8. Executing OPT_EXPR pass (perform const folding).
Optimizing module $paramod$2589394551ed5df03e31ad3b9ee102c6002b20f4\MSKxor.
Optimizing module $paramod\MSKand_hpc2o_cross\d=s32'00000000000000000000000000000101.
Optimizing module $paramod\MSKand_hpc2o_cross_swapped\d=s32'00000000000000000000000000000101.
Optimizing module $paramod\MSKand_hpc3o\d=s32'00000000000000000000000000000101.
Optimizing module $paramod\MSKand_hpc3o_swapped\d=s32'00000000000000000000000000000101.
Optimizing module $paramod\MSKand_sharewise\d=s32'00000000000000000000000000000101.
Optimizing module $paramod\MSKinv\d=s32'00000000000000000000000000000101.
Optimizing module $paramod\MSKreg\d=s32'00000000000000000000000000000101.
Optimizing module $paramod\MSKxnor\d=s32'00000000000000000000000000000101.
Optimizing module $paramod\MSKxor\d=s32'00000000000000000000000000000101.
Optimizing module $paramod\bin_REG\W=s32'00000000000000000000000000000001.
Optimizing module $paramod\bin_REG\W=s32'00000000000000000000000000001010.
Optimizing module aes_bp.

48.9. Rerunning OPT passes. (Maybe there is more to do..)

48.10. Executing OPT_MUXTREE pass (detect dead branches in mux trees).
Running muxtree optimizer on module $paramod$2589394551ed5df03e31ad3b9ee102c6002b20f4\MSKxor..
  Creating internal representation of mux trees.
  No muxes found in this module.
Running muxtree optimizer on module $paramod\MSKand_hpc2o_cross\d=s32'00000000000000000000000000000101..
  Creating internal representation of mux trees.
  No muxes found in this module.
Running muxtree optimizer on module $paramod\MSKand_hpc2o_cross_swapped\d=s32'00000000000000000000000000000101..
  Creating internal representation of mux trees.
  No muxes found in this module.
Running muxtree optimizer on module $paramod\MSKand_hpc3o\d=s32'00000000000000000000000000000101..
  Creating internal representation of mux trees.
  No muxes found in this module.
Running muxtree optimizer on module $paramod\MSKand_hpc3o_swapped\d=s32'00000000000000000000000000000101..
  Creating internal representation of mux trees.
  No muxes found in this module.
Running muxtree optimizer on module $paramod\MSKand_sharewise\d=s32'00000000000000000000000000000101..
  Creating internal representation of mux trees.
  No muxes found in this module.
Running muxtree optimizer on module $paramod\MSKinv\d=s32'00000000000000000000000000000101..
  Creating internal representation of mux trees.
  No muxes found in this module.
Running muxtree optimizer on module $paramod\MSKreg\d=s32'00000000000000000000000000000101..
  Creating internal representation of mux trees.
  No muxes found in this module.
Running muxtree optimizer on module $paramod\MSKxnor\d=s32'00000000000000000000000000000101..
  Creating internal representation of mux trees.
  No muxes found in this module.
Running muxtree optimizer on module $paramod\MSKxor\d=s32'00000000000000000000000000000101..
  Creating internal representation of mux trees.
  No muxes found in this module.
Running muxtree optimizer on module $paramod\bin_REG\W=s32'00000000000000000000000000000001..
  Creating internal representation of mux trees.
  No muxes found in this module.
Running muxtree optimizer on module $paramod\bin_REG\W=s32'00000000000000000000000000001010..
  Creating internal representation of mux trees.
  No muxes found in this module.
Running muxtree optimizer on module \aes_bp..
  Creating internal representation of mux trees.
  No muxes found in this module.
Removed 0 multiplexer ports.

48.11. Executing OPT_REDUCE pass (consolidate $*mux and $reduce_* inputs).
  Optimizing cells in module $paramod$2589394551ed5df03e31ad3b9ee102c6002b20f4\MSKxor.
  Optimizing cells in module $paramod\MSKand_hpc2o_cross\d=s32'00000000000000000000000000000101.
  Optimizing cells in module $paramod\MSKand_hpc2o_cross_swapped\d=s32'00000000000000000000000000000101.
  Optimizing cells in module $paramod\MSKand_hpc3o\d=s32'00000000000000000000000000000101.
  Optimizing cells in module $paramod\MSKand_hpc3o_swapped\d=s32'00000000000000000000000000000101.
  Optimizing cells in module $paramod\MSKand_sharewise\d=s32'00000000000000000000000000000101.
  Optimizing cells in module $paramod\MSKinv\d=s32'00000000000000000000000000000101.
  Optimizing cells in module $paramod\MSKreg\d=s32'00000000000000000000000000000101.
  Optimizing cells in module $paramod\MSKxnor\d=s32'00000000000000000000000000000101.
  Optimizing cells in module $paramod\MSKxor\d=s32'00000000000000000000000000000101.
  Optimizing cells in module $paramod\bin_REG\W=s32'00000000000000000000000000000001.
  Optimizing cells in module $paramod\bin_REG\W=s32'00000000000000000000000000001010.
  Optimizing cells in module \aes_bp.
Performed a total of 0 changes.

48.12. Executing OPT_MERGE pass (detect identical cells).
Finding identical cells in module `$paramod$2589394551ed5df03e31ad3b9ee102c6002b20f4\MSKxor'.
Finding identical cells in module `$paramod\MSKand_hpc2o_cross\d=s32'00000000000000000000000000000101'.
Finding identical cells in module `$paramod\MSKand_hpc2o_cross_swapped\d=s32'00000000000000000000000000000101'.
Finding identical cells in module `$paramod\MSKand_hpc3o\d=s32'00000000000000000000000000000101'.
Finding identical cells in module `$paramod\MSKand_hpc3o_swapped\d=s32'00000000000000000000000000000101'.
Finding identical cells in module `$paramod\MSKand_sharewise\d=s32'00000000000000000000000000000101'.
Finding identical cells in module `$paramod\MSKinv\d=s32'00000000000000000000000000000101'.
Finding identical cells in module `$paramod\MSKreg\d=s32'00000000000000000000000000000101'.
Finding identical cells in module `$paramod\MSKxnor\d=s32'00000000000000000000000000000101'.
Finding identical cells in module `$paramod\MSKxor\d=s32'00000000000000000000000000000101'.
Finding identical cells in module `$paramod\bin_REG\W=s32'00000000000000000000000000000001'.
Finding identical cells in module `$paramod\bin_REG\W=s32'00000000000000000000000000001010'.
Finding identical cells in module `\aes_bp'.
Removed a total of 0 cells.

48.13. Executing OPT_DFF pass (perform DFF optimizations).

48.14. Executing OPT_CLEAN pass (remove unused cells and wires).
Finding unused cells or wires in module $paramod$2589394551ed5df03e31ad3b9ee102c6002b20f4\MSKxor..
Finding unused cells or wires in module $paramod\MSKand_hpc2o_cross\d=s32'00000000000000000000000000000101..
Finding unused cells or wires in module $paramod\MSKand_hpc2o_cross_swapped\d=s32'00000000000000000000000000000101..
Finding unused cells or wires in module $paramod\MSKand_hpc3o\d=s32'00000000000000000000000000000101..
Finding unused cells or wires in module $paramod\MSKand_hpc3o_swapped\d=s32'00000000000000000000000000000101..
Finding unused cells or wires in module $paramod\MSKand_sharewise\d=s32'00000000000000000000000000000101..
Finding unused cells or wires in module $paramod\MSKinv\d=s32'00000000000000000000000000000101..
Finding unused cells or wires in module $paramod\MSKreg\d=s32'00000000000000000000000000000101..
Finding unused cells or wires in module $paramod\MSKxnor\d=s32'00000000000000000000000000000101..
Finding unused cells or wires in module $paramod\MSKxor\d=s32'00000000000000000000000000000101..
Finding unused cells or wires in module $paramod\bin_REG\W=s32'00000000000000000000000000000001..
Finding unused cells or wires in module $paramod\bin_REG\W=s32'00000000000000000000000000001010..
Finding unused cells or wires in module \aes_bp..

48.15. Executing OPT_EXPR pass (perform const folding).
Optimizing module $paramod$2589394551ed5df03e31ad3b9ee102c6002b20f4\MSKxor.
Optimizing module $paramod\MSKand_hpc2o_cross\d=s32'00000000000000000000000000000101.
Optimizing module $paramod\MSKand_hpc2o_cross_swapped\d=s32'00000000000000000000000000000101.
Optimizing module $paramod\MSKand_hpc3o\d=s32'00000000000000000000000000000101.
Optimizing module $paramod\MSKand_hpc3o_swapped\d=s32'00000000000000000000000000000101.
Optimizing module $paramod\MSKand_sharewise\d=s32'00000000000000000000000000000101.
Optimizing module $paramod\MSKinv\d=s32'00000000000000000000000000000101.
Optimizing module $paramod\MSKreg\d=s32'00000000000000000000000000000101.
Optimizing module $paramod\MSKxnor\d=s32'00000000000000000000000000000101.
Optimizing module $paramod\MSKxor\d=s32'00000000000000000000000000000101.
Optimizing module $paramod\bin_REG\W=s32'00000000000000000000000000000001.
Optimizing module $paramod\bin_REG\W=s32'00000000000000000000000000001010.
Optimizing module aes_bp.

48.16. Finished OPT passes. (There is nothing left to do.)

49. Executing FSM pass (extract and optimize FSM).

49.1. Executing FSM_DETECT pass (finding FSMs in design).

49.2. Executing FSM_EXTRACT pass (extracting FSM from design).

49.3. Executing FSM_OPT pass (simple optimizations of FSMs).

49.4. Executing OPT_CLEAN pass (remove unused cells and wires).
Finding unused cells or wires in module $paramod$2589394551ed5df03e31ad3b9ee102c6002b20f4\MSKxor..
Finding unused cells or wires in module $paramod\MSKand_hpc2o_cross\d=s32'00000000000000000000000000000101..
Finding unused cells or wires in module $paramod\MSKand_hpc2o_cross_swapped\d=s32'00000000000000000000000000000101..
Finding unused cells or wires in module $paramod\MSKand_hpc3o\d=s32'00000000000000000000000000000101..
Finding unused cells or wires in module $paramod\MSKand_hpc3o_swapped\d=s32'00000000000000000000000000000101..
Finding unused cells or wires in module $paramod\MSKand_sharewise\d=s32'00000000000000000000000000000101..
Finding unused cells or wires in module $paramod\MSKinv\d=s32'00000000000000000000000000000101..
Finding unused cells or wires in module $paramod\MSKreg\d=s32'00000000000000000000000000000101..
Finding unused cells or wires in module $paramod\MSKxnor\d=s32'00000000000000000000000000000101..
Finding unused cells or wires in module $paramod\MSKxor\d=s32'00000000000000000000000000000101..
Finding unused cells or wires in module $paramod\bin_REG\W=s32'00000000000000000000000000000001..
Finding unused cells or wires in module $paramod\bin_REG\W=s32'00000000000000000000000000001010..
Finding unused cells or wires in module \aes_bp..

49.5. Executing FSM_OPT pass (simple optimizations of FSMs).

49.6. Executing FSM_RECODE pass (re-assigning FSM state encoding).

49.7. Executing FSM_INFO pass (dumping all available information on FSM cells).

49.8. Executing FSM_MAP pass (mapping FSMs to basic logic).

50. Executing OPT pass (performing simple optimizations).

50.1. Executing OPT_EXPR pass (perform const folding).
Optimizing module $paramod$2589394551ed5df03e31ad3b9ee102c6002b20f4\MSKxor.
Optimizing module $paramod\MSKand_hpc2o_cross\d=s32'00000000000000000000000000000101.
Optimizing module $paramod\MSKand_hpc2o_cross_swapped\d=s32'00000000000000000000000000000101.
Optimizing module $paramod\MSKand_hpc3o\d=s32'00000000000000000000000000000101.
Optimizing module $paramod\MSKand_hpc3o_swapped\d=s32'00000000000000000000000000000101.
Optimizing module $paramod\MSKand_sharewise\d=s32'00000000000000000000000000000101.
Optimizing module $paramod\MSKinv\d=s32'00000000000000000000000000000101.
Optimizing module $paramod\MSKreg\d=s32'00000000000000000000000000000101.
Optimizing module $paramod\MSKxnor\d=s32'00000000000000000000000000000101.
Optimizing module $paramod\MSKxor\d=s32'00000000000000000000000000000101.
Optimizing module $paramod\bin_REG\W=s32'00000000000000000000000000000001.
Optimizing module $paramod\bin_REG\W=s32'00000000000000000000000000001010.
Optimizing module aes_bp.

50.2. Executing OPT_MERGE pass (detect identical cells).
Finding identical cells in module `$paramod$2589394551ed5df03e31ad3b9ee102c6002b20f4\MSKxor'.
Finding identical cells in module `$paramod\MSKand_hpc2o_cross\d=s32'00000000000000000000000000000101'.
Finding identical cells in module `$paramod\MSKand_hpc2o_cross_swapped\d=s32'00000000000000000000000000000101'.
Finding identical cells in module `$paramod\MSKand_hpc3o\d=s32'00000000000000000000000000000101'.
Finding identical cells in module `$paramod\MSKand_hpc3o_swapped\d=s32'00000000000000000000000000000101'.
Finding identical cells in module `$paramod\MSKand_sharewise\d=s32'00000000000000000000000000000101'.
Finding identical cells in module `$paramod\MSKinv\d=s32'00000000000000000000000000000101'.
Finding identical cells in module `$paramod\MSKreg\d=s32'00000000000000000000000000000101'.
Finding identical cells in module `$paramod\MSKxnor\d=s32'00000000000000000000000000000101'.
Finding identical cells in module `$paramod\MSKxor\d=s32'00000000000000000000000000000101'.
Finding identical cells in module `$paramod\bin_REG\W=s32'00000000000000000000000000000001'.
Finding identical cells in module `$paramod\bin_REG\W=s32'00000000000000000000000000001010'.
Finding identical cells in module `\aes_bp'.
Removed a total of 0 cells.

50.3. Executing OPT_MUXTREE pass (detect dead branches in mux trees).
Running muxtree optimizer on module $paramod$2589394551ed5df03e31ad3b9ee102c6002b20f4\MSKxor..
  Creating internal representation of mux trees.
  No muxes found in this module.
Running muxtree optimizer on module $paramod\MSKand_hpc2o_cross\d=s32'00000000000000000000000000000101..
  Creating internal representation of mux trees.
  No muxes found in this module.
Running muxtree optimizer on module $paramod\MSKand_hpc2o_cross_swapped\d=s32'00000000000000000000000000000101..
  Creating internal representation of mux trees.
  No muxes found in this module.
Running muxtree optimizer on module $paramod\MSKand_hpc3o\d=s32'00000000000000000000000000000101..
  Creating internal representation of mux trees.
  No muxes found in this module.
Running muxtree optimizer on module $paramod\MSKand_hpc3o_swapped\d=s32'00000000000000000000000000000101..
  Creating internal representation of mux trees.
  No muxes found in this module.
Running muxtree optimizer on module $paramod\MSKand_sharewise\d=s32'00000000000000000000000000000101..
  Creating internal representation of mux trees.
  No muxes found in this module.
Running muxtree optimizer on module $paramod\MSKinv\d=s32'00000000000000000000000000000101..
  Creating internal representation of mux trees.
  No muxes found in this module.
Running muxtree optimizer on module $paramod\MSKreg\d=s32'00000000000000000000000000000101..
  Creating internal representation of mux trees.
  No muxes found in this module.
Running muxtree optimizer on module $paramod\MSKxnor\d=s32'00000000000000000000000000000101..
  Creating internal representation of mux trees.
  No muxes found in this module.
Running muxtree optimizer on module $paramod\MSKxor\d=s32'00000000000000000000000000000101..
  Creating internal representation of mux trees.
  No muxes found in this module.
Running muxtree optimizer on module $paramod\bin_REG\W=s32'00000000000000000000000000000001..
  Creating internal representation of mux trees.
  No muxes found in this module.
Running muxtree optimizer on module $paramod\bin_REG\W=s32'00000000000000000000000000001010..
  Creating internal representation of mux trees.
  No muxes found in this module.
Running muxtree optimizer on module \aes_bp..
  Creating internal representation of mux trees.
  No muxes found in this module.
Removed 0 multiplexer ports.

50.4. Executing OPT_REDUCE pass (consolidate $*mux and $reduce_* inputs).
  Optimizing cells in module $paramod$2589394551ed5df03e31ad3b9ee102c6002b20f4\MSKxor.
  Optimizing cells in module $paramod\MSKand_hpc2o_cross\d=s32'00000000000000000000000000000101.
  Optimizing cells in module $paramod\MSKand_hpc2o_cross_swapped\d=s32'00000000000000000000000000000101.
  Optimizing cells in module $paramod\MSKand_hpc3o\d=s32'00000000000000000000000000000101.
  Optimizing cells in module $paramod\MSKand_hpc3o_swapped\d=s32'00000000000000000000000000000101.
  Optimizing cells in module $paramod\MSKand_sharewise\d=s32'00000000000000000000000000000101.
  Optimizing cells in module $paramod\MSKinv\d=s32'00000000000000000000000000000101.
  Optimizing cells in module $paramod\MSKreg\d=s32'00000000000000000000000000000101.
  Optimizing cells in module $paramod\MSKxnor\d=s32'00000000000000000000000000000101.
  Optimizing cells in module $paramod\MSKxor\d=s32'00000000000000000000000000000101.
  Optimizing cells in module $paramod\bin_REG\W=s32'00000000000000000000000000000001.
  Optimizing cells in module $paramod\bin_REG\W=s32'00000000000000000000000000001010.
  Optimizing cells in module \aes_bp.
Performed a total of 0 changes.

50.5. Executing OPT_MERGE pass (detect identical cells).
Finding identical cells in module `$paramod$2589394551ed5df03e31ad3b9ee102c6002b20f4\MSKxor'.
Finding identical cells in module `$paramod\MSKand_hpc2o_cross\d=s32'00000000000000000000000000000101'.
Finding identical cells in module `$paramod\MSKand_hpc2o_cross_swapped\d=s32'00000000000000000000000000000101'.
Finding identical cells in module `$paramod\MSKand_hpc3o\d=s32'00000000000000000000000000000101'.
Finding identical cells in module `$paramod\MSKand_hpc3o_swapped\d=s32'00000000000000000000000000000101'.
Finding identical cells in module `$paramod\MSKand_sharewise\d=s32'00000000000000000000000000000101'.
Finding identical cells in module `$paramod\MSKinv\d=s32'00000000000000000000000000000101'.
Finding identical cells in module `$paramod\MSKreg\d=s32'00000000000000000000000000000101'.
Finding identical cells in module `$paramod\MSKxnor\d=s32'00000000000000000000000000000101'.
Finding identical cells in module `$paramod\MSKxor\d=s32'00000000000000000000000000000101'.
Finding identical cells in module `$paramod\bin_REG\W=s32'00000000000000000000000000000001'.
Finding identical cells in module `$paramod\bin_REG\W=s32'00000000000000000000000000001010'.
Finding identical cells in module `\aes_bp'.
Removed a total of 0 cells.

50.6. Executing OPT_DFF pass (perform DFF optimizations).

50.7. Executing OPT_CLEAN pass (remove unused cells and wires).
Finding unused cells or wires in module $paramod$2589394551ed5df03e31ad3b9ee102c6002b20f4\MSKxor..
Finding unused cells or wires in module $paramod\MSKand_hpc2o_cross\d=s32'00000000000000000000000000000101..
Finding unused cells or wires in module $paramod\MSKand_hpc2o_cross_swapped\d=s32'00000000000000000000000000000101..
Finding unused cells or wires in module $paramod\MSKand_hpc3o\d=s32'00000000000000000000000000000101..
Finding unused cells or wires in module $paramod\MSKand_hpc3o_swapped\d=s32'00000000000000000000000000000101..
Finding unused cells or wires in module $paramod\MSKand_sharewise\d=s32'00000000000000000000000000000101..
Finding unused cells or wires in module $paramod\MSKinv\d=s32'00000000000000000000000000000101..
Finding unused cells or wires in module $paramod\MSKreg\d=s32'00000000000000000000000000000101..
Finding unused cells or wires in module $paramod\MSKxnor\d=s32'00000000000000000000000000000101..
Finding unused cells or wires in module $paramod\MSKxor\d=s32'00000000000000000000000000000101..
Finding unused cells or wires in module $paramod\bin_REG\W=s32'00000000000000000000000000000001..
Finding unused cells or wires in module $paramod\bin_REG\W=s32'00000000000000000000000000001010..
Finding unused cells or wires in module \aes_bp..

50.8. Executing OPT_EXPR pass (perform const folding).
Optimizing module $paramod$2589394551ed5df03e31ad3b9ee102c6002b20f4\MSKxor.
Optimizing module $paramod\MSKand_hpc2o_cross\d=s32'00000000000000000000000000000101.
Optimizing module $paramod\MSKand_hpc2o_cross_swapped\d=s32'00000000000000000000000000000101.
Optimizing module $paramod\MSKand_hpc3o\d=s32'00000000000000000000000000000101.
Optimizing module $paramod\MSKand_hpc3o_swapped\d=s32'00000000000000000000000000000101.
Optimizing module $paramod\MSKand_sharewise\d=s32'00000000000000000000000000000101.
Optimizing module $paramod\MSKinv\d=s32'00000000000000000000000000000101.
Optimizing module $paramod\MSKreg\d=s32'00000000000000000000000000000101.
Optimizing module $paramod\MSKxnor\d=s32'00000000000000000000000000000101.
Optimizing module $paramod\MSKxor\d=s32'00000000000000000000000000000101.
Optimizing module $paramod\bin_REG\W=s32'00000000000000000000000000000001.
Optimizing module $paramod\bin_REG\W=s32'00000000000000000000000000001010.
Optimizing module aes_bp.

50.9. Finished OPT passes. (There is nothing left to do.)

51. Executing MEMORY pass.

51.1. Executing OPT_MEM pass (optimize memories).
Performed a total of 0 transformations.

51.2. Executing OPT_MEM_PRIORITY pass (removing unnecessary memory write priority relations).
Performed a total of 0 transformations.

51.3. Executing OPT_MEM_FEEDBACK pass (finding memory read-to-write feedback paths).

51.4. Executing MEMORY_BMUX2ROM pass (converting muxes to ROMs).

51.5. Executing MEMORY_DFF pass (merging $dff cells to $memrd).

51.6. Executing OPT_CLEAN pass (remove unused cells and wires).
Finding unused cells or wires in module $paramod$2589394551ed5df03e31ad3b9ee102c6002b20f4\MSKxor..
Finding unused cells or wires in module $paramod\MSKand_hpc2o_cross\d=s32'00000000000000000000000000000101..
Finding unused cells or wires in module $paramod\MSKand_hpc2o_cross_swapped\d=s32'00000000000000000000000000000101..
Finding unused cells or wires in module $paramod\MSKand_hpc3o\d=s32'00000000000000000000000000000101..
Finding unused cells or wires in module $paramod\MSKand_hpc3o_swapped\d=s32'00000000000000000000000000000101..
Finding unused cells or wires in module $paramod\MSKand_sharewise\d=s32'00000000000000000000000000000101..
Finding unused cells or wires in module $paramod\MSKinv\d=s32'00000000000000000000000000000101..
Finding unused cells or wires in module $paramod\MSKreg\d=s32'00000000000000000000000000000101..
Finding unused cells or wires in module $paramod\MSKxnor\d=s32'00000000000000000000000000000101..
Finding unused cells or wires in module $paramod\MSKxor\d=s32'00000000000000000000000000000101..
Finding unused cells or wires in module $paramod\bin_REG\W=s32'00000000000000000000000000000001..
Finding unused cells or wires in module $paramod\bin_REG\W=s32'00000000000000000000000000001010..
Finding unused cells or wires in module \aes_bp..

51.7. Executing MEMORY_SHARE pass (consolidating $memrd/$memwr cells).

51.8. Executing OPT_MEM_WIDEN pass (optimize memories where all ports are wide).
Performed a total of 0 transformations.

51.9. Executing OPT_CLEAN pass (remove unused cells and wires).
Finding unused cells or wires in module $paramod$2589394551ed5df03e31ad3b9ee102c6002b20f4\MSKxor..
Finding unused cells or wires in module $paramod\MSKand_hpc2o_cross\d=s32'00000000000000000000000000000101..
Finding unused cells or wires in module $paramod\MSKand_hpc2o_cross_swapped\d=s32'00000000000000000000000000000101..
Finding unused cells or wires in module $paramod\MSKand_hpc3o\d=s32'00000000000000000000000000000101..
Finding unused cells or wires in module $paramod\MSKand_hpc3o_swapped\d=s32'00000000000000000000000000000101..
Finding unused cells or wires in module $paramod\MSKand_sharewise\d=s32'00000000000000000000000000000101..
Finding unused cells or wires in module $paramod\MSKinv\d=s32'00000000000000000000000000000101..
Finding unused cells or wires in module $paramod\MSKreg\d=s32'00000000000000000000000000000101..
Finding unused cells or wires in module $paramod\MSKxnor\d=s32'00000000000000000000000000000101..
Finding unused cells or wires in module $paramod\MSKxor\d=s32'00000000000000000000000000000101..
Finding unused cells or wires in module $paramod\bin_REG\W=s32'00000000000000000000000000000001..
Finding unused cells or wires in module $paramod\bin_REG\W=s32'00000000000000000000000000001010..
Finding unused cells or wires in module \aes_bp..

51.10. Executing MEMORY_COLLECT pass (generating $mem cells).

51.11. Executing MEMORY_MAP pass (converting memories to logic and flip-flops).

52. Executing OPT pass (performing simple optimizations).

52.1. Executing OPT_EXPR pass (perform const folding).
Optimizing module $paramod$2589394551ed5df03e31ad3b9ee102c6002b20f4\MSKxor.
Optimizing module $paramod\MSKand_hpc2o_cross\d=s32'00000000000000000000000000000101.
Optimizing module $paramod\MSKand_hpc2o_cross_swapped\d=s32'00000000000000000000000000000101.
Optimizing module $paramod\MSKand_hpc3o\d=s32'00000000000000000000000000000101.
Optimizing module $paramod\MSKand_hpc3o_swapped\d=s32'00000000000000000000000000000101.
Optimizing module $paramod\MSKand_sharewise\d=s32'00000000000000000000000000000101.
Optimizing module $paramod\MSKinv\d=s32'00000000000000000000000000000101.
Optimizing module $paramod\MSKreg\d=s32'00000000000000000000000000000101.
Optimizing module $paramod\MSKxnor\d=s32'00000000000000000000000000000101.
Optimizing module $paramod\MSKxor\d=s32'00000000000000000000000000000101.
Optimizing module $paramod\bin_REG\W=s32'00000000000000000000000000000001.
Optimizing module $paramod\bin_REG\W=s32'00000000000000000000000000001010.
Optimizing module aes_bp.

52.2. Executing OPT_MERGE pass (detect identical cells).
Finding identical cells in module `$paramod$2589394551ed5df03e31ad3b9ee102c6002b20f4\MSKxor'.
Finding identical cells in module `$paramod\MSKand_hpc2o_cross\d=s32'00000000000000000000000000000101'.
Finding identical cells in module `$paramod\MSKand_hpc2o_cross_swapped\d=s32'00000000000000000000000000000101'.
Finding identical cells in module `$paramod\MSKand_hpc3o\d=s32'00000000000000000000000000000101'.
Finding identical cells in module `$paramod\MSKand_hpc3o_swapped\d=s32'00000000000000000000000000000101'.
Finding identical cells in module `$paramod\MSKand_sharewise\d=s32'00000000000000000000000000000101'.
Finding identical cells in module `$paramod\MSKinv\d=s32'00000000000000000000000000000101'.
Finding identical cells in module `$paramod\MSKreg\d=s32'00000000000000000000000000000101'.
Finding identical cells in module `$paramod\MSKxnor\d=s32'00000000000000000000000000000101'.
Finding identical cells in module `$paramod\MSKxor\d=s32'00000000000000000000000000000101'.
Finding identical cells in module `$paramod\bin_REG\W=s32'00000000000000000000000000000001'.
Finding identical cells in module `$paramod\bin_REG\W=s32'00000000000000000000000000001010'.
Finding identical cells in module `\aes_bp'.
Removed a total of 0 cells.

52.3. Executing OPT_MUXTREE pass (detect dead branches in mux trees).
Running muxtree optimizer on module $paramod$2589394551ed5df03e31ad3b9ee102c6002b20f4\MSKxor..
  Creating internal representation of mux trees.
  No muxes found in this module.
Running muxtree optimizer on module $paramod\MSKand_hpc2o_cross\d=s32'00000000000000000000000000000101..
  Creating internal representation of mux trees.
  No muxes found in this module.
Running muxtree optimizer on module $paramod\MSKand_hpc2o_cross_swapped\d=s32'00000000000000000000000000000101..
  Creating internal representation of mux trees.
  No muxes found in this module.
Running muxtree optimizer on module $paramod\MSKand_hpc3o\d=s32'00000000000000000000000000000101..
  Creating internal representation of mux trees.
  No muxes found in this module.
Running muxtree optimizer on module $paramod\MSKand_hpc3o_swapped\d=s32'00000000000000000000000000000101..
  Creating internal representation of mux trees.
  No muxes found in this module.
Running muxtree optimizer on module $paramod\MSKand_sharewise\d=s32'00000000000000000000000000000101..
  Creating internal representation of mux trees.
  No muxes found in this module.
Running muxtree optimizer on module $paramod\MSKinv\d=s32'00000000000000000000000000000101..
  Creating internal representation of mux trees.
  No muxes found in this module.
Running muxtree optimizer on module $paramod\MSKreg\d=s32'00000000000000000000000000000101..
  Creating internal representation of mux trees.
  No muxes found in this module.
Running muxtree optimizer on module $paramod\MSKxnor\d=s32'00000000000000000000000000000101..
  Creating internal representation of mux trees.
  No muxes found in this module.
Running muxtree optimizer on module $paramod\MSKxor\d=s32'00000000000000000000000000000101..
  Creating internal representation of mux trees.
  No muxes found in this module.
Running muxtree optimizer on module $paramod\bin_REG\W=s32'00000000000000000000000000000001..
  Creating internal representation of mux trees.
  No muxes found in this module.
Running muxtree optimizer on module $paramod\bin_REG\W=s32'00000000000000000000000000001010..
  Creating internal representation of mux trees.
  No muxes found in this module.
Running muxtree optimizer on module \aes_bp..
  Creating internal representation of mux trees.
  No muxes found in this module.
Removed 0 multiplexer ports.

52.4. Executing OPT_REDUCE pass (consolidate $*mux and $reduce_* inputs).
  Optimizing cells in module $paramod$2589394551ed5df03e31ad3b9ee102c6002b20f4\MSKxor.
  Optimizing cells in module $paramod\MSKand_hpc2o_cross\d=s32'00000000000000000000000000000101.
  Optimizing cells in module $paramod\MSKand_hpc2o_cross_swapped\d=s32'00000000000000000000000000000101.
  Optimizing cells in module $paramod\MSKand_hpc3o\d=s32'00000000000000000000000000000101.
  Optimizing cells in module $paramod\MSKand_hpc3o_swapped\d=s32'00000000000000000000000000000101.
  Optimizing cells in module $paramod\MSKand_sharewise\d=s32'00000000000000000000000000000101.
  Optimizing cells in module $paramod\MSKinv\d=s32'00000000000000000000000000000101.
  Optimizing cells in module $paramod\MSKreg\d=s32'00000000000000000000000000000101.
  Optimizing cells in module $paramod\MSKxnor\d=s32'00000000000000000000000000000101.
  Optimizing cells in module $paramod\MSKxor\d=s32'00000000000000000000000000000101.
  Optimizing cells in module $paramod\bin_REG\W=s32'00000000000000000000000000000001.
  Optimizing cells in module $paramod\bin_REG\W=s32'00000000000000000000000000001010.
  Optimizing cells in module \aes_bp.
Performed a total of 0 changes.

52.5. Executing OPT_MERGE pass (detect identical cells).
Finding identical cells in module `$paramod$2589394551ed5df03e31ad3b9ee102c6002b20f4\MSKxor'.
Finding identical cells in module `$paramod\MSKand_hpc2o_cross\d=s32'00000000000000000000000000000101'.
Finding identical cells in module `$paramod\MSKand_hpc2o_cross_swapped\d=s32'00000000000000000000000000000101'.
Finding identical cells in module `$paramod\MSKand_hpc3o\d=s32'00000000000000000000000000000101'.
Finding identical cells in module `$paramod\MSKand_hpc3o_swapped\d=s32'00000000000000000000000000000101'.
Finding identical cells in module `$paramod\MSKand_sharewise\d=s32'00000000000000000000000000000101'.
Finding identical cells in module `$paramod\MSKinv\d=s32'00000000000000000000000000000101'.
Finding identical cells in module `$paramod\MSKreg\d=s32'00000000000000000000000000000101'.
Finding identical cells in module `$paramod\MSKxnor\d=s32'00000000000000000000000000000101'.
Finding identical cells in module `$paramod\MSKxor\d=s32'00000000000000000000000000000101'.
Finding identical cells in module `$paramod\bin_REG\W=s32'00000000000000000000000000000001'.
Finding identical cells in module `$paramod\bin_REG\W=s32'00000000000000000000000000001010'.
Finding identical cells in module `\aes_bp'.
Removed a total of 0 cells.

52.6. Executing OPT_DFF pass (perform DFF optimizations).

52.7. Executing OPT_CLEAN pass (remove unused cells and wires).
Finding unused cells or wires in module $paramod$2589394551ed5df03e31ad3b9ee102c6002b20f4\MSKxor..
Finding unused cells or wires in module $paramod\MSKand_hpc2o_cross\d=s32'00000000000000000000000000000101..
Finding unused cells or wires in module $paramod\MSKand_hpc2o_cross_swapped\d=s32'00000000000000000000000000000101..
Finding unused cells or wires in module $paramod\MSKand_hpc3o\d=s32'00000000000000000000000000000101..
Finding unused cells or wires in module $paramod\MSKand_hpc3o_swapped\d=s32'00000000000000000000000000000101..
Finding unused cells or wires in module $paramod\MSKand_sharewise\d=s32'00000000000000000000000000000101..
Finding unused cells or wires in module $paramod\MSKinv\d=s32'00000000000000000000000000000101..
Finding unused cells or wires in module $paramod\MSKreg\d=s32'00000000000000000000000000000101..
Finding unused cells or wires in module $paramod\MSKxnor\d=s32'00000000000000000000000000000101..
Finding unused cells or wires in module $paramod\MSKxor\d=s32'00000000000000000000000000000101..
Finding unused cells or wires in module $paramod\bin_REG\W=s32'00000000000000000000000000000001..
Finding unused cells or wires in module $paramod\bin_REG\W=s32'00000000000000000000000000001010..
Finding unused cells or wires in module \aes_bp..

52.8. Executing OPT_EXPR pass (perform const folding).
Optimizing module $paramod$2589394551ed5df03e31ad3b9ee102c6002b20f4\MSKxor.
Optimizing module $paramod\MSKand_hpc2o_cross\d=s32'00000000000000000000000000000101.
Optimizing module $paramod\MSKand_hpc2o_cross_swapped\d=s32'00000000000000000000000000000101.
Optimizing module $paramod\MSKand_hpc3o\d=s32'00000000000000000000000000000101.
Optimizing module $paramod\MSKand_hpc3o_swapped\d=s32'00000000000000000000000000000101.
Optimizing module $paramod\MSKand_sharewise\d=s32'00000000000000000000000000000101.
Optimizing module $paramod\MSKinv\d=s32'00000000000000000000000000000101.
Optimizing module $paramod\MSKreg\d=s32'00000000000000000000000000000101.
Optimizing module $paramod\MSKxnor\d=s32'00000000000000000000000000000101.
Optimizing module $paramod\MSKxor\d=s32'00000000000000000000000000000101.
Optimizing module $paramod\bin_REG\W=s32'00000000000000000000000000000001.
Optimizing module $paramod\bin_REG\W=s32'00000000000000000000000000001010.
Optimizing module aes_bp.

52.9. Finished OPT passes. (There is nothing left to do.)

53. Executing TECHMAP pass (map to technology primitives).

53.1. Executing Verilog-2005 frontend: /home/nilotpola/.local/bin/../share/yosys/techmap.v
Parsing Verilog input from `/home/nilotpola/.local/bin/../share/yosys/techmap.v' to AST representation.
Generating RTLIL representation for module `\_90_simplemap_bool_ops'.
Generating RTLIL representation for module `\_90_simplemap_reduce_ops'.
Generating RTLIL representation for module `\_90_simplemap_logic_ops'.
Generating RTLIL representation for module `\_90_simplemap_compare_ops'.
Generating RTLIL representation for module `\_90_simplemap_various'.
Generating RTLIL representation for module `\_90_simplemap_registers'.
Generating RTLIL representation for module `\_90_shift_ops_shr_shl_sshl_sshr'.
Generating RTLIL representation for module `\_90_shift_shiftx'.
Generating RTLIL representation for module `\_90_fa'.
Generating RTLIL representation for module `\_90_lcu'.
Generating RTLIL representation for module `\_90_alu'.
Generating RTLIL representation for module `\_90_macc'.
Generating RTLIL representation for module `\_90_alumacc'.
Generating RTLIL representation for module `\$__div_mod_u'.
Generating RTLIL representation for module `\$__div_mod_trunc'.
Generating RTLIL representation for module `\_90_div'.
Generating RTLIL representation for module `\_90_mod'.
Generating RTLIL representation for module `\$__div_mod_floor'.
Generating RTLIL representation for module `\_90_divfloor'.
Generating RTLIL representation for module `\_90_modfloor'.
Generating RTLIL representation for module `\_90_pow'.
Generating RTLIL representation for module `\_90_pmux'.
Generating RTLIL representation for module `\_90_demux'.
Generating RTLIL representation for module `\_90_lut'.
Successfully finished Verilog frontend.

53.2. Continuing TECHMAP pass.
Using extmapper simplemap for cells of type $dff.
Using extmapper simplemap for cells of type $xor.
Using extmapper simplemap for cells of type $not.
Using extmapper simplemap for cells of type $and.
Using extmapper simplemap for cells of type $reduce_xor.
Using extmapper simplemap for cells of type $or.
No more expansions possible.
<suppressed ~250 debug messages>

54. Executing OPT pass (performing simple optimizations).

54.1. Executing OPT_EXPR pass (perform const folding).
Optimizing module $paramod$2589394551ed5df03e31ad3b9ee102c6002b20f4\MSKxor.
Optimizing module $paramod\MSKand_hpc2o_cross\d=s32'00000000000000000000000000000101.
Optimizing module $paramod\MSKand_hpc2o_cross_swapped\d=s32'00000000000000000000000000000101.
Optimizing module $paramod\MSKand_hpc3o\d=s32'00000000000000000000000000000101.
Optimizing module $paramod\MSKand_hpc3o_swapped\d=s32'00000000000000000000000000000101.
Optimizing module $paramod\MSKand_sharewise\d=s32'00000000000000000000000000000101.
Optimizing module $paramod\MSKinv\d=s32'00000000000000000000000000000101.
Optimizing module $paramod\MSKreg\d=s32'00000000000000000000000000000101.
Optimizing module $paramod\MSKxnor\d=s32'00000000000000000000000000000101.
Optimizing module $paramod\MSKxor\d=s32'00000000000000000000000000000101.
Optimizing module $paramod\bin_REG\W=s32'00000000000000000000000000000001.
Optimizing module $paramod\bin_REG\W=s32'00000000000000000000000000001010.
Optimizing module aes_bp.

54.2. Executing OPT_MERGE pass (detect identical cells).
Finding identical cells in module `$paramod$2589394551ed5df03e31ad3b9ee102c6002b20f4\MSKxor'.
Finding identical cells in module `$paramod\MSKand_hpc2o_cross\d=s32'00000000000000000000000000000101'.
Finding identical cells in module `$paramod\MSKand_hpc2o_cross_swapped\d=s32'00000000000000000000000000000101'.
Finding identical cells in module `$paramod\MSKand_hpc3o\d=s32'00000000000000000000000000000101'.
Finding identical cells in module `$paramod\MSKand_hpc3o_swapped\d=s32'00000000000000000000000000000101'.
Finding identical cells in module `$paramod\MSKand_sharewise\d=s32'00000000000000000000000000000101'.
Finding identical cells in module `$paramod\MSKinv\d=s32'00000000000000000000000000000101'.
Finding identical cells in module `$paramod\MSKreg\d=s32'00000000000000000000000000000101'.
Finding identical cells in module `$paramod\MSKxnor\d=s32'00000000000000000000000000000101'.
Finding identical cells in module `$paramod\MSKxor\d=s32'00000000000000000000000000000101'.
Finding identical cells in module `$paramod\bin_REG\W=s32'00000000000000000000000000000001'.
Finding identical cells in module `$paramod\bin_REG\W=s32'00000000000000000000000000001010'.
Finding identical cells in module `\aes_bp'.
Removed a total of 0 cells.

54.3. Executing OPT_MUXTREE pass (detect dead branches in mux trees).
Running muxtree optimizer on module $paramod$2589394551ed5df03e31ad3b9ee102c6002b20f4\MSKxor..
  Creating internal representation of mux trees.
  No muxes found in this module.
Running muxtree optimizer on module $paramod\MSKand_hpc2o_cross\d=s32'00000000000000000000000000000101..
  Creating internal representation of mux trees.
  No muxes found in this module.
Running muxtree optimizer on module $paramod\MSKand_hpc2o_cross_swapped\d=s32'00000000000000000000000000000101..
  Creating internal representation of mux trees.
  No muxes found in this module.
Running muxtree optimizer on module $paramod\MSKand_hpc3o\d=s32'00000000000000000000000000000101..
  Creating internal representation of mux trees.
  No muxes found in this module.
Running muxtree optimizer on module $paramod\MSKand_hpc3o_swapped\d=s32'00000000000000000000000000000101..
  Creating internal representation of mux trees.
  No muxes found in this module.
Running muxtree optimizer on module $paramod\MSKand_sharewise\d=s32'00000000000000000000000000000101..
  Creating internal representation of mux trees.
  No muxes found in this module.
Running muxtree optimizer on module $paramod\MSKinv\d=s32'00000000000000000000000000000101..
  Creating internal representation of mux trees.
  No muxes found in this module.
Running muxtree optimizer on module $paramod\MSKreg\d=s32'00000000000000000000000000000101..
  Creating internal representation of mux trees.
  No muxes found in this module.
Running muxtree optimizer on module $paramod\MSKxnor\d=s32'00000000000000000000000000000101..
  Creating internal representation of mux trees.
  No muxes found in this module.
Running muxtree optimizer on module $paramod\MSKxor\d=s32'00000000000000000000000000000101..
  Creating internal representation of mux trees.
  No muxes found in this module.
Running muxtree optimizer on module $paramod\bin_REG\W=s32'00000000000000000000000000000001..
  Creating internal representation of mux trees.
  No muxes found in this module.
Running muxtree optimizer on module $paramod\bin_REG\W=s32'00000000000000000000000000001010..
  Creating internal representation of mux trees.
  No muxes found in this module.
Running muxtree optimizer on module \aes_bp..
  Creating internal representation of mux trees.
  No muxes found in this module.
Removed 0 multiplexer ports.

54.4. Executing OPT_REDUCE pass (consolidate $*mux and $reduce_* inputs).
  Optimizing cells in module $paramod$2589394551ed5df03e31ad3b9ee102c6002b20f4\MSKxor.
  Optimizing cells in module $paramod\MSKand_hpc2o_cross\d=s32'00000000000000000000000000000101.
  Optimizing cells in module $paramod\MSKand_hpc2o_cross_swapped\d=s32'00000000000000000000000000000101.
  Optimizing cells in module $paramod\MSKand_hpc3o\d=s32'00000000000000000000000000000101.
  Optimizing cells in module $paramod\MSKand_hpc3o_swapped\d=s32'00000000000000000000000000000101.
  Optimizing cells in module $paramod\MSKand_sharewise\d=s32'00000000000000000000000000000101.
  Optimizing cells in module $paramod\MSKinv\d=s32'00000000000000000000000000000101.
  Optimizing cells in module $paramod\MSKreg\d=s32'00000000000000000000000000000101.
  Optimizing cells in module $paramod\MSKxnor\d=s32'00000000000000000000000000000101.
  Optimizing cells in module $paramod\MSKxor\d=s32'00000000000000000000000000000101.
  Optimizing cells in module $paramod\bin_REG\W=s32'00000000000000000000000000000001.
  Optimizing cells in module $paramod\bin_REG\W=s32'00000000000000000000000000001010.
  Optimizing cells in module \aes_bp.
Performed a total of 0 changes.

54.5. Executing OPT_MERGE pass (detect identical cells).
Finding identical cells in module `$paramod$2589394551ed5df03e31ad3b9ee102c6002b20f4\MSKxor'.
Finding identical cells in module `$paramod\MSKand_hpc2o_cross\d=s32'00000000000000000000000000000101'.
Finding identical cells in module `$paramod\MSKand_hpc2o_cross_swapped\d=s32'00000000000000000000000000000101'.
Finding identical cells in module `$paramod\MSKand_hpc3o\d=s32'00000000000000000000000000000101'.
Finding identical cells in module `$paramod\MSKand_hpc3o_swapped\d=s32'00000000000000000000000000000101'.
Finding identical cells in module `$paramod\MSKand_sharewise\d=s32'00000000000000000000000000000101'.
Finding identical cells in module `$paramod\MSKinv\d=s32'00000000000000000000000000000101'.
Finding identical cells in module `$paramod\MSKreg\d=s32'00000000000000000000000000000101'.
Finding identical cells in module `$paramod\MSKxnor\d=s32'00000000000000000000000000000101'.
Finding identical cells in module `$paramod\MSKxor\d=s32'00000000000000000000000000000101'.
Finding identical cells in module `$paramod\bin_REG\W=s32'00000000000000000000000000000001'.
Finding identical cells in module `$paramod\bin_REG\W=s32'00000000000000000000000000001010'.
Finding identical cells in module `\aes_bp'.
Removed a total of 0 cells.

54.6. Executing OPT_DFF pass (perform DFF optimizations).

54.7. Executing OPT_CLEAN pass (remove unused cells and wires).
Finding unused cells or wires in module $paramod$2589394551ed5df03e31ad3b9ee102c6002b20f4\MSKxor..
Finding unused cells or wires in module $paramod\MSKand_hpc2o_cross\d=s32'00000000000000000000000000000101..
Finding unused cells or wires in module $paramod\MSKand_hpc2o_cross_swapped\d=s32'00000000000000000000000000000101..
Finding unused cells or wires in module $paramod\MSKand_hpc3o\d=s32'00000000000000000000000000000101..
Finding unused cells or wires in module $paramod\MSKand_hpc3o_swapped\d=s32'00000000000000000000000000000101..
Finding unused cells or wires in module $paramod\MSKand_sharewise\d=s32'00000000000000000000000000000101..
Finding unused cells or wires in module $paramod\MSKinv\d=s32'00000000000000000000000000000101..
Finding unused cells or wires in module $paramod\MSKreg\d=s32'00000000000000000000000000000101..
Finding unused cells or wires in module $paramod\MSKxnor\d=s32'00000000000000000000000000000101..
Finding unused cells or wires in module $paramod\MSKxor\d=s32'00000000000000000000000000000101..
Finding unused cells or wires in module $paramod\bin_REG\W=s32'00000000000000000000000000000001..
Finding unused cells or wires in module $paramod\bin_REG\W=s32'00000000000000000000000000001010..
Finding unused cells or wires in module \aes_bp..
Removed 0 unused cells and 15 unused wires.
<suppressed ~2 debug messages>

54.8. Executing OPT_EXPR pass (perform const folding).
Optimizing module $paramod$2589394551ed5df03e31ad3b9ee102c6002b20f4\MSKxor.
Optimizing module $paramod\MSKand_hpc2o_cross\d=s32'00000000000000000000000000000101.
Optimizing module $paramod\MSKand_hpc2o_cross_swapped\d=s32'00000000000000000000000000000101.
Optimizing module $paramod\MSKand_hpc3o\d=s32'00000000000000000000000000000101.
Optimizing module $paramod\MSKand_hpc3o_swapped\d=s32'00000000000000000000000000000101.
Optimizing module $paramod\MSKand_sharewise\d=s32'00000000000000000000000000000101.
Optimizing module $paramod\MSKinv\d=s32'00000000000000000000000000000101.
Optimizing module $paramod\MSKreg\d=s32'00000000000000000000000000000101.
Optimizing module $paramod\MSKxnor\d=s32'00000000000000000000000000000101.
Optimizing module $paramod\MSKxor\d=s32'00000000000000000000000000000101.
Optimizing module $paramod\bin_REG\W=s32'00000000000000000000000000000001.
Optimizing module $paramod\bin_REG\W=s32'00000000000000000000000000001010.
Optimizing module aes_bp.

54.9. Rerunning OPT passes. (Maybe there is more to do..)

54.10. Executing OPT_MUXTREE pass (detect dead branches in mux trees).
Running muxtree optimizer on module $paramod$2589394551ed5df03e31ad3b9ee102c6002b20f4\MSKxor..
  Creating internal representation of mux trees.
  No muxes found in this module.
Running muxtree optimizer on module $paramod\MSKand_hpc2o_cross\d=s32'00000000000000000000000000000101..
  Creating internal representation of mux trees.
  No muxes found in this module.
Running muxtree optimizer on module $paramod\MSKand_hpc2o_cross_swapped\d=s32'00000000000000000000000000000101..
  Creating internal representation of mux trees.
  No muxes found in this module.
Running muxtree optimizer on module $paramod\MSKand_hpc3o\d=s32'00000000000000000000000000000101..
  Creating internal representation of mux trees.
  No muxes found in this module.
Running muxtree optimizer on module $paramod\MSKand_hpc3o_swapped\d=s32'00000000000000000000000000000101..
  Creating internal representation of mux trees.
  No muxes found in this module.
Running muxtree optimizer on module $paramod\MSKand_sharewise\d=s32'00000000000000000000000000000101..
  Creating internal representation of mux trees.
  No muxes found in this module.
Running muxtree optimizer on module $paramod\MSKinv\d=s32'00000000000000000000000000000101..
  Creating internal representation of mux trees.
  No muxes found in this module.
Running muxtree optimizer on module $paramod\MSKreg\d=s32'00000000000000000000000000000101..
  Creating internal representation of mux trees.
  No muxes found in this module.
Running muxtree optimizer on module $paramod\MSKxnor\d=s32'00000000000000000000000000000101..
  Creating internal representation of mux trees.
  No muxes found in this module.
Running muxtree optimizer on module $paramod\MSKxor\d=s32'00000000000000000000000000000101..
  Creating internal representation of mux trees.
  No muxes found in this module.
Running muxtree optimizer on module $paramod\bin_REG\W=s32'00000000000000000000000000000001..
  Creating internal representation of mux trees.
  No muxes found in this module.
Running muxtree optimizer on module $paramod\bin_REG\W=s32'00000000000000000000000000001010..
  Creating internal representation of mux trees.
  No muxes found in this module.
Running muxtree optimizer on module \aes_bp..
  Creating internal representation of mux trees.
  No muxes found in this module.
Removed 0 multiplexer ports.

54.11. Executing OPT_REDUCE pass (consolidate $*mux and $reduce_* inputs).
  Optimizing cells in module $paramod$2589394551ed5df03e31ad3b9ee102c6002b20f4\MSKxor.
  Optimizing cells in module $paramod\MSKand_hpc2o_cross\d=s32'00000000000000000000000000000101.
  Optimizing cells in module $paramod\MSKand_hpc2o_cross_swapped\d=s32'00000000000000000000000000000101.
  Optimizing cells in module $paramod\MSKand_hpc3o\d=s32'00000000000000000000000000000101.
  Optimizing cells in module $paramod\MSKand_hpc3o_swapped\d=s32'00000000000000000000000000000101.
  Optimizing cells in module $paramod\MSKand_sharewise\d=s32'00000000000000000000000000000101.
  Optimizing cells in module $paramod\MSKinv\d=s32'00000000000000000000000000000101.
  Optimizing cells in module $paramod\MSKreg\d=s32'00000000000000000000000000000101.
  Optimizing cells in module $paramod\MSKxnor\d=s32'00000000000000000000000000000101.
  Optimizing cells in module $paramod\MSKxor\d=s32'00000000000000000000000000000101.
  Optimizing cells in module $paramod\bin_REG\W=s32'00000000000000000000000000000001.
  Optimizing cells in module $paramod\bin_REG\W=s32'00000000000000000000000000001010.
  Optimizing cells in module \aes_bp.
Performed a total of 0 changes.

54.12. Executing OPT_MERGE pass (detect identical cells).
Finding identical cells in module `$paramod$2589394551ed5df03e31ad3b9ee102c6002b20f4\MSKxor'.
Finding identical cells in module `$paramod\MSKand_hpc2o_cross\d=s32'00000000000000000000000000000101'.
Finding identical cells in module `$paramod\MSKand_hpc2o_cross_swapped\d=s32'00000000000000000000000000000101'.
Finding identical cells in module `$paramod\MSKand_hpc3o\d=s32'00000000000000000000000000000101'.
Finding identical cells in module `$paramod\MSKand_hpc3o_swapped\d=s32'00000000000000000000000000000101'.
Finding identical cells in module `$paramod\MSKand_sharewise\d=s32'00000000000000000000000000000101'.
Finding identical cells in module `$paramod\MSKinv\d=s32'00000000000000000000000000000101'.
Finding identical cells in module `$paramod\MSKreg\d=s32'00000000000000000000000000000101'.
Finding identical cells in module `$paramod\MSKxnor\d=s32'00000000000000000000000000000101'.
Finding identical cells in module `$paramod\MSKxor\d=s32'00000000000000000000000000000101'.
Finding identical cells in module `$paramod\bin_REG\W=s32'00000000000000000000000000000001'.
Finding identical cells in module `$paramod\bin_REG\W=s32'00000000000000000000000000001010'.
Finding identical cells in module `\aes_bp'.
Removed a total of 0 cells.

54.13. Executing OPT_DFF pass (perform DFF optimizations).

54.14. Executing OPT_CLEAN pass (remove unused cells and wires).
Finding unused cells or wires in module $paramod$2589394551ed5df03e31ad3b9ee102c6002b20f4\MSKxor..
Finding unused cells or wires in module $paramod\MSKand_hpc2o_cross\d=s32'00000000000000000000000000000101..
Finding unused cells or wires in module $paramod\MSKand_hpc2o_cross_swapped\d=s32'00000000000000000000000000000101..
Finding unused cells or wires in module $paramod\MSKand_hpc3o\d=s32'00000000000000000000000000000101..
Finding unused cells or wires in module $paramod\MSKand_hpc3o_swapped\d=s32'00000000000000000000000000000101..
Finding unused cells or wires in module $paramod\MSKand_sharewise\d=s32'00000000000000000000000000000101..
Finding unused cells or wires in module $paramod\MSKinv\d=s32'00000000000000000000000000000101..
Finding unused cells or wires in module $paramod\MSKreg\d=s32'00000000000000000000000000000101..
Finding unused cells or wires in module $paramod\MSKxnor\d=s32'00000000000000000000000000000101..
Finding unused cells or wires in module $paramod\MSKxor\d=s32'00000000000000000000000000000101..
Finding unused cells or wires in module $paramod\bin_REG\W=s32'00000000000000000000000000000001..
Finding unused cells or wires in module $paramod\bin_REG\W=s32'00000000000000000000000000001010..
Finding unused cells or wires in module \aes_bp..

54.15. Executing OPT_EXPR pass (perform const folding).
Optimizing module $paramod$2589394551ed5df03e31ad3b9ee102c6002b20f4\MSKxor.
Optimizing module $paramod\MSKand_hpc2o_cross\d=s32'00000000000000000000000000000101.
Optimizing module $paramod\MSKand_hpc2o_cross_swapped\d=s32'00000000000000000000000000000101.
Optimizing module $paramod\MSKand_hpc3o\d=s32'00000000000000000000000000000101.
Optimizing module $paramod\MSKand_hpc3o_swapped\d=s32'00000000000000000000000000000101.
Optimizing module $paramod\MSKand_sharewise\d=s32'00000000000000000000000000000101.
Optimizing module $paramod\MSKinv\d=s32'00000000000000000000000000000101.
Optimizing module $paramod\MSKreg\d=s32'00000000000000000000000000000101.
Optimizing module $paramod\MSKxnor\d=s32'00000000000000000000000000000101.
Optimizing module $paramod\MSKxor\d=s32'00000000000000000000000000000101.
Optimizing module $paramod\bin_REG\W=s32'00000000000000000000000000000001.
Optimizing module $paramod\bin_REG\W=s32'00000000000000000000000000001010.
Optimizing module aes_bp.

54.16. Finished OPT passes. (There is nothing left to do.)

55. Executing DFFLIBMAP pass (mapping DFF cells to sequential cells from liberty file).
Warning: Found unsupported expression 'SE*SI+D*!SE' in pin attribute of cell 'SDFFRS_X1' - skipping.
Warning: Found unsupported expression 'SE*SI+D*!SE' in pin attribute of cell 'SDFFRS_X2' - skipping.
Warning: Found unsupported expression 'SE*SI+D*!SE' in pin attribute of cell 'SDFFR_X1' - skipping.
Warning: Found unsupported expression 'SE*SI+D*!SE' in pin attribute of cell 'SDFFR_X2' - skipping.
Warning: Found unsupported expression 'SE*SI+D*!SE' in pin attribute of cell 'SDFFS_X1' - skipping.
Warning: Found unsupported expression 'SE*SI+D*!SE' in pin attribute of cell 'SDFFS_X2' - skipping.
Warning: Found unsupported expression 'SE*SI+D*!SE' in pin attribute of cell 'SDFF_X1' - skipping.
Warning: Found unsupported expression 'SE*SI+D*!SE' in pin attribute of cell 'SDFF_X2' - skipping.
  cell DFF_X1 (noninv, pins=4, area=4.52) is a direct match for cell type $_DFF_P_.
Warning: Found unsupported expression 'SE*SI+D*!SE' in pin attribute of cell 'SDFFRS_X1' - skipping.
Warning: Found unsupported expression 'SE*SI+D*!SE' in pin attribute of cell 'SDFFRS_X2' - skipping.
Warning: Found unsupported expression 'SE*SI+D*!SE' in pin attribute of cell 'SDFFR_X1' - skipping.
Warning: Found unsupported expression 'SE*SI+D*!SE' in pin attribute of cell 'SDFFR_X2' - skipping.
Warning: Found unsupported expression 'SE*SI+D*!SE' in pin attribute of cell 'SDFFS_X1' - skipping.
Warning: Found unsupported expression 'SE*SI+D*!SE' in pin attribute of cell 'SDFFS_X2' - skipping.
Warning: Found unsupported expression 'SE*SI+D*!SE' in pin attribute of cell 'SDFF_X1' - skipping.
Warning: Found unsupported expression 'SE*SI+D*!SE' in pin attribute of cell 'SDFF_X2' - skipping.
  cell DFFR_X1 (noninv, pins=5, area=5.32) is a direct match for cell type $_DFF_PN0_.
Warning: Found unsupported expression 'SE*SI+D*!SE' in pin attribute of cell 'SDFFRS_X1' - skipping.
Warning: Found unsupported expression 'SE*SI+D*!SE' in pin attribute of cell 'SDFFRS_X2' - skipping.
Warning: Found unsupported expression 'SE*SI+D*!SE' in pin attribute of cell 'SDFFR_X1' - skipping.
Warning: Found unsupported expression 'SE*SI+D*!SE' in pin attribute of cell 'SDFFR_X2' - skipping.
Warning: Found unsupported expression 'SE*SI+D*!SE' in pin attribute of cell 'SDFFS_X1' - skipping.
Warning: Found unsupported expression 'SE*SI+D*!SE' in pin attribute of cell 'SDFFS_X2' - skipping.
Warning: Found unsupported expression 'SE*SI+D*!SE' in pin attribute of cell 'SDFF_X1' - skipping.
Warning: Found unsupported expression 'SE*SI+D*!SE' in pin attribute of cell 'SDFF_X2' - skipping.
  cell DFFS_X1 (noninv, pins=5, area=5.32) is a direct match for cell type $_DFF_PN1_.
Warning: Found unsupported expression 'SE*SI+D*!SE' in pin attribute of cell 'SDFFRS_X1' - skipping.
Warning: Found unsupported expression 'SE*SI+D*!SE' in pin attribute of cell 'SDFFRS_X2' - skipping.
Warning: Found unsupported expression 'SE*SI+D*!SE' in pin attribute of cell 'SDFFR_X1' - skipping.
Warning: Found unsupported expression 'SE*SI+D*!SE' in pin attribute of cell 'SDFFR_X2' - skipping.
Warning: Found unsupported expression 'SE*SI+D*!SE' in pin attribute of cell 'SDFFS_X1' - skipping.
Warning: Found unsupported expression 'SE*SI+D*!SE' in pin attribute of cell 'SDFFS_X2' - skipping.
Warning: Found unsupported expression 'SE*SI+D*!SE' in pin attribute of cell 'SDFF_X1' - skipping.
Warning: Found unsupported expression 'SE*SI+D*!SE' in pin attribute of cell 'SDFF_X2' - skipping.
Warning: Found unsupported expression 'SE*SI+D*!SE' in pin attribute of cell 'SDFFRS_X1' - skipping.
Warning: Found unsupported expression 'SE*SI+D*!SE' in pin attribute of cell 'SDFFRS_X2' - skipping.
Warning: Found unsupported expression 'SE*SI+D*!SE' in pin attribute of cell 'SDFFR_X1' - skipping.
Warning: Found unsupported expression 'SE*SI+D*!SE' in pin attribute of cell 'SDFFR_X2' - skipping.
Warning: Found unsupported expression 'SE*SI+D*!SE' in pin attribute of cell 'SDFFS_X1' - skipping.
Warning: Found unsupported expression 'SE*SI+D*!SE' in pin attribute of cell 'SDFFS_X2' - skipping.
Warning: Found unsupported expression 'SE*SI+D*!SE' in pin attribute of cell 'SDFF_X1' - skipping.
Warning: Found unsupported expression 'SE*SI+D*!SE' in pin attribute of cell 'SDFF_X2' - skipping.
Warning: Found unsupported expression 'SE*SI+D*!SE' in pin attribute of cell 'SDFFRS_X1' - skipping.
Warning: Found unsupported expression 'SE*SI+D*!SE' in pin attribute of cell 'SDFFRS_X2' - skipping.
Warning: Found unsupported expression 'SE*SI+D*!SE' in pin attribute of cell 'SDFFR_X1' - skipping.
Warning: Found unsupported expression 'SE*SI+D*!SE' in pin attribute of cell 'SDFFR_X2' - skipping.
Warning: Found unsupported expression 'SE*SI+D*!SE' in pin attribute of cell 'SDFFS_X1' - skipping.
Warning: Found unsupported expression 'SE*SI+D*!SE' in pin attribute of cell 'SDFFS_X2' - skipping.
Warning: Found unsupported expression 'SE*SI+D*!SE' in pin attribute of cell 'SDFF_X1' - skipping.
Warning: Found unsupported expression 'SE*SI+D*!SE' in pin attribute of cell 'SDFF_X2' - skipping.
  cell DFFRS_X1 (noninv, pins=6, area=6.38) is a direct match for cell type $_DFFSR_PNN_.
Warning: Found unsupported expression 'SE*SI+D*!SE' in pin attribute of cell 'SDFFRS_X1' - skipping.
Warning: Found unsupported expression 'SE*SI+D*!SE' in pin attribute of cell 'SDFFRS_X2' - skipping.
Warning: Found unsupported expression 'SE*SI+D*!SE' in pin attribute of cell 'SDFFR_X1' - skipping.
Warning: Found unsupported expression 'SE*SI+D*!SE' in pin attribute of cell 'SDFFR_X2' - skipping.
Warning: Found unsupported expression 'SE*SI+D*!SE' in pin attribute of cell 'SDFFS_X1' - skipping.
Warning: Found unsupported expression 'SE*SI+D*!SE' in pin attribute of cell 'SDFFS_X2' - skipping.
Warning: Found unsupported expression 'SE*SI+D*!SE' in pin attribute of cell 'SDFF_X1' - skipping.
Warning: Found unsupported expression 'SE*SI+D*!SE' in pin attribute of cell 'SDFF_X2' - skipping.
Warning: Found unsupported expression 'SE*SI+D*!SE' in pin attribute of cell 'SDFFRS_X1' - skipping.
Warning: Found unsupported expression 'SE*SI+D*!SE' in pin attribute of cell 'SDFFRS_X2' - skipping.
Warning: Found unsupported expression 'SE*SI+D*!SE' in pin attribute of cell 'SDFFR_X1' - skipping.
Warning: Found unsupported expression 'SE*SI+D*!SE' in pin attribute of cell 'SDFFR_X2' - skipping.
Warning: Found unsupported expression 'SE*SI+D*!SE' in pin attribute of cell 'SDFFS_X1' - skipping.
Warning: Found unsupported expression 'SE*SI+D*!SE' in pin attribute of cell 'SDFFS_X2' - skipping.
Warning: Found unsupported expression 'SE*SI+D*!SE' in pin attribute of cell 'SDFF_X1' - skipping.
Warning: Found unsupported expression 'SE*SI+D*!SE' in pin attribute of cell 'SDFF_X2' - skipping.
Warning: Found unsupported expression 'SE*SI+D*!SE' in pin attribute of cell 'SDFFRS_X1' - skipping.
Warning: Found unsupported expression 'SE*SI+D*!SE' in pin attribute of cell 'SDFFRS_X2' - skipping.
Warning: Found unsupported expression 'SE*SI+D*!SE' in pin attribute of cell 'SDFFR_X1' - skipping.
Warning: Found unsupported expression 'SE*SI+D*!SE' in pin attribute of cell 'SDFFR_X2' - skipping.
Warning: Found unsupported expression 'SE*SI+D*!SE' in pin attribute of cell 'SDFFS_X1' - skipping.
Warning: Found unsupported expression 'SE*SI+D*!SE' in pin attribute of cell 'SDFFS_X2' - skipping.
Warning: Found unsupported expression 'SE*SI+D*!SE' in pin attribute of cell 'SDFF_X1' - skipping.
Warning: Found unsupported expression 'SE*SI+D*!SE' in pin attribute of cell 'SDFF_X2' - skipping.
  final dff cell mappings:
    unmapped dff cell: $_DFF_N_
    \DFF_X1 _DFF_P_ (.CK( C), .D( D), .Q( Q), .QN(~Q));
    unmapped dff cell: $_DFF_NN0_
    unmapped dff cell: $_DFF_NN1_
    unmapped dff cell: $_DFF_NP0_
    unmapped dff cell: $_DFF_NP1_
    \DFFR_X1 _DFF_PN0_ (.CK( C), .D( D), .Q( Q), .QN(~Q), .RN( R));
    \DFFS_X1 _DFF_PN1_ (.CK( C), .D( D), .Q( Q), .QN(~Q), .SN( R));
    unmapped dff cell: $_DFF_PP0_
    unmapped dff cell: $_DFF_PP1_
    unmapped dff cell: $_DFFSR_NNN_
    unmapped dff cell: $_DFFSR_NNP_
    unmapped dff cell: $_DFFSR_NPN_
    unmapped dff cell: $_DFFSR_NPP_
    \DFFRS_X1 _DFFSR_PNN_ (.CK( C), .D( D), .Q( Q), .QN(~Q), .RN( R), .SN( S));
    unmapped dff cell: $_DFFSR_PNP_
    unmapped dff cell: $_DFFSR_PPN_
    unmapped dff cell: $_DFFSR_PPP_

55.1. Executing DFFLEGALIZE pass (convert FFs to types supported by the target).
Mapping DFF cells in module `$paramod$2589394551ed5df03e31ad3b9ee102c6002b20f4\MSKxor':
Mapping DFF cells in module `$paramod\MSKand_hpc2o_cross\d=s32'00000000000000000000000000000101':
Mapping DFF cells in module `$paramod\MSKand_hpc2o_cross_swapped\d=s32'00000000000000000000000000000101':
Mapping DFF cells in module `$paramod\MSKand_hpc3o\d=s32'00000000000000000000000000000101':
Mapping DFF cells in module `$paramod\MSKand_hpc3o_swapped\d=s32'00000000000000000000000000000101':
Mapping DFF cells in module `$paramod\MSKand_sharewise\d=s32'00000000000000000000000000000101':
Mapping DFF cells in module `$paramod\MSKinv\d=s32'00000000000000000000000000000101':
Mapping DFF cells in module `$paramod\MSKreg\d=s32'00000000000000000000000000000101':
  mapped 5 $_DFF_P_ cells to \DFF_X1 cells.
Mapping DFF cells in module `$paramod\MSKxnor\d=s32'00000000000000000000000000000101':
Mapping DFF cells in module `$paramod\MSKxor\d=s32'00000000000000000000000000000101':
Mapping DFF cells in module `$paramod\bin_REG\W=s32'00000000000000000000000000000001':
  mapped 1 $_DFF_P_ cells to \DFF_X1 cells.
Mapping DFF cells in module `$paramod\bin_REG\W=s32'00000000000000000000000000001010':
  mapped 10 $_DFF_P_ cells to \DFF_X1 cells.
Mapping DFF cells in module `\aes_bp':

56. Executing ABC pass (technology mapping using ABC).

56.1. Extracting gate netlist of module `$paramod$2589394551ed5df03e31ad3b9ee102c6002b20f4\MSKxor' to `<abc-temp-dir>/input.blif'..
Extracted 5 gates and 15 wires to a netlist network with 10 inputs and 5 outputs.

56.1.1. Executing ABC.
Running ABC command: "<yosys-exe-dir>/yosys-abc" -s -f <abc-temp-dir>/abc.script 2>&1
ABC: ABC command line: "source <abc-temp-dir>/abc.script".
ABC: 
ABC: + read_blif <abc-temp-dir>/input.blif 
ABC: + read_lib -w /home/nilotpola/Downloads/TETRIS-artefact/COMPRESS-results/compress/synthesis/nangate45-pdk/stdcells.lib 
ABC: Parsing finished successfully.  Parsing time =     0.05 sec
ABC: Scl_LibertyReadGenlib() skipped cell "ANTENNA_X1" due to dont_use attribute.
ABC: Scl_LibertyReadGenlib() skipped cell "CLKGATETST_X1" without logic function.
ABC: Scl_LibertyReadGenlib() skipped cell "CLKGATETST_X2" without logic function.
ABC: Scl_LibertyReadGenlib() skipped cell "CLKGATETST_X4" without logic function.
ABC: Scl_LibertyReadGenlib() skipped cell "CLKGATETST_X8" without logic function.
ABC: Scl_LibertyReadGenlib() skipped cell "CLKGATE_X1" without logic function.
ABC: Scl_LibertyReadGenlib() skipped cell "CLKGATE_X2" without logic function.
ABC: Scl_LibertyReadGenlib() skipped cell "CLKGATE_X4" without logic function.
ABC: Scl_LibertyReadGenlib() skipped cell "CLKGATE_X8" without logic function.
ABC: Scl_LibertyReadGenlib() skipped sequential cell "DFFRS_X1".
ABC: Scl_LibertyReadGenlib() skipped sequential cell "DFFRS_X2".
ABC: Scl_LibertyReadGenlib() skipped sequential cell "DFFR_X1".
ABC: Scl_LibertyReadGenlib() skipped sequential cell "DFFR_X2".
ABC: Scl_LibertyReadGenlib() skipped sequential cell "DFFS_X1".
ABC: Scl_LibertyReadGenlib() skipped sequential cell "DFFS_X2".
ABC: Scl_LibertyReadGenlib() skipped sequential cell "DFF_X1".
ABC: Scl_LibertyReadGenlib() skipped sequential cell "DFF_X2".
ABC: Scl_LibertyReadGenlib() skipped sequential cell "DLH_X1".
ABC: Scl_LibertyReadGenlib() skipped sequential cell "DLH_X2".
ABC: Scl_LibertyReadGenlib() skipped sequential cell "DLL_X1".
ABC: Scl_LibertyReadGenlib() skipped sequential cell "DLL_X2".
ABC: Scl_LibertyReadGenlib() skipped cell "WELLTAP_X1" due to dont_use attribute.
ABC: Scl_LibertyReadGenlib() skipped cell "FILLCELL_X1" due to dont_use attribute.
ABC: Scl_LibertyReadGenlib() skipped cell "FILLCELL_X2" due to dont_use attribute.
ABC: Scl_LibertyReadGenlib() skipped cell "FILLCELL_X4" due to dont_use attribute.
ABC: Scl_LibertyReadGenlib() skipped cell "FILLCELL_X8" due to dont_use attribute.
ABC: Scl_LibertyReadGenlib() skipped cell "FILLCELL_X16" due to dont_use attribute.
ABC: Scl_LibertyReadGenlib() skipped cell "FILLCELL_X32" due to dont_use attribute.
ABC: Scl_LibertyReadGenlib() skipped cell "LOGIC0_X1" due to dont_use attribute.
ABC: Scl_LibertyReadGenlib() skipped cell "LOGIC1_X1" due to dont_use attribute.
ABC: Scl_LibertyReadGenlib() skipped sequential cell "SDFFRS_X1".
ABC: Scl_LibertyReadGenlib() skipped sequential cell "SDFFRS_X2".
ABC: Scl_LibertyReadGenlib() skipped sequential cell "SDFFR_X1".
ABC: Scl_LibertyReadGenlib() skipped sequential cell "SDFFR_X2".
ABC: Scl_LibertyReadGenlib() skipped sequential cell "SDFFS_X1".
ABC: Scl_LibertyReadGenlib() skipped sequential cell "SDFFS_X2".
ABC: Scl_LibertyReadGenlib() skipped sequential cell "SDFF_X1".
ABC: Scl_LibertyReadGenlib() skipped sequential cell "SDFF_X2".
ABC: Scl_LibertyReadGenlib() skipped three-state cell "TBUF_X1".
ABC: Scl_LibertyReadGenlib() skipped three-state cell "TBUF_X2".
ABC: Scl_LibertyReadGenlib() skipped three-state cell "TBUF_X4".
ABC: Scl_LibertyReadGenlib() skipped three-state cell "TBUF_X8".
ABC: Scl_LibertyReadGenlib() skipped three-state cell "TBUF_X16".
ABC: Scl_LibertyReadGenlib() skipped three-state cell "TINV_X1".
ABC: Scl_LibertyReadGenlib() skipped sequential cell "TLAT_X1".
ABC: Library "NangateOpenCellLibrary" from "/home/nilotpola/Downloads/TETRIS-artefact/COMPRESS-results/compress/synthesis/nangate45-pdk/stdcells.lib" has 90 cells (35 skipped: 21 seq; 6 tri-state; 8 no func; 10 dont_use).  Time =     0.08 sec
ABC: Memory =   11.38 MB. Time =     0.08 sec
ABC: Warning: Detected 2 multi-output gates (for example, "FA_X1").
ABC: + strash 
ABC: + &get -n 
ABC: + &fraig -x 
ABC: + &put 
ABC: + scorr 
ABC: Warning: The network is combinational (run "fraig" or "fraig_sweep").
ABC: + dc2 
ABC: + dretime 
ABC: + strash 
ABC: + &get -n 
ABC: + &dch -f 
ABC: + &nf 
ABC: + &put 
ABC: + write_blif <abc-temp-dir>/output.blif 

56.1.2. Re-integrating ABC results.
ABC RESULTS:           XOR2_X1 cells:        5
ABC RESULTS:        internal signals:        0
ABC RESULTS:           input signals:       10
ABC RESULTS:          output signals:        5
Removing temp directory.

56.2. Extracting gate netlist of module `$paramod\MSKand_hpc2o_cross\d=s32'00000000000000000000000000000101' to `<abc-temp-dir>/input.blif'..
Extracted 100 gates and 190 wires to a netlist network with 90 inputs and 65 outputs.

56.2.1. Executing ABC.
Running ABC command: "<yosys-exe-dir>/yosys-abc" -s -f <abc-temp-dir>/abc.script 2>&1
ABC: ABC command line: "source <abc-temp-dir>/abc.script".
ABC: 
ABC: + read_blif <abc-temp-dir>/input.blif 
ABC: + read_lib -w /home/nilotpola/Downloads/TETRIS-artefact/COMPRESS-results/compress/synthesis/nangate45-pdk/stdcells.lib 
ABC: Parsing finished successfully.  Parsing time =     0.05 sec
ABC: Scl_LibertyReadGenlib() skipped cell "ANTENNA_X1" due to dont_use attribute.
ABC: Scl_LibertyReadGenlib() skipped cell "CLKGATETST_X1" without logic function.
ABC: Scl_LibertyReadGenlib() skipped cell "CLKGATETST_X2" without logic function.
ABC: Scl_LibertyReadGenlib() skipped cell "CLKGATETST_X4" without logic function.
ABC: Scl_LibertyReadGenlib() skipped cell "CLKGATETST_X8" without logic function.
ABC: Scl_LibertyReadGenlib() skipped cell "CLKGATE_X1" without logic function.
ABC: Scl_LibertyReadGenlib() skipped cell "CLKGATE_X2" without logic function.
ABC: Scl_LibertyReadGenlib() skipped cell "CLKGATE_X4" without logic function.
ABC: Scl_LibertyReadGenlib() skipped cell "CLKGATE_X8" without logic function.
ABC: Scl_LibertyReadGenlib() skipped sequential cell "DFFRS_X1".
ABC: Scl_LibertyReadGenlib() skipped sequential cell "DFFRS_X2".
ABC: Scl_LibertyReadGenlib() skipped sequential cell "DFFR_X1".
ABC: Scl_LibertyReadGenlib() skipped sequential cell "DFFR_X2".
ABC: Scl_LibertyReadGenlib() skipped sequential cell "DFFS_X1".
ABC: Scl_LibertyReadGenlib() skipped sequential cell "DFFS_X2".
ABC: Scl_LibertyReadGenlib() skipped sequential cell "DFF_X1".
ABC: Scl_LibertyReadGenlib() skipped sequential cell "DFF_X2".
ABC: Scl_LibertyReadGenlib() skipped sequential cell "DLH_X1".
ABC: Scl_LibertyReadGenlib() skipped sequential cell "DLH_X2".
ABC: Scl_LibertyReadGenlib() skipped sequential cell "DLL_X1".
ABC: Scl_LibertyReadGenlib() skipped sequential cell "DLL_X2".
ABC: Scl_LibertyReadGenlib() skipped cell "WELLTAP_X1" due to dont_use attribute.
ABC: Scl_LibertyReadGenlib() skipped cell "FILLCELL_X1" due to dont_use attribute.
ABC: Scl_LibertyReadGenlib() skipped cell "FILLCELL_X2" due to dont_use attribute.
ABC: Scl_LibertyReadGenlib() skipped cell "FILLCELL_X4" due to dont_use attribute.
ABC: Scl_LibertyReadGenlib() skipped cell "FILLCELL_X8" due to dont_use attribute.
ABC: Scl_LibertyReadGenlib() skipped cell "FILLCELL_X16" due to dont_use attribute.
ABC: Scl_LibertyReadGenlib() skipped cell "FILLCELL_X32" due to dont_use attribute.
ABC: Scl_LibertyReadGenlib() skipped cell "LOGIC0_X1" due to dont_use attribute.
ABC: Scl_LibertyReadGenlib() skipped cell "LOGIC1_X1" due to dont_use attribute.
ABC: Scl_LibertyReadGenlib() skipped sequential cell "SDFFRS_X1".
ABC: Scl_LibertyReadGenlib() skipped sequential cell "SDFFRS_X2".
ABC: Scl_LibertyReadGenlib() skipped sequential cell "SDFFR_X1".
ABC: Scl_LibertyReadGenlib() skipped sequential cell "SDFFR_X2".
ABC: Scl_LibertyReadGenlib() skipped sequential cell "SDFFS_X1".
ABC: Scl_LibertyReadGenlib() skipped sequential cell "SDFFS_X2".
ABC: Scl_LibertyReadGenlib() skipped sequential cell "SDFF_X1".
ABC: Scl_LibertyReadGenlib() skipped sequential cell "SDFF_X2".
ABC: Scl_LibertyReadGenlib() skipped three-state cell "TBUF_X1".
ABC: Scl_LibertyReadGenlib() skipped three-state cell "TBUF_X2".
ABC: Scl_LibertyReadGenlib() skipped three-state cell "TBUF_X4".
ABC: Scl_LibertyReadGenlib() skipped three-state cell "TBUF_X8".
ABC: Scl_LibertyReadGenlib() skipped three-state cell "TBUF_X16".
ABC: Scl_LibertyReadGenlib() skipped three-state cell "TINV_X1".
ABC: Scl_LibertyReadGenlib() skipped sequential cell "TLAT_X1".
ABC: Library "NangateOpenCellLibrary" from "/home/nilotpola/Downloads/TETRIS-artefact/COMPRESS-results/compress/synthesis/nangate45-pdk/stdcells.lib" has 90 cells (35 skipped: 21 seq; 6 tri-state; 8 no func; 10 dont_use).  Time =     0.07 sec
ABC: Memory =   11.38 MB. Time =     0.07 sec
ABC: Warning: Detected 2 multi-output gates (for example, "FA_X1").
ABC: + strash 
ABC: + &get -n 
ABC: + &fraig -x 
ABC: + &put 
ABC: + scorr 
ABC: Warning: The network is combinational (run "fraig" or "fraig_sweep").
ABC: + dc2 
ABC: + dretime 
ABC: + strash 
ABC: + &get -n 
ABC: + &dch -f 
ABC: + &nf 
ABC: + &put 
ABC: + write_blif <abc-temp-dir>/output.blif 

56.2.2. Re-integrating ABC results.
ABC RESULTS:            INV_X1 cells:       10
ABC RESULTS:          XNOR2_X1 cells:       10
ABC RESULTS:           NOR2_X1 cells:       40
ABC RESULTS:           XOR2_X1 cells:       25
ABC RESULTS:           AND2_X1 cells:       20
ABC RESULTS:        internal signals:       35
ABC RESULTS:           input signals:       90
ABC RESULTS:          output signals:       65
Removing temp directory.

56.3. Extracting gate netlist of module `$paramod\MSKand_hpc2o_cross_swapped\d=s32'00000000000000000000000000000101' to `<abc-temp-dir>/input.blif'..
Extracted 0 gates and 0 wires to a netlist network with 0 inputs and 0 outputs.
Don't call ABC as there is nothing to map.
Removing temp directory.

56.4. Extracting gate netlist of module `$paramod\MSKand_hpc3o\d=s32'00000000000000000000000000000101' to `<abc-temp-dir>/input.blif'..
Extracted 115 gates and 190 wires to a netlist network with 75 inputs and 45 outputs.

56.4.1. Executing ABC.
Running ABC command: "<yosys-exe-dir>/yosys-abc" -s -f <abc-temp-dir>/abc.script 2>&1
ABC: ABC command line: "source <abc-temp-dir>/abc.script".
ABC: 
ABC: + read_blif <abc-temp-dir>/input.blif 
ABC: + read_lib -w /home/nilotpola/Downloads/TETRIS-artefact/COMPRESS-results/compress/synthesis/nangate45-pdk/stdcells.lib 
ABC: Parsing finished successfully.  Parsing time =     0.05 sec
ABC: Scl_LibertyReadGenlib() skipped cell "ANTENNA_X1" due to dont_use attribute.
ABC: Scl_LibertyReadGenlib() skipped cell "CLKGATETST_X1" without logic function.
ABC: Scl_LibertyReadGenlib() skipped cell "CLKGATETST_X2" without logic function.
ABC: Scl_LibertyReadGenlib() skipped cell "CLKGATETST_X4" without logic function.
ABC: Scl_LibertyReadGenlib() skipped cell "CLKGATETST_X8" without logic function.
ABC: Scl_LibertyReadGenlib() skipped cell "CLKGATE_X1" without logic function.
ABC: Scl_LibertyReadGenlib() skipped cell "CLKGATE_X2" without logic function.
ABC: Scl_LibertyReadGenlib() skipped cell "CLKGATE_X4" without logic function.
ABC: Scl_LibertyReadGenlib() skipped cell "CLKGATE_X8" without logic function.
ABC: Scl_LibertyReadGenlib() skipped sequential cell "DFFRS_X1".
ABC: Scl_LibertyReadGenlib() skipped sequential cell "DFFRS_X2".
ABC: Scl_LibertyReadGenlib() skipped sequential cell "DFFR_X1".
ABC: Scl_LibertyReadGenlib() skipped sequential cell "DFFR_X2".
ABC: Scl_LibertyReadGenlib() skipped sequential cell "DFFS_X1".
ABC: Scl_LibertyReadGenlib() skipped sequential cell "DFFS_X2".
ABC: Scl_LibertyReadGenlib() skipped sequential cell "DFF_X1".
ABC: Scl_LibertyReadGenlib() skipped sequential cell "DFF_X2".
ABC: Scl_LibertyReadGenlib() skipped sequential cell "DLH_X1".
ABC: Scl_LibertyReadGenlib() skipped sequential cell "DLH_X2".
ABC: Scl_LibertyReadGenlib() skipped sequential cell "DLL_X1".
ABC: Scl_LibertyReadGenlib() skipped sequential cell "DLL_X2".
ABC: Scl_LibertyReadGenlib() skipped cell "WELLTAP_X1" due to dont_use attribute.
ABC: Scl_LibertyReadGenlib() skipped cell "FILLCELL_X1" due to dont_use attribute.
ABC: Scl_LibertyReadGenlib() skipped cell "FILLCELL_X2" due to dont_use attribute.
ABC: Scl_LibertyReadGenlib() skipped cell "FILLCELL_X4" due to dont_use attribute.
ABC: Scl_LibertyReadGenlib() skipped cell "FILLCELL_X8" due to dont_use attribute.
ABC: Scl_LibertyReadGenlib() skipped cell "FILLCELL_X16" due to dont_use attribute.
ABC: Scl_LibertyReadGenlib() skipped cell "FILLCELL_X32" due to dont_use attribute.
ABC: Scl_LibertyReadGenlib() skipped cell "LOGIC0_X1" due to dont_use attribute.
ABC: Scl_LibertyReadGenlib() skipped cell "LOGIC1_X1" due to dont_use attribute.
ABC: Scl_LibertyReadGenlib() skipped sequential cell "SDFFRS_X1".
ABC: Scl_LibertyReadGenlib() skipped sequential cell "SDFFRS_X2".
ABC: Scl_LibertyReadGenlib() skipped sequential cell "SDFFR_X1".
ABC: Scl_LibertyReadGenlib() skipped sequential cell "SDFFR_X2".
ABC: Scl_LibertyReadGenlib() skipped sequential cell "SDFFS_X1".
ABC: Scl_LibertyReadGenlib() skipped sequential cell "SDFFS_X2".
ABC: Scl_LibertyReadGenlib() skipped sequential cell "SDFF_X1".
ABC: Scl_LibertyReadGenlib() skipped sequential cell "SDFF_X2".
ABC: Scl_LibertyReadGenlib() skipped three-state cell "TBUF_X1".
ABC: Scl_LibertyReadGenlib() skipped three-state cell "TBUF_X2".
ABC: Scl_LibertyReadGenlib() skipped three-state cell "TBUF_X4".
ABC: Scl_LibertyReadGenlib() skipped three-state cell "TBUF_X8".
ABC: Scl_LibertyReadGenlib() skipped three-state cell "TBUF_X16".
ABC: Scl_LibertyReadGenlib() skipped three-state cell "TINV_X1".
ABC: Scl_LibertyReadGenlib() skipped sequential cell "TLAT_X1".
ABC: Library "NangateOpenCellLibrary" from "/home/nilotpola/Downloads/TETRIS-artefact/COMPRESS-results/compress/synthesis/nangate45-pdk/stdcells.lib" has 90 cells (35 skipped: 21 seq; 6 tri-state; 8 no func; 10 dont_use).  Time =     0.08 sec
ABC: Memory =   11.38 MB. Time =     0.08 sec
ABC: Warning: Detected 2 multi-output gates (for example, "FA_X1").
ABC: + strash 
ABC: + &get -n 
ABC: + &fraig -x 
ABC: + &put 
ABC: + scorr 
ABC: Warning: The network is combinational (run "fraig" or "fraig_sweep").
ABC: + dc2 
ABC: + dretime 
ABC: + strash 
ABC: + &get -n 
ABC: + &dch -f 
ABC: + &nf 
ABC: + &put 
ABC: + write_blif <abc-temp-dir>/output.blif 

56.4.2. Re-integrating ABC results.
ABC RESULTS:          NAND2_X1 cells:       25
ABC RESULTS:          XNOR2_X1 cells:       45
ABC RESULTS:           XOR2_X1 cells:       30
ABC RESULTS:        internal signals:       70
ABC RESULTS:           input signals:       75
ABC RESULTS:          output signals:       45
Removing temp directory.

56.5. Extracting gate netlist of module `$paramod\MSKand_hpc3o_swapped\d=s32'00000000000000000000000000000101' to `<abc-temp-dir>/input.blif'..
Extracted 0 gates and 0 wires to a netlist network with 0 inputs and 0 outputs.
Don't call ABC as there is nothing to map.
Removing temp directory.

56.6. Extracting gate netlist of module `$paramod\MSKand_sharewise\d=s32'00000000000000000000000000000101' to `<abc-temp-dir>/input.blif'..
Extracted 5 gates and 15 wires to a netlist network with 10 inputs and 5 outputs.

56.6.1. Executing ABC.
Running ABC command: "<yosys-exe-dir>/yosys-abc" -s -f <abc-temp-dir>/abc.script 2>&1
ABC: ABC command line: "source <abc-temp-dir>/abc.script".
ABC: 
ABC: + read_blif <abc-temp-dir>/input.blif 
ABC: + read_lib -w /home/nilotpola/Downloads/TETRIS-artefact/COMPRESS-results/compress/synthesis/nangate45-pdk/stdcells.lib 
ABC: Parsing finished successfully.  Parsing time =     0.05 sec
ABC: Scl_LibertyReadGenlib() skipped cell "ANTENNA_X1" due to dont_use attribute.
ABC: Scl_LibertyReadGenlib() skipped cell "CLKGATETST_X1" without logic function.
ABC: Scl_LibertyReadGenlib() skipped cell "CLKGATETST_X2" without logic function.
ABC: Scl_LibertyReadGenlib() skipped cell "CLKGATETST_X4" without logic function.
ABC: Scl_LibertyReadGenlib() skipped cell "CLKGATETST_X8" without logic function.
ABC: Scl_LibertyReadGenlib() skipped cell "CLKGATE_X1" without logic function.
ABC: Scl_LibertyReadGenlib() skipped cell "CLKGATE_X2" without logic function.
ABC: Scl_LibertyReadGenlib() skipped cell "CLKGATE_X4" without logic function.
ABC: Scl_LibertyReadGenlib() skipped cell "CLKGATE_X8" without logic function.
ABC: Scl_LibertyReadGenlib() skipped sequential cell "DFFRS_X1".
ABC: Scl_LibertyReadGenlib() skipped sequential cell "DFFRS_X2".
ABC: Scl_LibertyReadGenlib() skipped sequential cell "DFFR_X1".
ABC: Scl_LibertyReadGenlib() skipped sequential cell "DFFR_X2".
ABC: Scl_LibertyReadGenlib() skipped sequential cell "DFFS_X1".
ABC: Scl_LibertyReadGenlib() skipped sequential cell "DFFS_X2".
ABC: Scl_LibertyReadGenlib() skipped sequential cell "DFF_X1".
ABC: Scl_LibertyReadGenlib() skipped sequential cell "DFF_X2".
ABC: Scl_LibertyReadGenlib() skipped sequential cell "DLH_X1".
ABC: Scl_LibertyReadGenlib() skipped sequential cell "DLH_X2".
ABC: Scl_LibertyReadGenlib() skipped sequential cell "DLL_X1".
ABC: Scl_LibertyReadGenlib() skipped sequential cell "DLL_X2".
ABC: Scl_LibertyReadGenlib() skipped cell "WELLTAP_X1" due to dont_use attribute.
ABC: Scl_LibertyReadGenlib() skipped cell "FILLCELL_X1" due to dont_use attribute.
ABC: Scl_LibertyReadGenlib() skipped cell "FILLCELL_X2" due to dont_use attribute.
ABC: Scl_LibertyReadGenlib() skipped cell "FILLCELL_X4" due to dont_use attribute.
ABC: Scl_LibertyReadGenlib() skipped cell "FILLCELL_X8" due to dont_use attribute.
ABC: Scl_LibertyReadGenlib() skipped cell "FILLCELL_X16" due to dont_use attribute.
ABC: Scl_LibertyReadGenlib() skipped cell "FILLCELL_X32" due to dont_use attribute.
ABC: Scl_LibertyReadGenlib() skipped cell "LOGIC0_X1" due to dont_use attribute.
ABC: Scl_LibertyReadGenlib() skipped cell "LOGIC1_X1" due to dont_use attribute.
ABC: Scl_LibertyReadGenlib() skipped sequential cell "SDFFRS_X1".
ABC: Scl_LibertyReadGenlib() skipped sequential cell "SDFFRS_X2".
ABC: Scl_LibertyReadGenlib() skipped sequential cell "SDFFR_X1".
ABC: Scl_LibertyReadGenlib() skipped sequential cell "SDFFR_X2".
ABC: Scl_LibertyReadGenlib() skipped sequential cell "SDFFS_X1".
ABC: Scl_LibertyReadGenlib() skipped sequential cell "SDFFS_X2".
ABC: Scl_LibertyReadGenlib() skipped sequential cell "SDFF_X1".
ABC: Scl_LibertyReadGenlib() skipped sequential cell "SDFF_X2".
ABC: Scl_LibertyReadGenlib() skipped three-state cell "TBUF_X1".
ABC: Scl_LibertyReadGenlib() skipped three-state cell "TBUF_X2".
ABC: Scl_LibertyReadGenlib() skipped three-state cell "TBUF_X4".
ABC: Scl_LibertyReadGenlib() skipped three-state cell "TBUF_X8".
ABC: Scl_LibertyReadGenlib() skipped three-state cell "TBUF_X16".
ABC: Scl_LibertyReadGenlib() skipped three-state cell "TINV_X1".
ABC: Scl_LibertyReadGenlib() skipped sequential cell "TLAT_X1".
ABC: Library "NangateOpenCellLibrary" from "/home/nilotpola/Downloads/TETRIS-artefact/COMPRESS-results/compress/synthesis/nangate45-pdk/stdcells.lib" has 90 cells (35 skipped: 21 seq; 6 tri-state; 8 no func; 10 dont_use).  Time =     0.08 sec
ABC: Memory =   11.38 MB. Time =     0.08 sec
ABC: Warning: Detected 2 multi-output gates (for example, "FA_X1").
ABC: + strash 
ABC: + &get -n 
ABC: + &fraig -x 
ABC: + &put 
ABC: + scorr 
ABC: Warning: The network is combinational (run "fraig" or "fraig_sweep").
ABC: + dc2 
ABC: + dretime 
ABC: + strash 
ABC: + &get -n 
ABC: + &dch -f 
ABC: + &nf 
ABC: + &put 
ABC: + write_blif <abc-temp-dir>/output.blif 

56.6.2. Re-integrating ABC results.
ABC RESULTS:           AND2_X1 cells:        5
ABC RESULTS:        internal signals:        0
ABC RESULTS:           input signals:       10
ABC RESULTS:          output signals:        5
Removing temp directory.

56.7. Extracting gate netlist of module `$paramod\MSKinv\d=s32'00000000000000000000000000000101' to `<abc-temp-dir>/input.blif'..
Extracted 1 gates and 2 wires to a netlist network with 1 inputs and 1 outputs.

56.7.1. Executing ABC.
Running ABC command: "<yosys-exe-dir>/yosys-abc" -s -f <abc-temp-dir>/abc.script 2>&1
ABC: ABC command line: "source <abc-temp-dir>/abc.script".
ABC: 
ABC: + read_blif <abc-temp-dir>/input.blif 
ABC: + read_lib -w /home/nilotpola/Downloads/TETRIS-artefact/COMPRESS-results/compress/synthesis/nangate45-pdk/stdcells.lib 
ABC: Parsing finished successfully.  Parsing time =     0.05 sec
ABC: Scl_LibertyReadGenlib() skipped cell "ANTENNA_X1" due to dont_use attribute.
ABC: Scl_LibertyReadGenlib() skipped cell "CLKGATETST_X1" without logic function.
ABC: Scl_LibertyReadGenlib() skipped cell "CLKGATETST_X2" without logic function.
ABC: Scl_LibertyReadGenlib() skipped cell "CLKGATETST_X4" without logic function.
ABC: Scl_LibertyReadGenlib() skipped cell "CLKGATETST_X8" without logic function.
ABC: Scl_LibertyReadGenlib() skipped cell "CLKGATE_X1" without logic function.
ABC: Scl_LibertyReadGenlib() skipped cell "CLKGATE_X2" without logic function.
ABC: Scl_LibertyReadGenlib() skipped cell "CLKGATE_X4" without logic function.
ABC: Scl_LibertyReadGenlib() skipped cell "CLKGATE_X8" without logic function.
ABC: Scl_LibertyReadGenlib() skipped sequential cell "DFFRS_X1".
ABC: Scl_LibertyReadGenlib() skipped sequential cell "DFFRS_X2".
ABC: Scl_LibertyReadGenlib() skipped sequential cell "DFFR_X1".
ABC: Scl_LibertyReadGenlib() skipped sequential cell "DFFR_X2".
ABC: Scl_LibertyReadGenlib() skipped sequential cell "DFFS_X1".
ABC: Scl_LibertyReadGenlib() skipped sequential cell "DFFS_X2".
ABC: Scl_LibertyReadGenlib() skipped sequential cell "DFF_X1".
ABC: Scl_LibertyReadGenlib() skipped sequential cell "DFF_X2".
ABC: Scl_LibertyReadGenlib() skipped sequential cell "DLH_X1".
ABC: Scl_LibertyReadGenlib() skipped sequential cell "DLH_X2".
ABC: Scl_LibertyReadGenlib() skipped sequential cell "DLL_X1".
ABC: Scl_LibertyReadGenlib() skipped sequential cell "DLL_X2".
ABC: Scl_LibertyReadGenlib() skipped cell "WELLTAP_X1" due to dont_use attribute.
ABC: Scl_LibertyReadGenlib() skipped cell "FILLCELL_X1" due to dont_use attribute.
ABC: Scl_LibertyReadGenlib() skipped cell "FILLCELL_X2" due to dont_use attribute.
ABC: Scl_LibertyReadGenlib() skipped cell "FILLCELL_X4" due to dont_use attribute.
ABC: Scl_LibertyReadGenlib() skipped cell "FILLCELL_X8" due to dont_use attribute.
ABC: Scl_LibertyReadGenlib() skipped cell "FILLCELL_X16" due to dont_use attribute.
ABC: Scl_LibertyReadGenlib() skipped cell "FILLCELL_X32" due to dont_use attribute.
ABC: Scl_LibertyReadGenlib() skipped cell "LOGIC0_X1" due to dont_use attribute.
ABC: Scl_LibertyReadGenlib() skipped cell "LOGIC1_X1" due to dont_use attribute.
ABC: Scl_LibertyReadGenlib() skipped sequential cell "SDFFRS_X1".
ABC: Scl_LibertyReadGenlib() skipped sequential cell "SDFFRS_X2".
ABC: Scl_LibertyReadGenlib() skipped sequential cell "SDFFR_X1".
ABC: Scl_LibertyReadGenlib() skipped sequential cell "SDFFR_X2".
ABC: Scl_LibertyReadGenlib() skipped sequential cell "SDFFS_X1".
ABC: Scl_LibertyReadGenlib() skipped sequential cell "SDFFS_X2".
ABC: Scl_LibertyReadGenlib() skipped sequential cell "SDFF_X1".
ABC: Scl_LibertyReadGenlib() skipped sequential cell "SDFF_X2".
ABC: Scl_LibertyReadGenlib() skipped three-state cell "TBUF_X1".
ABC: Scl_LibertyReadGenlib() skipped three-state cell "TBUF_X2".
ABC: Scl_LibertyReadGenlib() skipped three-state cell "TBUF_X4".
ABC: Scl_LibertyReadGenlib() skipped three-state cell "TBUF_X8".
ABC: Scl_LibertyReadGenlib() skipped three-state cell "TBUF_X16".
ABC: Scl_LibertyReadGenlib() skipped three-state cell "TINV_X1".
ABC: Scl_LibertyReadGenlib() skipped sequential cell "TLAT_X1".
ABC: Library "NangateOpenCellLibrary" from "/home/nilotpola/Downloads/TETRIS-artefact/COMPRESS-results/compress/synthesis/nangate45-pdk/stdcells.lib" has 90 cells (35 skipped: 21 seq; 6 tri-state; 8 no func; 10 dont_use).  Time =     0.07 sec
ABC: Memory =   11.38 MB. Time =     0.07 sec
ABC: Warning: Detected 2 multi-output gates (for example, "FA_X1").
ABC: + strash 
ABC: + &get -n 
ABC: + &fraig -x 
ABC: + &put 
ABC: + scorr 
ABC: Warning: The network is combinational (run "fraig" or "fraig_sweep").
ABC: + dc2 
ABC: + dretime 
ABC: + strash 
ABC: + &get -n 
ABC: + &dch -f 
ABC: + &nf 
ABC: + &put 
ABC: + write_blif <abc-temp-dir>/output.blif 

56.7.2. Re-integrating ABC results.
ABC RESULTS:            INV_X1 cells:        1
ABC RESULTS:        internal signals:        0
ABC RESULTS:           input signals:        1
ABC RESULTS:          output signals:        1
Removing temp directory.

56.8. Extracting gate netlist of module `$paramod\MSKreg\d=s32'00000000000000000000000000000101' to `<abc-temp-dir>/input.blif'..
Extracted 0 gates and 0 wires to a netlist network with 0 inputs and 0 outputs.
Don't call ABC as there is nothing to map.
Removing temp directory.

56.9. Extracting gate netlist of module `$paramod\MSKxnor\d=s32'00000000000000000000000000000101' to `<abc-temp-dir>/input.blif'..
Extracted 0 gates and 0 wires to a netlist network with 0 inputs and 0 outputs.
Don't call ABC as there is nothing to map.
Removing temp directory.

56.10. Extracting gate netlist of module `$paramod\MSKxor\d=s32'00000000000000000000000000000101' to `<abc-temp-dir>/input.blif'..
Extracted 5 gates and 15 wires to a netlist network with 10 inputs and 5 outputs.

56.10.1. Executing ABC.
Running ABC command: "<yosys-exe-dir>/yosys-abc" -s -f <abc-temp-dir>/abc.script 2>&1
ABC: ABC command line: "source <abc-temp-dir>/abc.script".
ABC: 
ABC: + read_blif <abc-temp-dir>/input.blif 
ABC: + read_lib -w /home/nilotpola/Downloads/TETRIS-artefact/COMPRESS-results/compress/synthesis/nangate45-pdk/stdcells.lib 
ABC: Parsing finished successfully.  Parsing time =     0.05 sec
ABC: Scl_LibertyReadGenlib() skipped cell "ANTENNA_X1" due to dont_use attribute.
ABC: Scl_LibertyReadGenlib() skipped cell "CLKGATETST_X1" without logic function.
ABC: Scl_LibertyReadGenlib() skipped cell "CLKGATETST_X2" without logic function.
ABC: Scl_LibertyReadGenlib() skipped cell "CLKGATETST_X4" without logic function.
ABC: Scl_LibertyReadGenlib() skipped cell "CLKGATETST_X8" without logic function.
ABC: Scl_LibertyReadGenlib() skipped cell "CLKGATE_X1" without logic function.
ABC: Scl_LibertyReadGenlib() skipped cell "CLKGATE_X2" without logic function.
ABC: Scl_LibertyReadGenlib() skipped cell "CLKGATE_X4" without logic function.
ABC: Scl_LibertyReadGenlib() skipped cell "CLKGATE_X8" without logic function.
ABC: Scl_LibertyReadGenlib() skipped sequential cell "DFFRS_X1".
ABC: Scl_LibertyReadGenlib() skipped sequential cell "DFFRS_X2".
ABC: Scl_LibertyReadGenlib() skipped sequential cell "DFFR_X1".
ABC: Scl_LibertyReadGenlib() skipped sequential cell "DFFR_X2".
ABC: Scl_LibertyReadGenlib() skipped sequential cell "DFFS_X1".
ABC: Scl_LibertyReadGenlib() skipped sequential cell "DFFS_X2".
ABC: Scl_LibertyReadGenlib() skipped sequential cell "DFF_X1".
ABC: Scl_LibertyReadGenlib() skipped sequential cell "DFF_X2".
ABC: Scl_LibertyReadGenlib() skipped sequential cell "DLH_X1".
ABC: Scl_LibertyReadGenlib() skipped sequential cell "DLH_X2".
ABC: Scl_LibertyReadGenlib() skipped sequential cell "DLL_X1".
ABC: Scl_LibertyReadGenlib() skipped sequential cell "DLL_X2".
ABC: Scl_LibertyReadGenlib() skipped cell "WELLTAP_X1" due to dont_use attribute.
ABC: Scl_LibertyReadGenlib() skipped cell "FILLCELL_X1" due to dont_use attribute.
ABC: Scl_LibertyReadGenlib() skipped cell "FILLCELL_X2" due to dont_use attribute.
ABC: Scl_LibertyReadGenlib() skipped cell "FILLCELL_X4" due to dont_use attribute.
ABC: Scl_LibertyReadGenlib() skipped cell "FILLCELL_X8" due to dont_use attribute.
ABC: Scl_LibertyReadGenlib() skipped cell "FILLCELL_X16" due to dont_use attribute.
ABC: Scl_LibertyReadGenlib() skipped cell "FILLCELL_X32" due to dont_use attribute.
ABC: Scl_LibertyReadGenlib() skipped cell "LOGIC0_X1" due to dont_use attribute.
ABC: Scl_LibertyReadGenlib() skipped cell "LOGIC1_X1" due to dont_use attribute.
ABC: Scl_LibertyReadGenlib() skipped sequential cell "SDFFRS_X1".
ABC: Scl_LibertyReadGenlib() skipped sequential cell "SDFFRS_X2".
ABC: Scl_LibertyReadGenlib() skipped sequential cell "SDFFR_X1".
ABC: Scl_LibertyReadGenlib() skipped sequential cell "SDFFR_X2".
ABC: Scl_LibertyReadGenlib() skipped sequential cell "SDFFS_X1".
ABC: Scl_LibertyReadGenlib() skipped sequential cell "SDFFS_X2".
ABC: Scl_LibertyReadGenlib() skipped sequential cell "SDFF_X1".
ABC: Scl_LibertyReadGenlib() skipped sequential cell "SDFF_X2".
ABC: Scl_LibertyReadGenlib() skipped three-state cell "TBUF_X1".
ABC: Scl_LibertyReadGenlib() skipped three-state cell "TBUF_X2".
ABC: Scl_LibertyReadGenlib() skipped three-state cell "TBUF_X4".
ABC: Scl_LibertyReadGenlib() skipped three-state cell "TBUF_X8".
ABC: Scl_LibertyReadGenlib() skipped three-state cell "TBUF_X16".
ABC: Scl_LibertyReadGenlib() skipped three-state cell "TINV_X1".
ABC: Scl_LibertyReadGenlib() skipped sequential cell "TLAT_X1".
ABC: Library "NangateOpenCellLibrary" from "/home/nilotpola/Downloads/TETRIS-artefact/COMPRESS-results/compress/synthesis/nangate45-pdk/stdcells.lib" has 90 cells (35 skipped: 21 seq; 6 tri-state; 8 no func; 10 dont_use).  Time =     0.08 sec
ABC: Memory =   11.38 MB. Time =     0.08 sec
ABC: Warning: Detected 2 multi-output gates (for example, "FA_X1").
ABC: + strash 
ABC: + &get -n 
ABC: + &fraig -x 
ABC: + &put 
ABC: + scorr 
ABC: Warning: The network is combinational (run "fraig" or "fraig_sweep").
ABC: + dc2 
ABC: + dretime 
ABC: + strash 
ABC: + &get -n 
ABC: + &dch -f 
ABC: + &nf 
ABC: + &put 
ABC: + write_blif <abc-temp-dir>/output.blif 

56.10.2. Re-integrating ABC results.
ABC RESULTS:           XOR2_X1 cells:        5
ABC RESULTS:        internal signals:        0
ABC RESULTS:           input signals:       10
ABC RESULTS:          output signals:        5
Removing temp directory.

56.11. Extracting gate netlist of module `$paramod\bin_REG\W=s32'00000000000000000000000000000001' to `<abc-temp-dir>/input.blif'..
Extracted 0 gates and 0 wires to a netlist network with 0 inputs and 0 outputs.
Don't call ABC as there is nothing to map.
Removing temp directory.

56.12. Extracting gate netlist of module `$paramod\bin_REG\W=s32'00000000000000000000000000001010' to `<abc-temp-dir>/input.blif'..
Extracted 0 gates and 0 wires to a netlist network with 0 inputs and 0 outputs.
Don't call ABC as there is nothing to map.
Removing temp directory.

56.13. Extracting gate netlist of module `\aes_bp' to `<abc-temp-dir>/input.blif'..
Extracted 0 gates and 0 wires to a netlist network with 0 inputs and 0 outputs.
Don't call ABC as there is nothing to map.
Removing temp directory.
Removed 0 unused cells and 382 unused wires.

57. Executing Verilog backend.

57.1. Executing BMUXMAP pass.

57.2. Executing DEMUXMAP pass.
Dumping module `$paramod$2589394551ed5df03e31ad3b9ee102c6002b20f4\MSKxor'.
Dumping module `$paramod\MSKand_hpc2o_cross\d=s32'00000000000000000000000000000101'.
Dumping module `$paramod\MSKand_hpc2o_cross_swapped\d=s32'00000000000000000000000000000101'.
Dumping module `$paramod\MSKand_hpc3o\d=s32'00000000000000000000000000000101'.
Dumping module `$paramod\MSKand_hpc3o_swapped\d=s32'00000000000000000000000000000101'.
Dumping module `$paramod\MSKand_sharewise\d=s32'00000000000000000000000000000101'.
Dumping module `$paramod\MSKinv\d=s32'00000000000000000000000000000101'.
Dumping module `$paramod\MSKreg\d=s32'00000000000000000000000000000101'.
Dumping module `$paramod\MSKxnor\d=s32'00000000000000000000000000000101'.
Dumping module `$paramod\MSKxor\d=s32'00000000000000000000000000000101'.
Dumping module `$paramod\bin_REG\W=s32'00000000000000000000000000000001'.
Dumping module `$paramod\bin_REG\W=s32'00000000000000000000000000001010'.
Dumping module `\aes_bp'.
{
   "creator": "Yosys 0.33 (git sha1 2584903a0, gcc 8.4.0-1ubuntu1~18.04 -fPIC -Os)",
   "invocation": "stat -liberty synthesis/nangate45-pdk/stdcells.lib -json ",
   "modules": {
      "$paramod$2589394551ed5df03e31ad3b9ee102c6002b20f4\\MSKxor": {
         "num_wires":         3,
         "num_wire_bits":     15,
         "num_pub_wires":     3,
         "num_pub_wire_bits": 15,
         "num_memories":      0,
         "num_memory_bits":   0,
         "num_processes":     0,
         "num_cells":         5,
         "area":              7.980000,
         "num_cells_by_type": {
            "XOR2_X1": 5
         }
      },
      "$paramod\\MSKand_hpc2o_cross\\d=s32'00000000000000000000000000000101": {
         "num_wires":         131,
         "num_wire_bits":     246,
         "num_pub_wires":     91,
         "num_pub_wire_bits": 206,
         "num_memories":      0,
         "num_memory_bits":   0,
         "num_processes":     0,
         "num_cells":         166,
         "area":              114.380000,
         "num_cells_by_type": {
            "$paramod\\bin_REG\\W=s32'00000000000000000000000000000001": 60,
            "$paramod\\bin_REG\\W=s32'00000000000000000000000000001010": 1,
            "AND2_X1": 20,
            "INV_X1": 10,
            "NOR2_X1": 40,
            "XNOR2_X1": 10,
            "XOR2_X1": 25
         }
      },
      "$paramod\\MSKand_hpc2o_cross_swapped\\d=s32'00000000000000000000000000000101": {
         "num_wires":         5,
         "num_wire_bits":     26,
         "num_pub_wires":     5,
         "num_pub_wire_bits": 26,
         "num_memories":      0,
         "num_memory_bits":   0,
         "num_processes":     0,
         "num_cells":         1,
         "num_cells_by_type": {
            "$paramod\\MSKand_hpc2o_cross\\d=s32'00000000000000000000000000000101": 1
         }
      },
      "$paramod\\MSKand_hpc3o\\d=s32'00000000000000000000000000000101": {
         "num_wires":         138,
         "num_wire_bits":     246,
         "num_pub_wires":     83,
         "num_pub_wire_bits": 191,
         "num_memories":      0,
         "num_memory_bits":   0,
         "num_processes":     0,
         "num_cells":         140,
         "area":              139.650000,
         "num_cells_by_type": {
            "$paramod\\bin_REG\\W=s32'00000000000000000000000000000001": 40,
            "NAND2_X1": 25,
            "XNOR2_X1": 45,
            "XOR2_X1": 30
         }
      },
      "$paramod\\MSKand_hpc3o_swapped\\d=s32'00000000000000000000000000000101": {
         "num_wires":         6,
         "num_wire_bits":     41,
         "num_pub_wires":     6,
         "num_pub_wire_bits": 41,
         "num_memories":      0,
         "num_memory_bits":   0,
         "num_processes":     0,
         "num_cells":         1,
         "num_cells_by_type": {
            "$paramod\\MSKand_hpc3o\\d=s32'00000000000000000000000000000101": 1
         }
      },
      "$paramod\\MSKand_sharewise\\d=s32'00000000000000000000000000000101": {
         "num_wires":         3,
         "num_wire_bits":     15,
         "num_pub_wires":     3,
         "num_pub_wire_bits": 15,
         "num_memories":      0,
         "num_memory_bits":   0,
         "num_processes":     0,
         "num_cells":         5,
         "area":              5.320000,
         "num_cells_by_type": {
            "AND2_X1": 5
         }
      },
      "$paramod\\MSKinv\\d=s32'00000000000000000000000000000101": {
         "num_wires":         2,
         "num_wire_bits":     10,
         "num_pub_wires":     2,
         "num_pub_wire_bits": 10,
         "num_memories":      0,
         "num_memory_bits":   0,
         "num_processes":     0,
         "num_cells":         1,
         "area":              0.532000,
         "num_cells_by_type": {
            "INV_X1": 1
         }
      },
      "$paramod\\MSKreg\\d=s32'00000000000000000000000000000101": {
         "num_wires":         9,
         "num_wire_bits":     21,
         "num_pub_wires":     4,
         "num_pub_wire_bits": 16,
         "num_memories":      0,
         "num_memory_bits":   0,
         "num_processes":     0,
         "num_cells":         5,
         "area":              22.610000,
         "num_cells_by_type": {
            "DFF_X1": 5
         }
      },
      "$paramod\\MSKxnor\\d=s32'00000000000000000000000000000101": {
         "num_wires":         4,
         "num_wire_bits":     20,
         "num_pub_wires":     4,
         "num_pub_wire_bits": 20,
         "num_memories":      0,
         "num_memory_bits":   0,
         "num_processes":     0,
         "num_cells":         2,
         "num_cells_by_type": {
            "$paramod$2589394551ed5df03e31ad3b9ee102c6002b20f4\\MSKxor": 1,
            "$paramod\\MSKinv\\d=s32'00000000000000000000000000000101": 1
         }
      },
      "$paramod\\MSKxor\\d=s32'00000000000000000000000000000101": {
         "num_wires":         3,
         "num_wire_bits":     15,
         "num_pub_wires":     3,
         "num_pub_wire_bits": 15,
         "num_memories":      0,
         "num_memory_bits":   0,
         "num_processes":     0,
         "num_cells":         5,
         "area":              7.980000,
         "num_cells_by_type": {
            "XOR2_X1": 5
         }
      },
      "$paramod\\bin_REG\\W=s32'00000000000000000000000000000001": {
         "num_wires":         5,
         "num_wire_bits":     5,
         "num_pub_wires":     4,
         "num_pub_wire_bits": 4,
         "num_memories":      0,
         "num_memory_bits":   0,
         "num_processes":     0,
         "num_cells":         1,
         "area":              4.522000,
         "num_cells_by_type": {
            "DFF_X1": 1
         }
      },
      "$paramod\\bin_REG\\W=s32'00000000000000000000000000001010": {
         "num_wires":         14,
         "num_wire_bits":     41,
         "num_pub_wires":     4,
         "num_pub_wire_bits": 31,
         "num_memories":      0,
         "num_memory_bits":   0,
         "num_processes":     0,
         "num_cells":         10,
         "area":              45.220000,
         "num_cells_by_type": {
            "DFF_X1": 10
         }
      },
      "\\aes_bp": {
         "num_wires":         286,
         "num_wire_bits":     1871,
         "num_pub_wires":     286,
         "num_pub_wire_bits": 1871,
         "num_memories":      0,
         "num_memory_bits":   0,
         "num_processes":     0,
         "num_cells":         258,
         "num_cells_by_type": {
            "$paramod\\MSKand_hpc2o_cross\\d=s32'00000000000000000000000000000101": 20,
            "$paramod\\MSKand_hpc2o_cross_swapped\\d=s32'00000000000000000000000000000101": 2,
            "$paramod\\MSKand_hpc3o\\d=s32'00000000000000000000000000000101": 6,
            "$paramod\\MSKand_hpc3o_swapped\\d=s32'00000000000000000000000000000101": 6,
            "$paramod\\MSKand_sharewise\\d=s32'00000000000000000000000000000101": 22,
            "$paramod\\MSKreg\\d=s32'00000000000000000000000000000101": 86,
            "$paramod\\MSKxnor\\d=s32'00000000000000000000000000000101": 4,
            "$paramod\\MSKxor\\d=s32'00000000000000000000000000000101": 112
         }
      }
   },
      "design": {
         "num_wires":         15390,
         "num_wire_bits":     24431,
         "num_pub_wires":     11400,
         "num_pub_wire_bits": 20441,
         "num_memories":      0,
         "num_memory_bits":   0,
         "num_processes":     0,
         "num_cells":         6654,
         "area":              16315.908000,
         "num_cells_by_type": {
            "AND2_X1": 550,
            "DFF_X1": 2450,
            "INV_X1": 224,
            "NAND2_X1": 300,
            "NOR2_X1": 880,
            "XNOR2_X1": 760,
            "XOR2_X1": 1490
         }
      }
}

58. Executing JSON backend.

Warnings: 8 unique messages, 72 total
End of script. Logfile hash: ec42b8b7b6, CPU: user 0.79s system 0.01s, MEM: 37.46 MB peak
Yosys 0.33 (git sha1 2584903a0, gcc 8.4.0-1ubuntu1~18.04 -fPIC -Os)
Time spent: 49% 1x abc (0 sec), 15% 50x read_verilog (0 sec), ...
