================================================================================
DSE RUN LOG
Algorithm  : MRLC
Design     : skinny_sbox_nor
Order      : d = 4
Latency budget: 6
Timestamp  : 2026-07-29 23:09:04
================================================================================

[INFO] : Transforming input file to TAC ...
[INFO] : TAC output written to /home/nilotpola/Downloads/TETRIS-artefact/src/TestFiles/TAC_files/output.c

[INFO] : Inlining the TAC file ...
[INFO] : systemArgs.json written:
{
    "inputFile": "/home/nilotpola/Downloads/TETRIS-artefact/src/TestFiles/TAC_files/output.c",
    "inlinerOutput": "/home/nilotpola/Downloads/TETRIS-artefact/src/TestFiles/inlined_output/output.c",
    "topModule": "sbox",
    "turn": 1
}

[INFO] : Subprocess CWD will be: /home/nilotpola/Downloads/TETRIS-artefact/src/MaskedHLS_LP/src
[INFO] : Inlined file written to /home/nilotpola/Downloads/TETRIS-artefact/src/TestFiles/inlined_output/output.c

[INFO] : Generating the AND tree ...
[INFO] : Number of node in the tree :8
[INFO] : Saving graph
[INFO] : Generating the AND_Xor tree ...
[INFO] : Number of node in the tree :21
[INFO]:Saving AND_Xor tree graph to: ./ANDCloud/AND_Xor_tree/and_xor_cloud.png
[INFO] : Saving graph
[INFO] XOR graph successfully saved to: ./ANDCloud/AND_Xor_tree/and_xor_graph.png
[DEBUG] gadget_map keys: ['hpc1', 'hpc2', 'hpc3', 'hpc2o', 'hpc3o', 'hpc2_swapped', 'hpc2o_swapped']
[DEBUG] hpc2o present? True
[DEBUG] hpc3o present? True
[DEBUG] and_xor_tree available? True

[MRLC INFO] Starting MRLC-DP with target_latency=6

--- Analyzing AND-XOR Tree for Patterns (Fan-out based) ---

[MLRC INFO] Pattern analysis complete (using and_xor_tree graph):
  Total AND nodes                          : 8
  ✅ XOR_AND patterns (HPC2o/HPC3o eligible): 2
  ❌ Pure AND (multiple fan-outs)         : 6
  ❌ Pure AND (single non-XOR consumer)   : 0
  ❌ Pure AND (other)                     : 0
[MRLC INFO]: Initial gadget selected: hpc3o
             Latency: 1, Randomness: 20
[MRLC INFO] hpc2o already present
[MRLC INFO] hpc3o already present
[MRLC INFO]: Final matching gadgets: ['hpc1', 'hpc2', 'hpc3', 'hpc2o', 'hpc3o', 'hpc2_swapped', 'hpc2o_swapped']
[MRLC INFO]: Effective AND levels: 4 | Bonus: 2

[MRLC] Step 2.4: Pre-initializing all AND nodes with baseline gadget...
[MRLC] Pre-initialized 8 nodes as HPC3
[MRLC] Baseline randomness: 160 bits
[MRLC] Now pre-DP optimization can identify HPC2-feasible candidates...

================================================================================
[MRLC] Step 2.5: Pre-DP Asymmetric Gadget Optimization
[MRLC] Analyzing HPC3 nodes: which CAN be converted to HPC2/HPC2o?
[MRLC] DP will then decide which ones SHOULD be converted using bonus budget
================================================================================
[MRLC] Running asymmetric gadget optimization BEFORE DP...
[MRLC] This identifies structural constraints (which nodes CAN be HPC2)
[MRLC] Operating on pre-initialized HPC3 nodes...


================================================================================
ASYMMETRIC GADGET OPTIMIZATION PASS (HPC3 → HPC2 / HPC2_swapped)
================================================================================

[DEBUG] gadget_definition type: <class 'dict'>
[DEBUG] gadget_definition size: 8

[DEBUG] Gadget distribution:
  hpc3           :   8 gates

[DEBUG] HPC3/HPC3o gates found: 8
  [DEPTH DEBUG] t0 = n6 & n7
    op_A: n6 (depth: 0)
    op_B: n7 (depth: 0)
    diff: 0
    HPC3 latency: 1, HPC2 latency: 2
    Can optimize: False
  [DEPTH DEBUG] t1 = n3 & n2
    op_A: n3 (depth: 0)
    op_B: n2 (depth: 0)
    diff: 0
    HPC3 latency: 1, HPC2 latency: 2
    Can optimize: False
  [DEPTH DEBUG] t2 = n2 & n1
    op_A: n2 (depth: 0)
    op_B: n1 (depth: 0)
    diff: 0
    HPC3 latency: 1, HPC2 latency: 2
    Can optimize: False
  [DEPTH DEBUG] t3 = nt0 & nt1
    op_A: nt0 (depth: 1)
    op_B: nt1 (depth: 1)
    diff: 0
    HPC3 latency: 2, HPC2 latency: 3
    Can optimize: False
  [DEPTH DEBUG] t4 = nt1 & n3
    op_A: nt1 (depth: 1)
    op_B: n3 (depth: 0)
    diff: 1
    HPC3 latency: 2, HPC2 latency: 2
    Can optimize: True
    [GADGET VARIANT] deep=nt1, shallow=n3
      op_A=nt1, op_B=n3
      → selected gadget: hpc2
  [DEPTH DEBUG] t5 = nt2 & nt3
    op_A: nt2 (depth: 1)
    op_B: nt3 (depth: 2)
    diff: 1
    HPC3 latency: 3, HPC2 latency: 3
    Can optimize: True
    [GADGET VARIANT] deep=nt3, shallow=nt2
      op_A=nt2, op_B=nt3
      → selected gadget: hpc2_swapped
  [DEPTH DEBUG] t6 = nt3 & nt0
    op_A: nt3 (depth: 2)
    op_B: nt0 (depth: 1)
    diff: 1
    HPC3 latency: 3, HPC2 latency: 3
    Can optimize: True
    [GADGET VARIANT] deep=nt3, shallow=nt0
      op_A=nt3, op_B=nt0
      → selected gadget: hpc2
  [DEPTH DEBUG] t7 = nt4 & nt5
    op_A: nt4 (depth: 2)
    op_B: nt5 (depth: 3)
    diff: 1
    HPC3 latency: 4, HPC2 latency: 4
    Can optimize: True
    [GADGET VARIANT] deep=nt5, shallow=nt4
      op_A=nt4, op_B=nt5
      → selected gadget: hpc2_swapped

================================================================================
OPTIMIZATION RESULTS: 4 gates optimized
================================================================================

[OPTIMIZED GATES] (4 total)
   1. t4 = nt1 & n3                                                | hpc3 → hpc2
      Shallow: n3         | Deep: nt1
   2. t5 = nt2 & nt3                                               | hpc3 → hpc2_swapped
      Shallow: nt2        | Deep: nt3
   3. t6 = nt3 & nt0                                               | hpc3 → hpc2
      Shallow: nt0        | Deep: nt3
   4. t7 = nt4 & nt5                                               | hpc3 → hpc2_swapped
      Shallow: nt4        | Deep: nt5

[OPTIMIZATION SUMMARY]
  Total HPC3/HPC3o nodes analyzed : 8
  Nodes optimized to HPC2(o)      : 4
  Optimization rate               : 4/8 = 50.0%

  Failures:
    Insufficient depth difference (< 1) : 4
    Latency would increase              : 0
    Not HPC3 gadget                     : 0

  Randomness:
    Before : 0.0
    After  : 120
    Latency: 0 (unchanged)
================================================================================


[MRLC] Pre-DP asymmetric optimization completed
[MRLC] Result: 4 nodes marked as HPC2-feasible, 4 remain as HPC3
[MRLC] These marks will guide DP's bonus budget allocation
================================================================================

[MRLC] Step 2.75: Storing pre-DP optimization marks...
[MRLC] After Pre-DP optimization:
[MRLC]   HPC2/HPC2o nodes: 4 (ALREADY CONVERTED!)
[MRLC]   HPC3/HPC3o nodes: 4 (REMAINING for DP)
[MRLC]   Levels with ALL nodes as HPC2: [3, 4]
[MRLC]   Total randomness after pre-opt: 12 bits
[MRLC] DP will now convert REMAINING HPC3 nodes using bonus latency


[MRLC INFO] Initializing 3D DP Table:
  Dimensions: dp[5][3][2]
  Total size: 30 entries
[MRLC INFO] DP table initialized successfully

--- Initial DP Table (3D) ---

--- COMAR NOT USED (k=0) ---
╒═════╤═══════╤═══════╤═══════╕
│     │   B=0 │   B=1 │   B=2 │
╞═════╪═══════╪═══════╪═══════╡
│ L=0 │     0 │   inf │   inf │
├─────┼───────┼───────┼───────┤
│ L=1 │   inf │   inf │   inf │
├─────┼───────┼───────┼───────┤
│ L=2 │   inf │   inf │   inf │
├─────┼───────┼───────┼───────┤
│ L=3 │   inf │   inf │   inf │
├─────┼───────┼───────┼───────┤
│ L=4 │   inf │   inf │   inf │
╘═════╧═══════╧═══════╧═══════╛

--- COMAR USED (k=1) ---
+-----+-------+-------+-------+
|     |   B=0 |   B=1 |   B=2 |
+=====+=======+=======+=======+
| L=0 |   inf |   inf |   inf |
+-----+-------+-------+-------+
| L=1 |   inf |   inf |   inf |
+-----+-------+-------+-------+
| L=2 |   inf |   inf |   inf |
+-----+-------+-------+-------+
| L=3 |   inf |   inf |   inf |
+-----+-------+-------+-------+
| L=4 |   inf |   inf |   inf |
+-----+-------+-------+-------+

[MRLC DP] Pre-DP optimization already converted 4 nodes to HPC2
[MRLC DP] Now DP will convert REMAINING HPC3 nodes using bonus latency

[MRLC INFO] Optimal randomness: 44.0 with bonus spent: 2/2
[MRLC INFO] Reconstructed gadget path: ['hpc2', 'hpc2', 'hpc3', 'hpc3']

=== GADGET ASSIGNMENT WITH OPTIMIZATION PRESERVATION ===
[PRESERVE] Found 8 existing gadget assignments
[PRESERVE] HPC2/HPC2o count before clearing: 4
[PRESERVE] Total upgraded to xor_and optimized: 2
[PRESERVE] HPC2/HPC2o count after assignment: 8

[DEFINITIONS] Building unique gadget definitions...
[DEFINITIONS] Analyzing 8 gadget assignments...
[DEFINITIONS] Gadgets used in assignments: {'hpc2': 5, 'hpc2_swapped': 1, 'hpc2o': 1, 'hpc2o_swapped': 1}
[SUMMARY] Upgraded 2 nodes to xor_and optimized variants (should match xor_and count)
function signature for hpc2 
 void HPC2(_Bool a0, _Bool a1, _Bool a2, _Bool a3, _Bool a4, _Bool b0, _Bool b1, _Bool b2, _Bool b3, _Bool b4, _Bool * c0, _Bool * c1, _Bool * c2, _Bool * c3, _Bool * c4, _Bool rand_01, _Bool rand_02, _Bool rand_03, _Bool rand_04, _Bool rand_12, _Bool rand_13, _Bool rand_14, _Bool rand_23, _Bool rand_24, _Bool rand_34)
function signature for HPC2_swapped
 void HPC2_swapped(_Bool a0, _Bool a1, _Bool a2, _Bool a3, _Bool a4, _Bool b0, _Bool b1, _Bool b2, _Bool b3, _Bool b4, _Bool * c0, _Bool * c1, _Bool * c2, _Bool * c3, _Bool * c4, _Bool rand_01, _Bool rand_02, _Bool rand_03, _Bool rand_04, _Bool rand_12, _Bool rand_13, _Bool rand_14, _Bool rand_23, _Bool rand_24, _Bool rand_34)
function signature for HPC2o 
 void HPC2o(_Bool a0, _Bool a1, _Bool a2, _Bool a3, _Bool a4, _Bool b0, _Bool b1, _Bool b2, _Bool b3, _Bool b4, _Bool w0, _Bool w1, _Bool w2, _Bool w3, _Bool w4, _Bool * c0, _Bool * c1, _Bool * c2, _Bool * c3, _Bool * c4, _Bool rand_01, _Bool rand_02, _Bool rand_03, _Bool rand_04, _Bool rand_12, _Bool rand_13, _Bool rand_14, _Bool rand_23, _Bool rand_24, _Bool rand_34)
function signature for HPC2o_swapped
 void HPC2o_swapped(_Bool a0, _Bool a1, _Bool a2, _Bool a3, _Bool a4, _Bool b0, _Bool b1, _Bool b2, _Bool b3, _Bool b4, _Bool w0, _Bool w1, _Bool w2, _Bool w3, _Bool w4, _Bool * c0, _Bool * c1, _Bool * c2, _Bool * c3, _Bool * c4, _Bool rand_01, _Bool rand_02, _Bool rand_03, _Bool rand_04, _Bool rand_12, _Bool rand_13, _Bool rand_14, _Bool rand_23, _Bool rand_24, _Bool rand_34)
+--------+----------------+---------------+
|   Gate | Expression     | Gadget        |
+========+================+===============+
|      0 | t0 = n6 & n7   | hpc2          |
+--------+----------------+---------------+
|      1 | t1 = n3 & n2   | hpc2          |
+--------+----------------+---------------+
|      2 | t2 = n2 & n1   | hpc2          |
+--------+----------------+---------------+
|      3 | t3 = nt0 & nt1 | hpc2          |
+--------+----------------+---------------+
|      4 | t4 = nt1 & n3  | hpc2          |
+--------+----------------+---------------+
|      5 | t5 = nt2 & nt3 | hpc2_swapped  |
+--------+----------------+---------------+
|      6 | t6 = nt3 & nt0 | hpc2o         |
+--------+----------------+---------------+
|      7 | t7 = nt4 & nt5 | hpc2o_swapped |
+--------+----------------+---------------+

[MRLC RESULT] Randomness: 80 | Latency: 6
[MRLC RESULT] Total randomness: 80
[MRLC RESULT] Total latency   : 6

[MRLC SUCCESS] MRLC-DP completed successfully

================================================================================
ASYMMETRIC GADGET OPTIMIZATION PASS (HPC3 → HPC2 / HPC2_swapped)
================================================================================

[DEBUG] gadget_definition type: <class 'dict'>
[DEBUG] gadget_definition size: 8

[DEBUG] Gadget distribution:
  hpc2           :   5 gates
  hpc2_swapped   :   1 gates
  hpc2o          :   1 gates
  hpc2o_swapped  :   1 gates

[DEBUG] HPC3/HPC3o gates found: 0
[WARNING] No HPC3/HPC3o gates found — nothing to optimize.

================================================================================
MRLC: GET_GADGET_DEFINITION()
================================================================================
[INFO] Preparing gadget_definition with 8 entries

[GADGET BREAKDOWN]
  hpc2    :   5 gates
  hpc2_swapped:   1 gates
  hpc2o   :   1 gates
  hpc2o_swapped:   1 gates

[HPC2/HPC2o OPTIMIZED GATES] (8 gates)
  t0 = n6 & n7                                                 → hpc2
  t1 = n3 & n2                                                 → hpc2
  t2 = n2 & n1                                                 → hpc2
  t3 = nt0 & nt1                                               → hpc2
  t4 = nt1 & n3                                                → hpc2
  ... and 3 more
================================================================================

[MRLC] get_unique_gadgets_definition() called
[MRLC] Gadgets actually used in gadget_definition: {'hpc2': 5, 'hpc2_swapped': 1, 'hpc2o': 1, 'hpc2o_swapped': 1}
[MRLC] Currently in unique_gadgets_definition: ['hpc2', 'hpc2_swapped', 'hpc2o', 'hpc2o_swapped']

[MRLC] Generating definitions for: ['hpc3', 'hpc3o']
    [_generate_gadget_definition] Generating for: hpc3
    [_generate_gadget_definition] Instantiated hpc3 with d=4
printing function signature for hpc3:
 void HPC3(_Bool a0, _Bool a1, _Bool a2, _Bool a3, _Bool a4, _Bool b0, _Bool b1, _Bool b2, _Bool b3, _Bool b4, _Bool* c0, _Bool* c1, _Bool* c2, _Bool* c3, _Bool* c4, _Bool r01, _Bool r02, _Bool r03, _Bool r04, _Bool r12, _Bool r13, _Bool r14, _Bool r23, _Bool r24, _Bool r34, _Bool p01, _Bool p02, _Bool p03, _Bool p04, _Bool p12, _Bool p13, _Bool p14, _Bool p23, _Bool p24, _Bool p34)
    [SUCCESS] Generated C code for hpc3, length: 4231 chars
  [OK] hpc3
    [_generate_gadget_definition] Generating for: hpc3o
    [_generate_gadget_definition] Instantiated hpc3o with d=4
function signature for HPC3o 
 void HPC3o(_Bool a0, _Bool a1, _Bool a2, _Bool a3, _Bool a4, _Bool b0, _Bool b1, _Bool b2, _Bool b3, _Bool b4, _Bool w0, _Bool w1, _Bool w2, _Bool w3, _Bool w4, _Bool * c0, _Bool * c1, _Bool * c2, _Bool * c3, _Bool * c4, _Bool rand_01, _Bool rand_02, _Bool rand_03, _Bool rand_04, _Bool rand_12, _Bool rand_13, _Bool rand_14, _Bool rand_23, _Bool rand_24, _Bool rand_34, _Bool rand_prime_01, _Bool rand_prime_02, _Bool rand_prime_03, _Bool rand_prime_04, _Bool rand_prime_12, _Bool rand_prime_13, _Bool rand_prime_14, _Bool rand_prime_23, _Bool rand_prime_24, _Bool rand_prime_34)
    [SUCCESS] Generated C code for hpc3o, length: 5094 chars
  [OK] hpc3o

[MRLC] Final unique_gadgets_definition: ['hpc2', 'hpc2_swapped', 'hpc2o', 'hpc2o_swapped', 'hpc3', 'hpc3o']

================================================================================
SHARETRANSFORMER INITIALIZATION
================================================================================
[INIT] Total gadgets in map: 8

[INIT] Gadget breakdown in map:
  hpc2    :   5 gates
  hpc2_swapped:   1 gates
  hpc2o   :   1 gates
  hpc2o_swapped:   1 gates
================================================================================


================================================================================
SHARETRANSFORMER TRANSFORMATION COMPLETE
================================================================================
[INFO] : Running Command: python3 script.py --topModule=sbox --inputFile=/home/nilotpola/Downloads/TETRIS-artefact/src/TestFiles/share_output/output.c --rtlFile=skinny_sbox_nor_d4_lat6.v --bitWidth=1
[INFO] Script output:
 
----------Nodes and edges------------
1737
2296
-------------------------------------
Max path weight 6
useLineAlgo from set_source_sink_weight
No of registers if added levelwise: 1340
Execution Time
--- 2.306997537612915 seconds ---
----------Nodes and edges------------
1737
2296
-------------------------------------
Max path weight 6
useLineAlgo from set_source_sink_weight
No of registers if added levelwise: 1340
Execution Time
--- 2.526698589324951 seconds ---

[INFO] : Latency of the design: 6

--- Yosys stdout ---

 /----------------------------------------------------------------------------\
 |                                                                            |
 |  yosys -- Yosys Open SYnthesis Suite                                       |
 |                                                                            |
 |  Copyright (C) 2012 - 2020  Claire Xenia Wolf <claire@yosyshq.com>         |
 |                                                                            |
 |  Permission to use, copy, modify, and/or distribute this software for any  |
 |  purpose with or without fee is hereby granted, provided that the above    |
 |  copyright notice and this permission notice appear in all copies.         |
 |                                                                            |
 |  THE SOFTWARE IS PROVIDED "AS IS" AND THE AUTHOR DISCLAIMS ALL WARRANTIES  |
 |  WITH REGARD TO THIS SOFTWARE INCLUDING ALL IMPLIED WARRANTIES OF          |
 |  MERCHANTABILITY AND FITNESS. IN NO EVENT SHALL THE AUTHOR BE LIABLE FOR   |
 |  ANY SPECIAL, DIRECT, INDIRECT, OR CONSEQUENTIAL DAMAGES OR ANY DAMAGES    |
 |  WHATSOEVER RESULTING FROM LOSS OF USE, DATA OR PROFITS, WHETHER IN AN     |
 |  ACTION OF CONTRACT, NEGLIGENCE OR OTHER TORTIOUS ACTION, ARISING OUT OF   |
 |  OR IN CONNECTION WITH THE USE OR PERFORMANCE OF THIS SOFTWARE.            |
 |                                                                            |
 \----------------------------------------------------------------------------/

 Yosys 0.33 (git sha1 2584903a0, gcc 8.4.0-1ubuntu1~18.04 -fPIC -Os)

1. Executing Verilog-2005 frontend: /home/nilotpola/Downloads/TETRIS-artefact/src/MaskedHLS_LP/src/skinny_sbox_nor_d4_lat6.v
Parsing Verilog input from `/home/nilotpola/Downloads/TETRIS-artefact/src/MaskedHLS_LP/src/skinny_sbox_nor_d4_lat6.v' to AST representation.
Generating RTLIL representation for module `\sbox'.
Successfully finished Verilog frontend.

2. Executing HIERARCHY pass (managing design hierarchy).

2.1. Analyzing design hierarchy..
Top module:  \sbox

2.2. Analyzing design hierarchy..
Top module:  \sbox
Removed 0 unused modules.

3. Executing PROC pass (convert processes to netlists).

3.1. Executing PROC_CLEAN pass (remove empty switches from decision trees).
Cleaned up 0 empty switches.

3.2. Executing PROC_RMDEAD pass (remove dead branches from decision trees).
Removed a total of 0 dead cases.

3.3. Executing PROC_PRUNE pass (remove redundant assignments in processes).
Removed 0 redundant assignments.
Promoted 850 assignments to connections.

3.4. Executing PROC_INIT pass (extract init attributes).

3.5. Executing PROC_ARST pass (detect async resets in processes).

3.6. Executing PROC_ROM pass (convert switches to ROMs).
Converted 0 switches.

3.7. Executing PROC_MUX pass (convert decision trees to multiplexers).
Creating decoders for process `\sbox.$proc$/home/nilotpola/Downloads/TETRIS-artefact/src/MaskedHLS_LP/src/skinny_sbox_nor_d4_lat6.v:2982$812'.

3.8. Executing PROC_DLATCH pass (convert process syncs to latches).

3.9. Executing PROC_DFF pass (convert process syncs to FFs).
Creating register for signal `\sbox.\o0_0' using process `\sbox.$proc$/home/nilotpola/Downloads/TETRIS-artefact/src/MaskedHLS_LP/src/skinny_sbox_nor_d4_lat6.v:2982$812'.
  created $dff cell `$procdff$1053' with positive edge clock.
Creating register for signal `\sbox.\o0_1' using process `\sbox.$proc$/home/nilotpola/Downloads/TETRIS-artefact/src/MaskedHLS_LP/src/skinny_sbox_nor_d4_lat6.v:2982$812'.
  created $dff cell `$procdff$1054' with positive edge clock.
Creating register for signal `\sbox.\o0_2' using process `\sbox.$proc$/home/nilotpola/Downloads/TETRIS-artefact/src/MaskedHLS_LP/src/skinny_sbox_nor_d4_lat6.v:2982$812'.
  created $dff cell `$procdff$1055' with positive edge clock.
Creating register for signal `\sbox.\o0_3' using process `\sbox.$proc$/home/nilotpola/Downloads/TETRIS-artefact/src/MaskedHLS_LP/src/skinny_sbox_nor_d4_lat6.v:2982$812'.
  created $dff cell `$procdff$1056' with positive edge clock.
Creating register for signal `\sbox.\o0_4' using process `\sbox.$proc$/home/nilotpola/Downloads/TETRIS-artefact/src/MaskedHLS_LP/src/skinny_sbox_nor_d4_lat6.v:2982$812'.
  created $dff cell `$procdff$1057' with positive edge clock.
Creating register for signal `\sbox.\o1_0' using process `\sbox.$proc$/home/nilotpola/Downloads/TETRIS-artefact/src/MaskedHLS_LP/src/skinny_sbox_nor_d4_lat6.v:2982$812'.
  created $dff cell `$procdff$1058' with positive edge clock.
Creating register for signal `\sbox.\o1_1' using process `\sbox.$proc$/home/nilotpola/Downloads/TETRIS-artefact/src/MaskedHLS_LP/src/skinny_sbox_nor_d4_lat6.v:2982$812'.
  created $dff cell `$procdff$1059' with positive edge clock.
Creating register for signal `\sbox.\o1_2' using process `\sbox.$proc$/home/nilotpola/Downloads/TETRIS-artefact/src/MaskedHLS_LP/src/skinny_sbox_nor_d4_lat6.v:2982$812'.
  created $dff cell `$procdff$1060' with positive edge clock.
Creating register for signal `\sbox.\o1_3' using process `\sbox.$proc$/home/nilotpola/Downloads/TETRIS-artefact/src/MaskedHLS_LP/src/skinny_sbox_nor_d4_lat6.v:2982$812'.
  created $dff cell `$procdff$1061' with positive edge clock.
Creating register for signal `\sbox.\o1_4' using process `\sbox.$proc$/home/nilotpola/Downloads/TETRIS-artefact/src/MaskedHLS_LP/src/skinny_sbox_nor_d4_lat6.v:2982$812'.
  created $dff cell `$procdff$1062' with positive edge clock.
Creating register for signal `\sbox.\o2_0' using process `\sbox.$proc$/home/nilotpola/Downloads/TETRIS-artefact/src/MaskedHLS_LP/src/skinny_sbox_nor_d4_lat6.v:2982$812'.
  created $dff cell `$procdff$1063' with positive edge clock.
Creating register for signal `\sbox.\o2_1' using process `\sbox.$proc$/home/nilotpola/Downloads/TETRIS-artefact/src/MaskedHLS_LP/src/skinny_sbox_nor_d4_lat6.v:2982$812'.
  created $dff cell `$procdff$1064' with positive edge clock.
Creating register for signal `\sbox.\o2_2' using process `\sbox.$proc$/home/nilotpola/Downloads/TETRIS-artefact/src/MaskedHLS_LP/src/skinny_sbox_nor_d4_lat6.v:2982$812'.
  created $dff cell `$procdff$1065' with positive edge clock.
Creating register for signal `\sbox.\o2_3' using process `\sbox.$proc$/home/nilotpola/Downloads/TETRIS-artefact/src/MaskedHLS_LP/src/skinny_sbox_nor_d4_lat6.v:2982$812'.
  created $dff cell `$procdff$1066' with positive edge clock.
Creating register for signal `\sbox.\o2_4' using process `\sbox.$proc$/home/nilotpola/Downloads/TETRIS-artefact/src/MaskedHLS_LP/src/skinny_sbox_nor_d4_lat6.v:2982$812'.
  created $dff cell `$procdff$1067' with positive edge clock.
Creating register for signal `\sbox.\o3_0' using process `\sbox.$proc$/home/nilotpola/Downloads/TETRIS-artefact/src/MaskedHLS_LP/src/skinny_sbox_nor_d4_lat6.v:2982$812'.
  created $dff cell `$procdff$1068' with positive edge clock.
Creating register for signal `\sbox.\o3_1' using process `\sbox.$proc$/home/nilotpola/Downloads/TETRIS-artefact/src/MaskedHLS_LP/src/skinny_sbox_nor_d4_lat6.v:2982$812'.
  created $dff cell `$procdff$1069' with positive edge clock.
Creating register for signal `\sbox.\o3_2' using process `\sbox.$proc$/home/nilotpola/Downloads/TETRIS-artefact/src/MaskedHLS_LP/src/skinny_sbox_nor_d4_lat6.v:2982$812'.
  created $dff cell `$procdff$1070' with positive edge clock.
Creating register for signal `\sbox.\o3_3' using process `\sbox.$proc$/home/nilotpola/Downloads/TETRIS-artefact/src/MaskedHLS_LP/src/skinny_sbox_nor_d4_lat6.v:2982$812'.
  created $dff cell `$procdff$1071' with positive edge clock.
Creating register for signal `\sbox.\o3_4' using process `\sbox.$proc$/home/nilotpola/Downloads/TETRIS-artefact/src/MaskedHLS_LP/src/skinny_sbox_nor_d4_lat6.v:2982$812'.
  created $dff cell `$procdff$1072' with positive edge clock.
Creating register for signal `\sbox.\o4_0' using process `\sbox.$proc$/home/nilotpola/Downloads/TETRIS-artefact/src/MaskedHLS_LP/src/skinny_sbox_nor_d4_lat6.v:2982$812'.
  created $dff cell `$procdff$1073' with positive edge clock.
Creating register for signal `\sbox.\o4_1' using process `\sbox.$proc$/home/nilotpola/Downloads/TETRIS-artefact/src/MaskedHLS_LP/src/skinny_sbox_nor_d4_lat6.v:2982$812'.
  created $dff cell `$procdff$1074' with positive edge clock.
Creating register for signal `\sbox.\o4_2' using process `\sbox.$proc$/home/nilotpola/Downloads/TETRIS-artefact/src/MaskedHLS_LP/src/skinny_sbox_nor_d4_lat6.v:2982$812'.
  created $dff cell `$procdff$1075' with positive edge clock.
Creating register for signal `\sbox.\o4_3' using process `\sbox.$proc$/home/nilotpola/Downloads/TETRIS-artefact/src/MaskedHLS_LP/src/skinny_sbox_nor_d4_lat6.v:2982$812'.
  created $dff cell `$procdff$1076' with positive edge clock.
Creating register for signal `\sbox.\o4_4' using process `\sbox.$proc$/home/nilotpola/Downloads/TETRIS-artefact/src/MaskedHLS_LP/src/skinny_sbox_nor_d4_lat6.v:2982$812'.
  created $dff cell `$procdff$1077' with positive edge clock.
Creating register for signal `\sbox.\o5_0' using process `\sbox.$proc$/home/nilotpola/Downloads/TETRIS-artefact/src/MaskedHLS_LP/src/skinny_sbox_nor_d4_lat6.v:2982$812'.
  created $dff cell `$procdff$1078' with positive edge clock.
Creating register for signal `\sbox.\o5_1' using process `\sbox.$proc$/home/nilotpola/Downloads/TETRIS-artefact/src/MaskedHLS_LP/src/skinny_sbox_nor_d4_lat6.v:2982$812'.
  created $dff cell `$procdff$1079' with positive edge clock.
Creating register for signal `\sbox.\o5_2' using process `\sbox.$proc$/home/nilotpola/Downloads/TETRIS-artefact/src/MaskedHLS_LP/src/skinny_sbox_nor_d4_lat6.v:2982$812'.
  created $dff cell `$procdff$1080' with positive edge clock.
Creating register for signal `\sbox.\o5_3' using process `\sbox.$proc$/home/nilotpola/Downloads/TETRIS-artefact/src/MaskedHLS_LP/src/skinny_sbox_nor_d4_lat6.v:2982$812'.
  created $dff cell `$procdff$1081' with positive edge clock.
Creating register for signal `\sbox.\o5_4' using process `\sbox.$proc$/home/nilotpola/Downloads/TETRIS-artefact/src/MaskedHLS_LP/src/skinny_sbox_nor_d4_lat6.v:2982$812'.
  created $dff cell `$procdff$1082' with positive edge clock.
Creating register for signal `\sbox.\o6_0' using process `\sbox.$proc$/home/nilotpola/Downloads/TETRIS-artefact/src/MaskedHLS_LP/src/skinny_sbox_nor_d4_lat6.v:2982$812'.
  created $dff cell `$procdff$1083' with positive edge clock.
Creating register for signal `\sbox.\o6_1' using process `\sbox.$proc$/home/nilotpola/Downloads/TETRIS-artefact/src/MaskedHLS_LP/src/skinny_sbox_nor_d4_lat6.v:2982$812'.
  created $dff cell `$procdff$1084' with positive edge clock.
Creating register for signal `\sbox.\o6_2' using process `\sbox.$proc$/home/nilotpola/Downloads/TETRIS-artefact/src/MaskedHLS_LP/src/skinny_sbox_nor_d4_lat6.v:2982$812'.
  created $dff cell `$procdff$1085' with positive edge clock.
Creating register for signal `\sbox.\o6_3' using process `\sbox.$proc$/home/nilotpola/Downloads/TETRIS-artefact/src/MaskedHLS_LP/src/skinny_sbox_nor_d4_lat6.v:2982$812'.
  created $dff cell `$procdff$1086' with positive edge clock.
Creating register for signal `\sbox.\o6_4' using process `\sbox.$proc$/home/nilotpola/Downloads/TETRIS-artefact/src/MaskedHLS_LP/src/skinny_sbox_nor_d4_lat6.v:2982$812'.
  created $dff cell `$procdff$1087' with positive edge clock.
Creating register for signal `\sbox.\o7_0' using process `\sbox.$proc$/home/nilotpola/Downloads/TETRIS-artefact/src/MaskedHLS_LP/src/skinny_sbox_nor_d4_lat6.v:2982$812'.
  created $dff cell `$procdff$1088' with positive edge clock.
Creating register for signal `\sbox.\o7_1' using process `\sbox.$proc$/home/nilotpola/Downloads/TETRIS-artefact/src/MaskedHLS_LP/src/skinny_sbox_nor_d4_lat6.v:2982$812'.
  created $dff cell `$procdff$1089' with positive edge clock.
Creating register for signal `\sbox.\o7_2' using process `\sbox.$proc$/home/nilotpola/Downloads/TETRIS-artefact/src/MaskedHLS_LP/src/skinny_sbox_nor_d4_lat6.v:2982$812'.
  created $dff cell `$procdff$1090' with positive edge clock.
Creating register for signal `\sbox.\o7_3' using process `\sbox.$proc$/home/nilotpola/Downloads/TETRIS-artefact/src/MaskedHLS_LP/src/skinny_sbox_nor_d4_lat6.v:2982$812'.
  created $dff cell `$procdff$1091' with positive edge clock.
Creating register for signal `\sbox.\o7_4' using process `\sbox.$proc$/home/nilotpola/Downloads/TETRIS-artefact/src/MaskedHLS_LP/src/skinny_sbox_nor_d4_lat6.v:2982$812'.
  created $dff cell `$procdff$1092' with positive edge clock.
Creating register for signal `\sbox.\temp_hpc2_v_4_order0_HPC20' using process `\sbox.$proc$/home/nilotpola/Downloads/TETRIS-artefact/src/MaskedHLS_LP/src/skinny_sbox_nor_d4_lat6.v:2982$812'.
  created $dff cell `$procdff$1093' with positive edge clock.
Creating register for signal `\sbox.\n6_0_reg' using process `\sbox.$proc$/home/nilotpola/Downloads/TETRIS-artefact/src/MaskedHLS_LP/src/skinny_sbox_nor_d4_lat6.v:2982$812'.
  created $dff cell `$procdff$1094' with positive edge clock.
Creating register for signal `\sbox.\v01_HPC20' using process `\sbox.$proc$/home/nilotpola/Downloads/TETRIS-artefact/src/MaskedHLS_LP/src/skinny_sbox_nor_d4_lat6.v:2982$812'.
  created $dff cell `$procdff$1095' with positive edge clock.
Creating register for signal `\sbox.\w01_HPC20' using process `\sbox.$proc$/home/nilotpola/Downloads/TETRIS-artefact/src/MaskedHLS_LP/src/skinny_sbox_nor_d4_lat6.v:2982$812'.
  created $dff cell `$procdff$1096' with positive edge clock.
Creating register for signal `\sbox.\w01_HPC20_reg' using process `\sbox.$proc$/home/nilotpola/Downloads/TETRIS-artefact/src/MaskedHLS_LP/src/skinny_sbox_nor_d4_lat6.v:2982$812'.
  created $dff cell `$procdff$1097' with positive edge clock.
Creating register for signal `\sbox.\temp_hpc2_v_4_order1_HPC20' using process `\sbox.$proc$/home/nilotpola/Downloads/TETRIS-artefact/src/MaskedHLS_LP/src/skinny_sbox_nor_d4_lat6.v:2982$812'.
  created $dff cell `$procdff$1098' with positive edge clock.
Creating register for signal `\sbox.\v02_HPC20' using process `\sbox.$proc$/home/nilotpola/Downloads/TETRIS-artefact/src/MaskedHLS_LP/src/skinny_sbox_nor_d4_lat6.v:2982$812'.
  created $dff cell `$procdff$1099' with positive edge clock.
Creating register for signal `\sbox.\w02_HPC20' using process `\sbox.$proc$/home/nilotpola/Downloads/TETRIS-artefact/src/MaskedHLS_LP/src/skinny_sbox_nor_d4_lat6.v:2982$812'.
  created $dff cell `$procdff$1100' with positive edge clock.
Creating register for signal `\sbox.\w02_HPC20_reg' using process `\sbox.$proc$/home/nilotpola/Downloads/TETRIS-artefact/src/MaskedHLS_LP/src/skinny_sbox_nor_d4_lat6.v:2982$812'.
  created $dff cell `$procdff$1101' with positive edge clock.
Creating register for signal `\sbox.\temp_hpc2_v_4_order2_HPC20' using process `\sbox.$proc$/home/nilotpola/Downloads/TETRIS-artefact/src/MaskedHLS_LP/src/skinny_sbox_nor_d4_lat6.v:2982$812'.
  created $dff cell `$procdff$1102' with positive edge clock.
Creating register for signal `\sbox.\v03_HPC20' using process `\sbox.$proc$/home/nilotpola/Downloads/TETRIS-artefact/src/MaskedHLS_LP/src/skinny_sbox_nor_d4_lat6.v:2982$812'.
  created $dff cell `$procdff$1103' with positive edge clock.
Creating register for signal `\sbox.\w03_HPC20' using process `\sbox.$proc$/home/nilotpola/Downloads/TETRIS-artefact/src/MaskedHLS_LP/src/skinny_sbox_nor_d4_lat6.v:2982$812'.
  created $dff cell `$procdff$1104' with positive edge clock.
Creating register for signal `\sbox.\w03_HPC20_reg' using process `\sbox.$proc$/home/nilotpola/Downloads/TETRIS-artefact/src/MaskedHLS_LP/src/skinny_sbox_nor_d4_lat6.v:2982$812'.
  created $dff cell `$procdff$1105' with positive edge clock.
Creating register for signal `\sbox.\temp_hpc2_v_4_order3_HPC20' using process `\sbox.$proc$/home/nilotpola/Downloads/TETRIS-artefact/src/MaskedHLS_LP/src/skinny_sbox_nor_d4_lat6.v:2982$812'.
  created $dff cell `$procdff$1106' with positive edge clock.
Creating register for signal `\sbox.\v04_HPC20' using process `\sbox.$proc$/home/nilotpola/Downloads/TETRIS-artefact/src/MaskedHLS_LP/src/skinny_sbox_nor_d4_lat6.v:2982$812'.
  created $dff cell `$procdff$1107' with positive edge clock.
Creating register for signal `\sbox.\w04_HPC20' using process `\sbox.$proc$/home/nilotpola/Downloads/TETRIS-artefact/src/MaskedHLS_LP/src/skinny_sbox_nor_d4_lat6.v:2982$812'.
  created $dff cell `$procdff$1108' with positive edge clock.
Creating register for signal `\sbox.\w04_HPC20_reg' using process `\sbox.$proc$/home/nilotpola/Downloads/TETRIS-artefact/src/MaskedHLS_LP/src/skinny_sbox_nor_d4_lat6.v:2982$812'.
  created $dff cell `$procdff$1109' with positive edge clock.
Creating register for signal `\sbox.\temp_hpc2_v_4_order4_HPC20' using process `\sbox.$proc$/home/nilotpola/Downloads/TETRIS-artefact/src/MaskedHLS_LP/src/skinny_sbox_nor_d4_lat6.v:2982$812'.
  created $dff cell `$procdff$1110' with positive edge clock.
Creating register for signal `\sbox.\n6_1_reg' using process `\sbox.$proc$/home/nilotpola/Downloads/TETRIS-artefact/src/MaskedHLS_LP/src/skinny_sbox_nor_d4_lat6.v:2982$812'.
  created $dff cell `$procdff$1111' with positive edge clock.
Creating register for signal `\sbox.\v10_HPC20' using process `\sbox.$proc$/home/nilotpola/Downloads/TETRIS-artefact/src/MaskedHLS_LP/src/skinny_sbox_nor_d4_lat6.v:2982$812'.
  created $dff cell `$procdff$1112' with positive edge clock.
Creating register for signal `\sbox.\w10_HPC20' using process `\sbox.$proc$/home/nilotpola/Downloads/TETRIS-artefact/src/MaskedHLS_LP/src/skinny_sbox_nor_d4_lat6.v:2982$812'.
  created $dff cell `$procdff$1113' with positive edge clock.
Creating register for signal `\sbox.\w10_HPC20_reg' using process `\sbox.$proc$/home/nilotpola/Downloads/TETRIS-artefact/src/MaskedHLS_LP/src/skinny_sbox_nor_d4_lat6.v:2982$812'.
  created $dff cell `$procdff$1114' with positive edge clock.
Creating register for signal `\sbox.\temp_hpc2_v_4_order5_HPC20' using process `\sbox.$proc$/home/nilotpola/Downloads/TETRIS-artefact/src/MaskedHLS_LP/src/skinny_sbox_nor_d4_lat6.v:2982$812'.
  created $dff cell `$procdff$1115' with positive edge clock.
Creating register for signal `\sbox.\v12_HPC20' using process `\sbox.$proc$/home/nilotpola/Downloads/TETRIS-artefact/src/MaskedHLS_LP/src/skinny_sbox_nor_d4_lat6.v:2982$812'.
  created $dff cell `$procdff$1116' with positive edge clock.
Creating register for signal `\sbox.\w12_HPC20' using process `\sbox.$proc$/home/nilotpola/Downloads/TETRIS-artefact/src/MaskedHLS_LP/src/skinny_sbox_nor_d4_lat6.v:2982$812'.
  created $dff cell `$procdff$1117' with positive edge clock.
Creating register for signal `\sbox.\w12_HPC20_reg' using process `\sbox.$proc$/home/nilotpola/Downloads/TETRIS-artefact/src/MaskedHLS_LP/src/skinny_sbox_nor_d4_lat6.v:2982$812'.
  created $dff cell `$procdff$1118' with positive edge clock.
Creating register for signal `\sbox.\temp_hpc2_v_4_order6_HPC20' using process `\sbox.$proc$/home/nilotpola/Downloads/TETRIS-artefact/src/MaskedHLS_LP/src/skinny_sbox_nor_d4_lat6.v:2982$812'.
  created $dff cell `$procdff$1119' with positive edge clock.
Creating register for signal `\sbox.\v13_HPC20' using process `\sbox.$proc$/home/nilotpola/Downloads/TETRIS-artefact/src/MaskedHLS_LP/src/skinny_sbox_nor_d4_lat6.v:2982$812'.
  created $dff cell `$procdff$1120' with positive edge clock.
Creating register for signal `\sbox.\w13_HPC20' using process `\sbox.$proc$/home/nilotpola/Downloads/TETRIS-artefact/src/MaskedHLS_LP/src/skinny_sbox_nor_d4_lat6.v:2982$812'.
  created $dff cell `$procdff$1121' with positive edge clock.
Creating register for signal `\sbox.\w13_HPC20_reg' using process `\sbox.$proc$/home/nilotpola/Downloads/TETRIS-artefact/src/MaskedHLS_LP/src/skinny_sbox_nor_d4_lat6.v:2982$812'.
  created $dff cell `$procdff$1122' with positive edge clock.
Creating register for signal `\sbox.\temp_hpc2_v_4_order7_HPC20' using process `\sbox.$proc$/home/nilotpola/Downloads/TETRIS-artefact/src/MaskedHLS_LP/src/skinny_sbox_nor_d4_lat6.v:2982$812'.
  created $dff cell `$procdff$1123' with positive edge clock.
Creating register for signal `\sbox.\v14_HPC20' using process `\sbox.$proc$/home/nilotpola/Downloads/TETRIS-artefact/src/MaskedHLS_LP/src/skinny_sbox_nor_d4_lat6.v:2982$812'.
  created $dff cell `$procdff$1124' with positive edge clock.
Creating register for signal `\sbox.\w14_HPC20' using process `\sbox.$proc$/home/nilotpola/Downloads/TETRIS-artefact/src/MaskedHLS_LP/src/skinny_sbox_nor_d4_lat6.v:2982$812'.
  created $dff cell `$procdff$1125' with positive edge clock.
Creating register for signal `\sbox.\w14_HPC20_reg' using process `\sbox.$proc$/home/nilotpola/Downloads/TETRIS-artefact/src/MaskedHLS_LP/src/skinny_sbox_nor_d4_lat6.v:2982$812'.
  created $dff cell `$procdff$1126' with positive edge clock.
Creating register for signal `\sbox.\temp_hpc2_v_4_order8_HPC20' using process `\sbox.$proc$/home/nilotpola/Downloads/TETRIS-artefact/src/MaskedHLS_LP/src/skinny_sbox_nor_d4_lat6.v:2982$812'.
  created $dff cell `$procdff$1127' with positive edge clock.
Creating register for signal `\sbox.\n6_2_reg' using process `\sbox.$proc$/home/nilotpola/Downloads/TETRIS-artefact/src/MaskedHLS_LP/src/skinny_sbox_nor_d4_lat6.v:2982$812'.
  created $dff cell `$procdff$1128' with positive edge clock.
Creating register for signal `\sbox.\v20_HPC20' using process `\sbox.$proc$/home/nilotpola/Downloads/TETRIS-artefact/src/MaskedHLS_LP/src/skinny_sbox_nor_d4_lat6.v:2982$812'.
  created $dff cell `$procdff$1129' with positive edge clock.
Creating register for signal `\sbox.\w20_HPC20' using process `\sbox.$proc$/home/nilotpola/Downloads/TETRIS-artefact/src/MaskedHLS_LP/src/skinny_sbox_nor_d4_lat6.v:2982$812'.
  created $dff cell `$procdff$1130' with positive edge clock.
Creating register for signal `\sbox.\w20_HPC20_reg' using process `\sbox.$proc$/home/nilotpola/Downloads/TETRIS-artefact/src/MaskedHLS_LP/src/skinny_sbox_nor_d4_lat6.v:2982$812'.
  created $dff cell `$procdff$1131' with positive edge clock.
Creating register for signal `\sbox.\temp_hpc2_v_4_order9_HPC20' using process `\sbox.$proc$/home/nilotpola/Downloads/TETRIS-artefact/src/MaskedHLS_LP/src/skinny_sbox_nor_d4_lat6.v:2982$812'.
  created $dff cell `$procdff$1132' with positive edge clock.
Creating register for signal `\sbox.\v21_HPC20' using process `\sbox.$proc$/home/nilotpola/Downloads/TETRIS-artefact/src/MaskedHLS_LP/src/skinny_sbox_nor_d4_lat6.v:2982$812'.
  created $dff cell `$procdff$1133' with positive edge clock.
Creating register for signal `\sbox.\w21_HPC20' using process `\sbox.$proc$/home/nilotpola/Downloads/TETRIS-artefact/src/MaskedHLS_LP/src/skinny_sbox_nor_d4_lat6.v:2982$812'.
  created $dff cell `$procdff$1134' with positive edge clock.
Creating register for signal `\sbox.\w21_HPC20_reg' using process `\sbox.$proc$/home/nilotpola/Downloads/TETRIS-artefact/src/MaskedHLS_LP/src/skinny_sbox_nor_d4_lat6.v:2982$812'.
  created $dff cell `$procdff$1135' with positive edge clock.
Creating register for signal `\sbox.\temp_hpc2_v_4_order10_HPC20' using process `\sbox.$proc$/home/nilotpola/Downloads/TETRIS-artefact/src/MaskedHLS_LP/src/skinny_sbox_nor_d4_lat6.v:2982$812'.
  created $dff cell `$procdff$1136' with positive edge clock.
Creating register for signal `\sbox.\v23_HPC20' using process `\sbox.$proc$/home/nilotpola/Downloads/TETRIS-artefact/src/MaskedHLS_LP/src/skinny_sbox_nor_d4_lat6.v:2982$812'.
  created $dff cell `$procdff$1137' with positive edge clock.
Creating register for signal `\sbox.\w23_HPC20' using process `\sbox.$proc$/home/nilotpola/Downloads/TETRIS-artefact/src/MaskedHLS_LP/src/skinny_sbox_nor_d4_lat6.v:2982$812'.
  created $dff cell `$procdff$1138' with positive edge clock.
Creating register for signal `\sbox.\w23_HPC20_reg' using process `\sbox.$proc$/home/nilotpola/Downloads/TETRIS-artefact/src/MaskedHLS_LP/src/skinny_sbox_nor_d4_lat6.v:2982$812'.
  created $dff cell `$procdff$1139' with positive edge clock.
Creating register for signal `\sbox.\temp_hpc2_v_4_order11_HPC20' using process `\sbox.$proc$/home/nilotpola/Downloads/TETRIS-artefact/src/MaskedHLS_LP/src/skinny_sbox_nor_d4_lat6.v:2982$812'.
  created $dff cell `$procdff$1140' with positive edge clock.
Creating register for signal `\sbox.\v24_HPC20' using process `\sbox.$proc$/home/nilotpola/Downloads/TETRIS-artefact/src/MaskedHLS_LP/src/skinny_sbox_nor_d4_lat6.v:2982$812'.
  created $dff cell `$procdff$1141' with positive edge clock.
Creating register for signal `\sbox.\w24_HPC20' using process `\sbox.$proc$/home/nilotpola/Downloads/TETRIS-artefact/src/MaskedHLS_LP/src/skinny_sbox_nor_d4_lat6.v:2982$812'.
  created $dff cell `$procdff$1142' with positive edge clock.
Creating register for signal `\sbox.\w24_HPC20_reg' using process `\sbox.$proc$/home/nilotpola/Downloads/TETRIS-artefact/src/MaskedHLS_LP/src/skinny_sbox_nor_d4_lat6.v:2982$812'.
  created $dff cell `$procdff$1143' with positive edge clock.
Creating register for signal `\sbox.\temp_hpc2_v_4_order12_HPC20' using process `\sbox.$proc$/home/nilotpola/Downloads/TETRIS-artefact/src/MaskedHLS_LP/src/skinny_sbox_nor_d4_lat6.v:2982$812'.
  created $dff cell `$procdff$1144' with positive edge clock.
Creating register for signal `\sbox.\n6_3_reg' using process `\sbox.$proc$/home/nilotpola/Downloads/TETRIS-artefact/src/MaskedHLS_LP/src/skinny_sbox_nor_d4_lat6.v:2982$812'.
  created $dff cell `$procdff$1145' with positive edge clock.
Creating register for signal `\sbox.\v30_HPC20' using process `\sbox.$proc$/home/nilotpola/Downloads/TETRIS-artefact/src/MaskedHLS_LP/src/skinny_sbox_nor_d4_lat6.v:2982$812'.
  created $dff cell `$procdff$1146' with positive edge clock.
Creating register for signal `\sbox.\w30_HPC20' using process `\sbox.$proc$/home/nilotpola/Downloads/TETRIS-artefact/src/MaskedHLS_LP/src/skinny_sbox_nor_d4_lat6.v:2982$812'.
  created $dff cell `$procdff$1147' with positive edge clock.
Creating register for signal `\sbox.\w30_HPC20_reg' using process `\sbox.$proc$/home/nilotpola/Downloads/TETRIS-artefact/src/MaskedHLS_LP/src/skinny_sbox_nor_d4_lat6.v:2982$812'.
  created $dff cell `$procdff$1148' with positive edge clock.
Creating register for signal `\sbox.\temp_hpc2_v_4_order13_HPC20' using process `\sbox.$proc$/home/nilotpola/Downloads/TETRIS-artefact/src/MaskedHLS_LP/src/skinny_sbox_nor_d4_lat6.v:2982$812'.
  created $dff cell `$procdff$1149' with positive edge clock.
Creating register for signal `\sbox.\v31_HPC20' using process `\sbox.$proc$/home/nilotpola/Downloads/TETRIS-artefact/src/MaskedHLS_LP/src/skinny_sbox_nor_d4_lat6.v:2982$812'.
  created $dff cell `$procdff$1150' with positive edge clock.
Creating register for signal `\sbox.\w31_HPC20' using process `\sbox.$proc$/home/nilotpola/Downloads/TETRIS-artefact/src/MaskedHLS_LP/src/skinny_sbox_nor_d4_lat6.v:2982$812'.
  created $dff cell `$procdff$1151' with positive edge clock.
Creating register for signal `\sbox.\w31_HPC20_reg' using process `\sbox.$proc$/home/nilotpola/Downloads/TETRIS-artefact/src/MaskedHLS_LP/src/skinny_sbox_nor_d4_lat6.v:2982$812'.
  created $dff cell `$procdff$1152' with positive edge clock.
Creating register for signal `\sbox.\temp_hpc2_v_4_order14_HPC20' using process `\sbox.$proc$/home/nilotpola/Downloads/TETRIS-artefact/src/MaskedHLS_LP/src/skinny_sbox_nor_d4_lat6.v:2982$812'.
  created $dff cell `$procdff$1153' with positive edge clock.
Creating register for signal `\sbox.\v32_HPC20' using process `\sbox.$proc$/home/nilotpola/Downloads/TETRIS-artefact/src/MaskedHLS_LP/src/skinny_sbox_nor_d4_lat6.v:2982$812'.
  created $dff cell `$procdff$1154' with positive edge clock.
Creating register for signal `\sbox.\w32_HPC20' using process `\sbox.$proc$/home/nilotpola/Downloads/TETRIS-artefact/src/MaskedHLS_LP/src/skinny_sbox_nor_d4_lat6.v:2982$812'.
  created $dff cell `$procdff$1155' with positive edge clock.
Creating register for signal `\sbox.\w32_HPC20_reg' using process `\sbox.$proc$/home/nilotpola/Downloads/TETRIS-artefact/src/MaskedHLS_LP/src/skinny_sbox_nor_d4_lat6.v:2982$812'.
  created $dff cell `$procdff$1156' with positive edge clock.
Creating register for signal `\sbox.\temp_hpc2_v_4_order15_HPC20' using process `\sbox.$proc$/home/nilotpola/Downloads/TETRIS-artefact/src/MaskedHLS_LP/src/skinny_sbox_nor_d4_lat6.v:2982$812'.
  created $dff cell `$procdff$1157' with positive edge clock.
Creating register for signal `\sbox.\v34_HPC20' using process `\sbox.$proc$/home/nilotpola/Downloads/TETRIS-artefact/src/MaskedHLS_LP/src/skinny_sbox_nor_d4_lat6.v:2982$812'.
  created $dff cell `$procdff$1158' with positive edge clock.
Creating register for signal `\sbox.\w34_HPC20' using process `\sbox.$proc$/home/nilotpola/Downloads/TETRIS-artefact/src/MaskedHLS_LP/src/skinny_sbox_nor_d4_lat6.v:2982$812'.
  created $dff cell `$procdff$1159' with positive edge clock.
Creating register for signal `\sbox.\w34_HPC20_reg' using process `\sbox.$proc$/home/nilotpola/Downloads/TETRIS-artefact/src/MaskedHLS_LP/src/skinny_sbox_nor_d4_lat6.v:2982$812'.
  created $dff cell `$procdff$1160' with positive edge clock.
Creating register for signal `\sbox.\temp_hpc2_v_4_order16_HPC20' using process `\sbox.$proc$/home/nilotpola/Downloads/TETRIS-artefact/src/MaskedHLS_LP/src/skinny_sbox_nor_d4_lat6.v:2982$812'.
  created $dff cell `$procdff$1161' with positive edge clock.
Creating register for signal `\sbox.\n6_4_reg' using process `\sbox.$proc$/home/nilotpola/Downloads/TETRIS-artefact/src/MaskedHLS_LP/src/skinny_sbox_nor_d4_lat6.v:2982$812'.
  created $dff cell `$procdff$1162' with positive edge clock.
Creating register for signal `\sbox.\v40_HPC20' using process `\sbox.$proc$/home/nilotpola/Downloads/TETRIS-artefact/src/MaskedHLS_LP/src/skinny_sbox_nor_d4_lat6.v:2982$812'.
  created $dff cell `$procdff$1163' with positive edge clock.
Creating register for signal `\sbox.\w40_HPC20' using process `\sbox.$proc$/home/nilotpola/Downloads/TETRIS-artefact/src/MaskedHLS_LP/src/skinny_sbox_nor_d4_lat6.v:2982$812'.
  created $dff cell `$procdff$1164' with positive edge clock.
Creating register for signal `\sbox.\w40_HPC20_reg' using process `\sbox.$proc$/home/nilotpola/Downloads/TETRIS-artefact/src/MaskedHLS_LP/src/skinny_sbox_nor_d4_lat6.v:2982$812'.
  created $dff cell `$procdff$1165' with positive edge clock.
Creating register for signal `\sbox.\temp_hpc2_v_4_order17_HPC20' using process `\sbox.$proc$/home/nilotpola/Downloads/TETRIS-artefact/src/MaskedHLS_LP/src/skinny_sbox_nor_d4_lat6.v:2982$812'.
  created $dff cell `$procdff$1166' with positive edge clock.
Creating register for signal `\sbox.\v41_HPC20' using process `\sbox.$proc$/home/nilotpola/Downloads/TETRIS-artefact/src/MaskedHLS_LP/src/skinny_sbox_nor_d4_lat6.v:2982$812'.
  created $dff cell `$procdff$1167' with positive edge clock.
Creating register for signal `\sbox.\w41_HPC20' using process `\sbox.$proc$/home/nilotpola/Downloads/TETRIS-artefact/src/MaskedHLS_LP/src/skinny_sbox_nor_d4_lat6.v:2982$812'.
  created $dff cell `$procdff$1168' with positive edge clock.
Creating register for signal `\sbox.\w41_HPC20_reg' using process `\sbox.$proc$/home/nilotpola/Downloads/TETRIS-artefact/src/MaskedHLS_LP/src/skinny_sbox_nor_d4_lat6.v:2982$812'.
  created $dff cell `$procdff$1169' with positive edge clock.
Creating register for signal `\sbox.\temp_hpc2_v_4_order18_HPC20' using process `\sbox.$proc$/home/nilotpola/Downloads/TETRIS-artefact/src/MaskedHLS_LP/src/skinny_sbox_nor_d4_lat6.v:2982$812'.
  created $dff cell `$procdff$1170' with positive edge clock.
Creating register for signal `\sbox.\v42_HPC20' using process `\sbox.$proc$/home/nilotpola/Downloads/TETRIS-artefact/src/MaskedHLS_LP/src/skinny_sbox_nor_d4_lat6.v:2982$812'.
  created $dff cell `$procdff$1171' with positive edge clock.
Creating register for signal `\sbox.\w42_HPC20' using process `\sbox.$proc$/home/nilotpola/Downloads/TETRIS-artefact/src/MaskedHLS_LP/src/skinny_sbox_nor_d4_lat6.v:2982$812'.
  created $dff cell `$procdff$1172' with positive edge clock.
Creating register for signal `\sbox.\w42_HPC20_reg' using process `\sbox.$proc$/home/nilotpola/Downloads/TETRIS-artefact/src/MaskedHLS_LP/src/skinny_sbox_nor_d4_lat6.v:2982$812'.
  created $dff cell `$procdff$1173' with positive edge clock.
Creating register for signal `\sbox.\temp_hpc2_v_4_order19_HPC20' using process `\sbox.$proc$/home/nilotpola/Downloads/TETRIS-artefact/src/MaskedHLS_LP/src/skinny_sbox_nor_d4_lat6.v:2982$812'.
  created $dff cell `$procdff$1174' with positive edge clock.
Creating register for signal `\sbox.\v43_HPC20' using process `\sbox.$proc$/home/nilotpola/Downloads/TETRIS-artefact/src/MaskedHLS_LP/src/skinny_sbox_nor_d4_lat6.v:2982$812'.
  created $dff cell `$procdff$1175' with positive edge clock.
Creating register for signal `\sbox.\w43_HPC20' using process `\sbox.$proc$/home/nilotpola/Downloads/TETRIS-artefact/src/MaskedHLS_LP/src/skinny_sbox_nor_d4_lat6.v:2982$812'.
  created $dff cell `$procdff$1176' with positive edge clock.
Creating register for signal `\sbox.\w43_HPC20_reg' using process `\sbox.$proc$/home/nilotpola/Downloads/TETRIS-artefact/src/MaskedHLS_LP/src/skinny_sbox_nor_d4_lat6.v:2982$812'.
  created $dff cell `$procdff$1177' with positive edge clock.
Creating register for signal `\sbox.\z3291_assgn32910' using process `\sbox.$proc$/home/nilotpola/Downloads/TETRIS-artefact/src/MaskedHLS_LP/src/skinny_sbox_nor_d4_lat6.v:2982$812'.
  created $dff cell `$procdff$1178' with positive edge clock.
Creating register for signal `\sbox.\z542_assgn542' using process `\sbox.$proc$/home/nilotpola/Downloads/TETRIS-artefact/src/MaskedHLS_LP/src/skinny_sbox_nor_d4_lat6.v:2982$812'.
  created $dff cell `$procdff$1179' with positive edge clock.
Creating register for signal `\sbox.\z3301_assgn33010' using process `\sbox.$proc$/home/nilotpola/Downloads/TETRIS-artefact/src/MaskedHLS_LP/src/skinny_sbox_nor_d4_lat6.v:2982$812'.
  created $dff cell `$procdff$1180' with positive edge clock.
Creating register for signal `\sbox.\z549_assgn549' using process `\sbox.$proc$/home/nilotpola/Downloads/TETRIS-artefact/src/MaskedHLS_LP/src/skinny_sbox_nor_d4_lat6.v:2982$812'.
  created $dff cell `$procdff$1181' with positive edge clock.
Creating register for signal `\sbox.\z3313_assgn33130' using process `\sbox.$proc$/home/nilotpola/Downloads/TETRIS-artefact/src/MaskedHLS_LP/src/skinny_sbox_nor_d4_lat6.v:2982$812'.
  created $dff cell `$procdff$1182' with positive edge clock.
Creating register for signal `\sbox.\z559_assgn559' using process `\sbox.$proc$/home/nilotpola/Downloads/TETRIS-artefact/src/MaskedHLS_LP/src/skinny_sbox_nor_d4_lat6.v:2982$812'.
  created $dff cell `$procdff$1183' with positive edge clock.
Creating register for signal `\sbox.\z3325_assgn33250' using process `\sbox.$proc$/home/nilotpola/Downloads/TETRIS-artefact/src/MaskedHLS_LP/src/skinny_sbox_nor_d4_lat6.v:2982$812'.
  created $dff cell `$procdff$1184' with positive edge clock.
Creating register for signal `\sbox.\z569_assgn569' using process `\sbox.$proc$/home/nilotpola/Downloads/TETRIS-artefact/src/MaskedHLS_LP/src/skinny_sbox_nor_d4_lat6.v:2982$812'.
  created $dff cell `$procdff$1185' with positive edge clock.
Creating register for signal `\sbox.\z3337_assgn33370' using process `\sbox.$proc$/home/nilotpola/Downloads/TETRIS-artefact/src/MaskedHLS_LP/src/skinny_sbox_nor_d4_lat6.v:2982$812'.
  created $dff cell `$procdff$1186' with positive edge clock.
Creating register for signal `\sbox.\z579_assgn579' using process `\sbox.$proc$/home/nilotpola/Downloads/TETRIS-artefact/src/MaskedHLS_LP/src/skinny_sbox_nor_d4_lat6.v:2982$812'.
  created $dff cell `$procdff$1187' with positive edge clock.
Creating register for signal `\sbox.\temp_hpc2_v_4_order0_HPC21' using process `\sbox.$proc$/home/nilotpola/Downloads/TETRIS-artefact/src/MaskedHLS_LP/src/skinny_sbox_nor_d4_lat6.v:2982$812'.
  created $dff cell `$procdff$1188' with positive edge clock.
Creating register for signal `\sbox.\n3_0_reg' using process `\sbox.$proc$/home/nilotpola/Downloads/TETRIS-artefact/src/MaskedHLS_LP/src/skinny_sbox_nor_d4_lat6.v:2982$812'.
  created $dff cell `$procdff$1189' with positive edge clock.
Creating register for signal `\sbox.\v01_HPC21' using process `\sbox.$proc$/home/nilotpola/Downloads/TETRIS-artefact/src/MaskedHLS_LP/src/skinny_sbox_nor_d4_lat6.v:2982$812'.
  created $dff cell `$procdff$1190' with positive edge clock.
Creating register for signal `\sbox.\w01_HPC21' using process `\sbox.$proc$/home/nilotpola/Downloads/TETRIS-artefact/src/MaskedHLS_LP/src/skinny_sbox_nor_d4_lat6.v:2982$812'.
  created $dff cell `$procdff$1191' with positive edge clock.
Creating register for signal `\sbox.\w01_HPC21_reg' using process `\sbox.$proc$/home/nilotpola/Downloads/TETRIS-artefact/src/MaskedHLS_LP/src/skinny_sbox_nor_d4_lat6.v:2982$812'.
  created $dff cell `$procdff$1192' with positive edge clock.
Creating register for signal `\sbox.\temp_hpc2_v_4_order1_HPC21' using process `\sbox.$proc$/home/nilotpola/Downloads/TETRIS-artefact/src/MaskedHLS_LP/src/skinny_sbox_nor_d4_lat6.v:2982$812'.
  created $dff cell `$procdff$1193' with positive edge clock.
Creating register for signal `\sbox.\v02_HPC21' using process `\sbox.$proc$/home/nilotpola/Downloads/TETRIS-artefact/src/MaskedHLS_LP/src/skinny_sbox_nor_d4_lat6.v:2982$812'.
  created $dff cell `$procdff$1194' with positive edge clock.
Creating register for signal `\sbox.\w02_HPC21' using process `\sbox.$proc$/home/nilotpola/Downloads/TETRIS-artefact/src/MaskedHLS_LP/src/skinny_sbox_nor_d4_lat6.v:2982$812'.
  created $dff cell `$procdff$1195' with positive edge clock.
Creating register for signal `\sbox.\w02_HPC21_reg' using process `\sbox.$proc$/home/nilotpola/Downloads/TETRIS-artefact/src/MaskedHLS_LP/src/skinny_sbox_nor_d4_lat6.v:2982$812'.
  created $dff cell `$procdff$1196' with positive edge clock.
Creating register for signal `\sbox.\temp_hpc2_v_4_order2_HPC21' using process `\sbox.$proc$/home/nilotpola/Downloads/TETRIS-artefact/src/MaskedHLS_LP/src/skinny_sbox_nor_d4_lat6.v:2982$812'.
  created $dff cell `$procdff$1197' with positive edge clock.
Creating register for signal `\sbox.\v03_HPC21' using process `\sbox.$proc$/home/nilotpola/Downloads/TETRIS-artefact/src/MaskedHLS_LP/src/skinny_sbox_nor_d4_lat6.v:2982$812'.
  created $dff cell `$procdff$1198' with positive edge clock.
Creating register for signal `\sbox.\w03_HPC21' using process `\sbox.$proc$/home/nilotpola/Downloads/TETRIS-artefact/src/MaskedHLS_LP/src/skinny_sbox_nor_d4_lat6.v:2982$812'.
  created $dff cell `$procdff$1199' with positive edge clock.
Creating register for signal `\sbox.\w03_HPC21_reg' using process `\sbox.$proc$/home/nilotpola/Downloads/TETRIS-artefact/src/MaskedHLS_LP/src/skinny_sbox_nor_d4_lat6.v:2982$812'.
  created $dff cell `$procdff$1200' with positive edge clock.
Creating register for signal `\sbox.\temp_hpc2_v_4_order3_HPC21' using process `\sbox.$proc$/home/nilotpola/Downloads/TETRIS-artefact/src/MaskedHLS_LP/src/skinny_sbox_nor_d4_lat6.v:2982$812'.
  created $dff cell `$procdff$1201' with positive edge clock.
Creating register for signal `\sbox.\v04_HPC21' using process `\sbox.$proc$/home/nilotpola/Downloads/TETRIS-artefact/src/MaskedHLS_LP/src/skinny_sbox_nor_d4_lat6.v:2982$812'.
  created $dff cell `$procdff$1202' with positive edge clock.
Creating register for signal `\sbox.\w04_HPC21' using process `\sbox.$proc$/home/nilotpola/Downloads/TETRIS-artefact/src/MaskedHLS_LP/src/skinny_sbox_nor_d4_lat6.v:2982$812'.
  created $dff cell `$procdff$1203' with positive edge clock.
Creating register for signal `\sbox.\w04_HPC21_reg' using process `\sbox.$proc$/home/nilotpola/Downloads/TETRIS-artefact/src/MaskedHLS_LP/src/skinny_sbox_nor_d4_lat6.v:2982$812'.
  created $dff cell `$procdff$1204' with positive edge clock.
Creating register for signal `\sbox.\temp_hpc2_v_4_order4_HPC21' using process `\sbox.$proc$/home/nilotpola/Downloads/TETRIS-artefact/src/MaskedHLS_LP/src/skinny_sbox_nor_d4_lat6.v:2982$812'.
  created $dff cell `$procdff$1205' with positive edge clock.
Creating register for signal `\sbox.\n3_1_reg' using process `\sbox.$proc$/home/nilotpola/Downloads/TETRIS-artefact/src/MaskedHLS_LP/src/skinny_sbox_nor_d4_lat6.v:2982$812'.
  created $dff cell `$procdff$1206' with positive edge clock.
Creating register for signal `\sbox.\v10_HPC21' using process `\sbox.$proc$/home/nilotpola/Downloads/TETRIS-artefact/src/MaskedHLS_LP/src/skinny_sbox_nor_d4_lat6.v:2982$812'.
  created $dff cell `$procdff$1207' with positive edge clock.
Creating register for signal `\sbox.\w10_HPC21' using process `\sbox.$proc$/home/nilotpola/Downloads/TETRIS-artefact/src/MaskedHLS_LP/src/skinny_sbox_nor_d4_lat6.v:2982$812'.
  created $dff cell `$procdff$1208' with positive edge clock.
Creating register for signal `\sbox.\w10_HPC21_reg' using process `\sbox.$proc$/home/nilotpola/Downloads/TETRIS-artefact/src/MaskedHLS_LP/src/skinny_sbox_nor_d4_lat6.v:2982$812'.
  created $dff cell `$procdff$1209' with positive edge clock.
Creating register for signal `\sbox.\temp_hpc2_v_4_order5_HPC21' using process `\sbox.$proc$/home/nilotpola/Downloads/TETRIS-artefact/src/MaskedHLS_LP/src/skinny_sbox_nor_d4_lat6.v:2982$812'.
  created $dff cell `$procdff$1210' with positive edge clock.
Creating register for signal `\sbox.\v12_HPC21' using process `\sbox.$proc$/home/nilotpola/Downloads/TETRIS-artefact/src/MaskedHLS_LP/src/skinny_sbox_nor_d4_lat6.v:2982$812'.
  created $dff cell `$procdff$1211' with positive edge clock.
Creating register for signal `\sbox.\w12_HPC21' using process `\sbox.$proc$/home/nilotpola/Downloads/TETRIS-artefact/src/MaskedHLS_LP/src/skinny_sbox_nor_d4_lat6.v:2982$812'.
  created $dff cell `$procdff$1212' with positive edge clock.
Creating register for signal `\sbox.\w12_HPC21_reg' using process `\sbox.$proc$/home/nilotpola/Downloads/TETRIS-artefact/src/MaskedHLS_LP/src/skinny_sbox_nor_d4_lat6.v:2982$812'.
  created $dff cell `$procdff$1213' with positive edge clock.
Creating register for signal `\sbox.\temp_hpc2_v_4_order6_HPC21' using process `\sbox.$proc$/home/nilotpola/Downloads/TETRIS-artefact/src/MaskedHLS_LP/src/skinny_sbox_nor_d4_lat6.v:2982$812'.
  created $dff cell `$procdff$1214' with positive edge clock.
Creating register for signal `\sbox.\v13_HPC21' using process `\sbox.$proc$/home/nilotpola/Downloads/TETRIS-artefact/src/MaskedHLS_LP/src/skinny_sbox_nor_d4_lat6.v:2982$812'.
  created $dff cell `$procdff$1215' with positive edge clock.
Creating register for signal `\sbox.\w13_HPC21' using process `\sbox.$proc$/home/nilotpola/Downloads/TETRIS-artefact/src/MaskedHLS_LP/src/skinny_sbox_nor_d4_lat6.v:2982$812'.
  created $dff cell `$procdff$1216' with positive edge clock.
Creating register for signal `\sbox.\w13_HPC21_reg' using process `\sbox.$proc$/home/nilotpola/Downloads/TETRIS-artefact/src/MaskedHLS_LP/src/skinny_sbox_nor_d4_lat6.v:2982$812'.
  created $dff cell `$procdff$1217' with positive edge clock.
Creating register for signal `\sbox.\temp_hpc2_v_4_order7_HPC21' using process `\sbox.$proc$/home/nilotpola/Downloads/TETRIS-artefact/src/MaskedHLS_LP/src/skinny_sbox_nor_d4_lat6.v:2982$812'.
  created $dff cell `$procdff$1218' with positive edge clock.
Creating register for signal `\sbox.\v14_HPC21' using process `\sbox.$proc$/home/nilotpola/Downloads/TETRIS-artefact/src/MaskedHLS_LP/src/skinny_sbox_nor_d4_lat6.v:2982$812'.
  created $dff cell `$procdff$1219' with positive edge clock.
Creating register for signal `\sbox.\w14_HPC21' using process `\sbox.$proc$/home/nilotpola/Downloads/TETRIS-artefact/src/MaskedHLS_LP/src/skinny_sbox_nor_d4_lat6.v:2982$812'.
  created $dff cell `$procdff$1220' with positive edge clock.
Creating register for signal `\sbox.\w14_HPC21_reg' using process `\sbox.$proc$/home/nilotpola/Downloads/TETRIS-artefact/src/MaskedHLS_LP/src/skinny_sbox_nor_d4_lat6.v:2982$812'.
  created $dff cell `$procdff$1221' with positive edge clock.
Creating register for signal `\sbox.\temp_hpc2_v_4_order8_HPC21' using process `\sbox.$proc$/home/nilotpola/Downloads/TETRIS-artefact/src/MaskedHLS_LP/src/skinny_sbox_nor_d4_lat6.v:2982$812'.
  created $dff cell `$procdff$1222' with positive edge clock.
Creating register for signal `\sbox.\n3_2_reg' using process `\sbox.$proc$/home/nilotpola/Downloads/TETRIS-artefact/src/MaskedHLS_LP/src/skinny_sbox_nor_d4_lat6.v:2982$812'.
  created $dff cell `$procdff$1223' with positive edge clock.
Creating register for signal `\sbox.\v20_HPC21' using process `\sbox.$proc$/home/nilotpola/Downloads/TETRIS-artefact/src/MaskedHLS_LP/src/skinny_sbox_nor_d4_lat6.v:2982$812'.
  created $dff cell `$procdff$1224' with positive edge clock.
Creating register for signal `\sbox.\w20_HPC21' using process `\sbox.$proc$/home/nilotpola/Downloads/TETRIS-artefact/src/MaskedHLS_LP/src/skinny_sbox_nor_d4_lat6.v:2982$812'.
  created $dff cell `$procdff$1225' with positive edge clock.
Creating register for signal `\sbox.\w20_HPC21_reg' using process `\sbox.$proc$/home/nilotpola/Downloads/TETRIS-artefact/src/MaskedHLS_LP/src/skinny_sbox_nor_d4_lat6.v:2982$812'.
  created $dff cell `$procdff$1226' with positive edge clock.
Creating register for signal `\sbox.\temp_hpc2_v_4_order9_HPC21' using process `\sbox.$proc$/home/nilotpola/Downloads/TETRIS-artefact/src/MaskedHLS_LP/src/skinny_sbox_nor_d4_lat6.v:2982$812'.
  created $dff cell `$procdff$1227' with positive edge clock.
Creating register for signal `\sbox.\v21_HPC21' using process `\sbox.$proc$/home/nilotpola/Downloads/TETRIS-artefact/src/MaskedHLS_LP/src/skinny_sbox_nor_d4_lat6.v:2982$812'.
  created $dff cell `$procdff$1228' with positive edge clock.
Creating register for signal `\sbox.\w21_HPC21' using process `\sbox.$proc$/home/nilotpola/Downloads/TETRIS-artefact/src/MaskedHLS_LP/src/skinny_sbox_nor_d4_lat6.v:2982$812'.
  created $dff cell `$procdff$1229' with positive edge clock.
Creating register for signal `\sbox.\w21_HPC21_reg' using process `\sbox.$proc$/home/nilotpola/Downloads/TETRIS-artefact/src/MaskedHLS_LP/src/skinny_sbox_nor_d4_lat6.v:2982$812'.
  created $dff cell `$procdff$1230' with positive edge clock.
Creating register for signal `\sbox.\temp_hpc2_v_4_order10_HPC21' using process `\sbox.$proc$/home/nilotpola/Downloads/TETRIS-artefact/src/MaskedHLS_LP/src/skinny_sbox_nor_d4_lat6.v:2982$812'.
  created $dff cell `$procdff$1231' with positive edge clock.
Creating register for signal `\sbox.\v23_HPC21' using process `\sbox.$proc$/home/nilotpola/Downloads/TETRIS-artefact/src/MaskedHLS_LP/src/skinny_sbox_nor_d4_lat6.v:2982$812'.
  created $dff cell `$procdff$1232' with positive edge clock.
Creating register for signal `\sbox.\w23_HPC21' using process `\sbox.$proc$/home/nilotpola/Downloads/TETRIS-artefact/src/MaskedHLS_LP/src/skinny_sbox_nor_d4_lat6.v:2982$812'.
  created $dff cell `$procdff$1233' with positive edge clock.
Creating register for signal `\sbox.\w23_HPC21_reg' using process `\sbox.$proc$/home/nilotpola/Downloads/TETRIS-artefact/src/MaskedHLS_LP/src/skinny_sbox_nor_d4_lat6.v:2982$812'.
  created $dff cell `$procdff$1234' with positive edge clock.
Creating register for signal `\sbox.\temp_hpc2_v_4_order11_HPC21' using process `\sbox.$proc$/home/nilotpola/Downloads/TETRIS-artefact/src/MaskedHLS_LP/src/skinny_sbox_nor_d4_lat6.v:2982$812'.
  created $dff cell `$procdff$1235' with positive edge clock.
Creating register for signal `\sbox.\v24_HPC21' using process `\sbox.$proc$/home/nilotpola/Downloads/TETRIS-artefact/src/MaskedHLS_LP/src/skinny_sbox_nor_d4_lat6.v:2982$812'.
  created $dff cell `$procdff$1236' with positive edge clock.
Creating register for signal `\sbox.\w24_HPC21' using process `\sbox.$proc$/home/nilotpola/Downloads/TETRIS-artefact/src/MaskedHLS_LP/src/skinny_sbox_nor_d4_lat6.v:2982$812'.
  created $dff cell `$procdff$1237' with positive edge clock.
Creating register for signal `\sbox.\w24_HPC21_reg' using process `\sbox.$proc$/home/nilotpola/Downloads/TETRIS-artefact/src/MaskedHLS_LP/src/skinny_sbox_nor_d4_lat6.v:2982$812'.
  created $dff cell `$procdff$1238' with positive edge clock.
Creating register for signal `\sbox.\temp_hpc2_v_4_order12_HPC21' using process `\sbox.$proc$/home/nilotpola/Downloads/TETRIS-artefact/src/MaskedHLS_LP/src/skinny_sbox_nor_d4_lat6.v:2982$812'.
  created $dff cell `$procdff$1239' with positive edge clock.
Creating register for signal `\sbox.\n3_3_reg' using process `\sbox.$proc$/home/nilotpola/Downloads/TETRIS-artefact/src/MaskedHLS_LP/src/skinny_sbox_nor_d4_lat6.v:2982$812'.
  created $dff cell `$procdff$1240' with positive edge clock.
Creating register for signal `\sbox.\v30_HPC21' using process `\sbox.$proc$/home/nilotpola/Downloads/TETRIS-artefact/src/MaskedHLS_LP/src/skinny_sbox_nor_d4_lat6.v:2982$812'.
  created $dff cell `$procdff$1241' with positive edge clock.
Creating register for signal `\sbox.\w30_HPC21' using process `\sbox.$proc$/home/nilotpola/Downloads/TETRIS-artefact/src/MaskedHLS_LP/src/skinny_sbox_nor_d4_lat6.v:2982$812'.
  created $dff cell `$procdff$1242' with positive edge clock.
Creating register for signal `\sbox.\w30_HPC21_reg' using process `\sbox.$proc$/home/nilotpola/Downloads/TETRIS-artefact/src/MaskedHLS_LP/src/skinny_sbox_nor_d4_lat6.v:2982$812'.
  created $dff cell `$procdff$1243' with positive edge clock.
Creating register for signal `\sbox.\temp_hpc2_v_4_order13_HPC21' using process `\sbox.$proc$/home/nilotpola/Downloads/TETRIS-artefact/src/MaskedHLS_LP/src/skinny_sbox_nor_d4_lat6.v:2982$812'.
  created $dff cell `$procdff$1244' with positive edge clock.
Creating register for signal `\sbox.\v31_HPC21' using process `\sbox.$proc$/home/nilotpola/Downloads/TETRIS-artefact/src/MaskedHLS_LP/src/skinny_sbox_nor_d4_lat6.v:2982$812'.
  created $dff cell `$procdff$1245' with positive edge clock.
Creating register for signal `\sbox.\w31_HPC21' using process `\sbox.$proc$/home/nilotpola/Downloads/TETRIS-artefact/src/MaskedHLS_LP/src/skinny_sbox_nor_d4_lat6.v:2982$812'.
  created $dff cell `$procdff$1246' with positive edge clock.
Creating register for signal `\sbox.\w31_HPC21_reg' using process `\sbox.$proc$/home/nilotpola/Downloads/TETRIS-artefact/src/MaskedHLS_LP/src/skinny_sbox_nor_d4_lat6.v:2982$812'.
  created $dff cell `$procdff$1247' with positive edge clock.
Creating register for signal `\sbox.\temp_hpc2_v_4_order14_HPC21' using process `\sbox.$proc$/home/nilotpola/Downloads/TETRIS-artefact/src/MaskedHLS_LP/src/skinny_sbox_nor_d4_lat6.v:2982$812'.
  created $dff cell `$procdff$1248' with positive edge clock.
Creating register for signal `\sbox.\v32_HPC21' using process `\sbox.$proc$/home/nilotpola/Downloads/TETRIS-artefact/src/MaskedHLS_LP/src/skinny_sbox_nor_d4_lat6.v:2982$812'.
  created $dff cell `$procdff$1249' with positive edge clock.
Creating register for signal `\sbox.\w32_HPC21' using process `\sbox.$proc$/home/nilotpola/Downloads/TETRIS-artefact/src/MaskedHLS_LP/src/skinny_sbox_nor_d4_lat6.v:2982$812'.
  created $dff cell `$procdff$1250' with positive edge clock.
Creating register for signal `\sbox.\w32_HPC21_reg' using process `\sbox.$proc$/home/nilotpola/Downloads/TETRIS-artefact/src/MaskedHLS_LP/src/skinny_sbox_nor_d4_lat6.v:2982$812'.
  created $dff cell `$procdff$1251' with positive edge clock.
Creating register for signal `\sbox.\temp_hpc2_v_4_order15_HPC21' using process `\sbox.$proc$/home/nilotpola/Downloads/TETRIS-artefact/src/MaskedHLS_LP/src/skinny_sbox_nor_d4_lat6.v:2982$812'.
  created $dff cell `$procdff$1252' with positive edge clock.
Creating register for signal `\sbox.\v34_HPC21' using process `\sbox.$proc$/home/nilotpola/Downloads/TETRIS-artefact/src/MaskedHLS_LP/src/skinny_sbox_nor_d4_lat6.v:2982$812'.
  created $dff cell `$procdff$1253' with positive edge clock.
Creating register for signal `\sbox.\w34_HPC21' using process `\sbox.$proc$/home/nilotpola/Downloads/TETRIS-artefact/src/MaskedHLS_LP/src/skinny_sbox_nor_d4_lat6.v:2982$812'.
  created $dff cell `$procdff$1254' with positive edge clock.
Creating register for signal `\sbox.\w34_HPC21_reg' using process `\sbox.$proc$/home/nilotpola/Downloads/TETRIS-artefact/src/MaskedHLS_LP/src/skinny_sbox_nor_d4_lat6.v:2982$812'.
  created $dff cell `$procdff$1255' with positive edge clock.
Creating register for signal `\sbox.\temp_hpc2_v_4_order16_HPC21' using process `\sbox.$proc$/home/nilotpola/Downloads/TETRIS-artefact/src/MaskedHLS_LP/src/skinny_sbox_nor_d4_lat6.v:2982$812'.
  created $dff cell `$procdff$1256' with positive edge clock.
Creating register for signal `\sbox.\n3_4_reg' using process `\sbox.$proc$/home/nilotpola/Downloads/TETRIS-artefact/src/MaskedHLS_LP/src/skinny_sbox_nor_d4_lat6.v:2982$812'.
  created $dff cell `$procdff$1257' with positive edge clock.
Creating register for signal `\sbox.\v40_HPC21' using process `\sbox.$proc$/home/nilotpola/Downloads/TETRIS-artefact/src/MaskedHLS_LP/src/skinny_sbox_nor_d4_lat6.v:2982$812'.
  created $dff cell `$procdff$1258' with positive edge clock.
Creating register for signal `\sbox.\w40_HPC21' using process `\sbox.$proc$/home/nilotpola/Downloads/TETRIS-artefact/src/MaskedHLS_LP/src/skinny_sbox_nor_d4_lat6.v:2982$812'.
  created $dff cell `$procdff$1259' with positive edge clock.
Creating register for signal `\sbox.\w40_HPC21_reg' using process `\sbox.$proc$/home/nilotpola/Downloads/TETRIS-artefact/src/MaskedHLS_LP/src/skinny_sbox_nor_d4_lat6.v:2982$812'.
  created $dff cell `$procdff$1260' with positive edge clock.
Creating register for signal `\sbox.\temp_hpc2_v_4_order17_HPC21' using process `\sbox.$proc$/home/nilotpola/Downloads/TETRIS-artefact/src/MaskedHLS_LP/src/skinny_sbox_nor_d4_lat6.v:2982$812'.
  created $dff cell `$procdff$1261' with positive edge clock.
Creating register for signal `\sbox.\v41_HPC21' using process `\sbox.$proc$/home/nilotpola/Downloads/TETRIS-artefact/src/MaskedHLS_LP/src/skinny_sbox_nor_d4_lat6.v:2982$812'.
  created $dff cell `$procdff$1262' with positive edge clock.
Creating register for signal `\sbox.\w41_HPC21' using process `\sbox.$proc$/home/nilotpola/Downloads/TETRIS-artefact/src/MaskedHLS_LP/src/skinny_sbox_nor_d4_lat6.v:2982$812'.
  created $dff cell `$procdff$1263' with positive edge clock.
Creating register for signal `\sbox.\w41_HPC21_reg' using process `\sbox.$proc$/home/nilotpola/Downloads/TETRIS-artefact/src/MaskedHLS_LP/src/skinny_sbox_nor_d4_lat6.v:2982$812'.
  created $dff cell `$procdff$1264' with positive edge clock.
Creating register for signal `\sbox.\temp_hpc2_v_4_order18_HPC21' using process `\sbox.$proc$/home/nilotpola/Downloads/TETRIS-artefact/src/MaskedHLS_LP/src/skinny_sbox_nor_d4_lat6.v:2982$812'.
  created $dff cell `$procdff$1265' with positive edge clock.
Creating register for signal `\sbox.\v42_HPC21' using process `\sbox.$proc$/home/nilotpola/Downloads/TETRIS-artefact/src/MaskedHLS_LP/src/skinny_sbox_nor_d4_lat6.v:2982$812'.
  created $dff cell `$procdff$1266' with positive edge clock.
Creating register for signal `\sbox.\w42_HPC21' using process `\sbox.$proc$/home/nilotpola/Downloads/TETRIS-artefact/src/MaskedHLS_LP/src/skinny_sbox_nor_d4_lat6.v:2982$812'.
  created $dff cell `$procdff$1267' with positive edge clock.
Creating register for signal `\sbox.\w42_HPC21_reg' using process `\sbox.$proc$/home/nilotpola/Downloads/TETRIS-artefact/src/MaskedHLS_LP/src/skinny_sbox_nor_d4_lat6.v:2982$812'.
  created $dff cell `$procdff$1268' with positive edge clock.
Creating register for signal `\sbox.\temp_hpc2_v_4_order19_HPC21' using process `\sbox.$proc$/home/nilotpola/Downloads/TETRIS-artefact/src/MaskedHLS_LP/src/skinny_sbox_nor_d4_lat6.v:2982$812'.
  created $dff cell `$procdff$1269' with positive edge clock.
Creating register for signal `\sbox.\v43_HPC21' using process `\sbox.$proc$/home/nilotpola/Downloads/TETRIS-artefact/src/MaskedHLS_LP/src/skinny_sbox_nor_d4_lat6.v:2982$812'.
  created $dff cell `$procdff$1270' with positive edge clock.
Creating register for signal `\sbox.\w43_HPC21' using process `\sbox.$proc$/home/nilotpola/Downloads/TETRIS-artefact/src/MaskedHLS_LP/src/skinny_sbox_nor_d4_lat6.v:2982$812'.
  created $dff cell `$procdff$1271' with positive edge clock.
Creating register for signal `\sbox.\w43_HPC21_reg' using process `\sbox.$proc$/home/nilotpola/Downloads/TETRIS-artefact/src/MaskedHLS_LP/src/skinny_sbox_nor_d4_lat6.v:2982$812'.
  created $dff cell `$procdff$1272' with positive edge clock.
Creating register for signal `\sbox.\z3591_assgn35910' using process `\sbox.$proc$/home/nilotpola/Downloads/TETRIS-artefact/src/MaskedHLS_LP/src/skinny_sbox_nor_d4_lat6.v:2982$812'.
  created $dff cell `$procdff$1273' with positive edge clock.
Creating register for signal `\sbox.\z832_assgn832' using process `\sbox.$proc$/home/nilotpola/Downloads/TETRIS-artefact/src/MaskedHLS_LP/src/skinny_sbox_nor_d4_lat6.v:2982$812'.
  created $dff cell `$procdff$1274' with positive edge clock.
Creating register for signal `\sbox.\z3601_assgn36010' using process `\sbox.$proc$/home/nilotpola/Downloads/TETRIS-artefact/src/MaskedHLS_LP/src/skinny_sbox_nor_d4_lat6.v:2982$812'.
  created $dff cell `$procdff$1275' with positive edge clock.
Creating register for signal `\sbox.\z839_assgn839' using process `\sbox.$proc$/home/nilotpola/Downloads/TETRIS-artefact/src/MaskedHLS_LP/src/skinny_sbox_nor_d4_lat6.v:2982$812'.
  created $dff cell `$procdff$1276' with positive edge clock.
Creating register for signal `\sbox.\z3613_assgn36130' using process `\sbox.$proc$/home/nilotpola/Downloads/TETRIS-artefact/src/MaskedHLS_LP/src/skinny_sbox_nor_d4_lat6.v:2982$812'.
  created $dff cell `$procdff$1277' with positive edge clock.
Creating register for signal `\sbox.\z849_assgn849' using process `\sbox.$proc$/home/nilotpola/Downloads/TETRIS-artefact/src/MaskedHLS_LP/src/skinny_sbox_nor_d4_lat6.v:2982$812'.
  created $dff cell `$procdff$1278' with positive edge clock.
Creating register for signal `\sbox.\z3625_assgn36250' using process `\sbox.$proc$/home/nilotpola/Downloads/TETRIS-artefact/src/MaskedHLS_LP/src/skinny_sbox_nor_d4_lat6.v:2982$812'.
  created $dff cell `$procdff$1279' with positive edge clock.
Creating register for signal `\sbox.\z859_assgn859' using process `\sbox.$proc$/home/nilotpola/Downloads/TETRIS-artefact/src/MaskedHLS_LP/src/skinny_sbox_nor_d4_lat6.v:2982$812'.
  created $dff cell `$procdff$1280' with positive edge clock.
Creating register for signal `\sbox.\z3637_assgn36370' using process `\sbox.$proc$/home/nilotpola/Downloads/TETRIS-artefact/src/MaskedHLS_LP/src/skinny_sbox_nor_d4_lat6.v:2982$812'.
  created $dff cell `$procdff$1281' with positive edge clock.
Creating register for signal `\sbox.\z869_assgn869' using process `\sbox.$proc$/home/nilotpola/Downloads/TETRIS-artefact/src/MaskedHLS_LP/src/skinny_sbox_nor_d4_lat6.v:2982$812'.
  created $dff cell `$procdff$1282' with positive edge clock.
Creating register for signal `\sbox.\temp_hpc2_v_4_order0_HPC22' using process `\sbox.$proc$/home/nilotpola/Downloads/TETRIS-artefact/src/MaskedHLS_LP/src/skinny_sbox_nor_d4_lat6.v:2982$812'.
  created $dff cell `$procdff$1283' with positive edge clock.
Creating register for signal `\sbox.\n2_0_reg' using process `\sbox.$proc$/home/nilotpola/Downloads/TETRIS-artefact/src/MaskedHLS_LP/src/skinny_sbox_nor_d4_lat6.v:2982$812'.
  created $dff cell `$procdff$1284' with positive edge clock.
Creating register for signal `\sbox.\v01_HPC22' using process `\sbox.$proc$/home/nilotpola/Downloads/TETRIS-artefact/src/MaskedHLS_LP/src/skinny_sbox_nor_d4_lat6.v:2982$812'.
  created $dff cell `$procdff$1285' with positive edge clock.
Creating register for signal `\sbox.\w01_HPC22' using process `\sbox.$proc$/home/nilotpola/Downloads/TETRIS-artefact/src/MaskedHLS_LP/src/skinny_sbox_nor_d4_lat6.v:2982$812'.
  created $dff cell `$procdff$1286' with positive edge clock.
Creating register for signal `\sbox.\w01_HPC22_reg' using process `\sbox.$proc$/home/nilotpola/Downloads/TETRIS-artefact/src/MaskedHLS_LP/src/skinny_sbox_nor_d4_lat6.v:2982$812'.
  created $dff cell `$procdff$1287' with positive edge clock.
Creating register for signal `\sbox.\temp_hpc2_v_4_order1_HPC22' using process `\sbox.$proc$/home/nilotpola/Downloads/TETRIS-artefact/src/MaskedHLS_LP/src/skinny_sbox_nor_d4_lat6.v:2982$812'.
  created $dff cell `$procdff$1288' with positive edge clock.
Creating register for signal `\sbox.\v02_HPC22' using process `\sbox.$proc$/home/nilotpola/Downloads/TETRIS-artefact/src/MaskedHLS_LP/src/skinny_sbox_nor_d4_lat6.v:2982$812'.
  created $dff cell `$procdff$1289' with positive edge clock.
Creating register for signal `\sbox.\w02_HPC22' using process `\sbox.$proc$/home/nilotpola/Downloads/TETRIS-artefact/src/MaskedHLS_LP/src/skinny_sbox_nor_d4_lat6.v:2982$812'.
  created $dff cell `$procdff$1290' with positive edge clock.
Creating register for signal `\sbox.\w02_HPC22_reg' using process `\sbox.$proc$/home/nilotpola/Downloads/TETRIS-artefact/src/MaskedHLS_LP/src/skinny_sbox_nor_d4_lat6.v:2982$812'.
  created $dff cell `$procdff$1291' with positive edge clock.
Creating register for signal `\sbox.\temp_hpc2_v_4_order2_HPC22' using process `\sbox.$proc$/home/nilotpola/Downloads/TETRIS-artefact/src/MaskedHLS_LP/src/skinny_sbox_nor_d4_lat6.v:2982$812'.
  created $dff cell `$procdff$1292' with positive edge clock.
Creating register for signal `\sbox.\v03_HPC22' using process `\sbox.$proc$/home/nilotpola/Downloads/TETRIS-artefact/src/MaskedHLS_LP/src/skinny_sbox_nor_d4_lat6.v:2982$812'.
  created $dff cell `$procdff$1293' with positive edge clock.
Creating register for signal `\sbox.\w03_HPC22' using process `\sbox.$proc$/home/nilotpola/Downloads/TETRIS-artefact/src/MaskedHLS_LP/src/skinny_sbox_nor_d4_lat6.v:2982$812'.
  created $dff cell `$procdff$1294' with positive edge clock.
Creating register for signal `\sbox.\w03_HPC22_reg' using process `\sbox.$proc$/home/nilotpola/Downloads/TETRIS-artefact/src/MaskedHLS_LP/src/skinny_sbox_nor_d4_lat6.v:2982$812'.
  created $dff cell `$procdff$1295' with positive edge clock.
Creating register for signal `\sbox.\temp_hpc2_v_4_order3_HPC22' using process `\sbox.$proc$/home/nilotpola/Downloads/TETRIS-artefact/src/MaskedHLS_LP/src/skinny_sbox_nor_d4_lat6.v:2982$812'.
  created $dff cell `$procdff$1296' with positive edge clock.
Creating register for signal `\sbox.\v04_HPC22' using process `\sbox.$proc$/home/nilotpola/Downloads/TETRIS-artefact/src/MaskedHLS_LP/src/skinny_sbox_nor_d4_lat6.v:2982$812'.
  created $dff cell `$procdff$1297' with positive edge clock.
Creating register for signal `\sbox.\w04_HPC22' using process `\sbox.$proc$/home/nilotpola/Downloads/TETRIS-artefact/src/MaskedHLS_LP/src/skinny_sbox_nor_d4_lat6.v:2982$812'.
  created $dff cell `$procdff$1298' with positive edge clock.
Creating register for signal `\sbox.\w04_HPC22_reg' using process `\sbox.$proc$/home/nilotpola/Downloads/TETRIS-artefact/src/MaskedHLS_LP/src/skinny_sbox_nor_d4_lat6.v:2982$812'.
  created $dff cell `$procdff$1299' with positive edge clock.
Creating register for signal `\sbox.\temp_hpc2_v_4_order4_HPC22' using process `\sbox.$proc$/home/nilotpola/Downloads/TETRIS-artefact/src/MaskedHLS_LP/src/skinny_sbox_nor_d4_lat6.v:2982$812'.
  created $dff cell `$procdff$1300' with positive edge clock.
Creating register for signal `\sbox.\n2_1_reg' using process `\sbox.$proc$/home/nilotpola/Downloads/TETRIS-artefact/src/MaskedHLS_LP/src/skinny_sbox_nor_d4_lat6.v:2982$812'.
  created $dff cell `$procdff$1301' with positive edge clock.
Creating register for signal `\sbox.\v10_HPC22' using process `\sbox.$proc$/home/nilotpola/Downloads/TETRIS-artefact/src/MaskedHLS_LP/src/skinny_sbox_nor_d4_lat6.v:2982$812'.
  created $dff cell `$procdff$1302' with positive edge clock.
Creating register for signal `\sbox.\w10_HPC22' using process `\sbox.$proc$/home/nilotpola/Downloads/TETRIS-artefact/src/MaskedHLS_LP/src/skinny_sbox_nor_d4_lat6.v:2982$812'.
  created $dff cell `$procdff$1303' with positive edge clock.
Creating register for signal `\sbox.\w10_HPC22_reg' using process `\sbox.$proc$/home/nilotpola/Downloads/TETRIS-artefact/src/MaskedHLS_LP/src/skinny_sbox_nor_d4_lat6.v:2982$812'.
  created $dff cell `$procdff$1304' with positive edge clock.
Creating register for signal `\sbox.\temp_hpc2_v_4_order5_HPC22' using process `\sbox.$proc$/home/nilotpola/Downloads/TETRIS-artefact/src/MaskedHLS_LP/src/skinny_sbox_nor_d4_lat6.v:2982$812'.
  created $dff cell `$procdff$1305' with positive edge clock.
Creating register for signal `\sbox.\v12_HPC22' using process `\sbox.$proc$/home/nilotpola/Downloads/TETRIS-artefact/src/MaskedHLS_LP/src/skinny_sbox_nor_d4_lat6.v:2982$812'.
  created $dff cell `$procdff$1306' with positive edge clock.
Creating register for signal `\sbox.\w12_HPC22' using process `\sbox.$proc$/home/nilotpola/Downloads/TETRIS-artefact/src/MaskedHLS_LP/src/skinny_sbox_nor_d4_lat6.v:2982$812'.
  created $dff cell `$procdff$1307' with positive edge clock.
Creating register for signal `\sbox.\w12_HPC22_reg' using process `\sbox.$proc$/home/nilotpola/Downloads/TETRIS-artefact/src/MaskedHLS_LP/src/skinny_sbox_nor_d4_lat6.v:2982$812'.
  created $dff cell `$procdff$1308' with positive edge clock.
Creating register for signal `\sbox.\temp_hpc2_v_4_order6_HPC22' using process `\sbox.$proc$/home/nilotpola/Downloads/TETRIS-artefact/src/MaskedHLS_LP/src/skinny_sbox_nor_d4_lat6.v:2982$812'.
  created $dff cell `$procdff$1309' with positive edge clock.
Creating register for signal `\sbox.\v13_HPC22' using process `\sbox.$proc$/home/nilotpola/Downloads/TETRIS-artefact/src/MaskedHLS_LP/src/skinny_sbox_nor_d4_lat6.v:2982$812'.
  created $dff cell `$procdff$1310' with positive edge clock.
Creating register for signal `\sbox.\w13_HPC22' using process `\sbox.$proc$/home/nilotpola/Downloads/TETRIS-artefact/src/MaskedHLS_LP/src/skinny_sbox_nor_d4_lat6.v:2982$812'.
  created $dff cell `$procdff$1311' with positive edge clock.
Creating register for signal `\sbox.\w13_HPC22_reg' using process `\sbox.$proc$/home/nilotpola/Downloads/TETRIS-artefact/src/MaskedHLS_LP/src/skinny_sbox_nor_d4_lat6.v:2982$812'.
  created $dff cell `$procdff$1312' with positive edge clock.
Creating register for signal `\sbox.\temp_hpc2_v_4_order7_HPC22' using process `\sbox.$proc$/home/nilotpola/Downloads/TETRIS-artefact/src/MaskedHLS_LP/src/skinny_sbox_nor_d4_lat6.v:2982$812'.
  created $dff cell `$procdff$1313' with positive edge clock.
Creating register for signal `\sbox.\v14_HPC22' using process `\sbox.$proc$/home/nilotpola/Downloads/TETRIS-artefact/src/MaskedHLS_LP/src/skinny_sbox_nor_d4_lat6.v:2982$812'.
  created $dff cell `$procdff$1314' with positive edge clock.
Creating register for signal `\sbox.\w14_HPC22' using process `\sbox.$proc$/home/nilotpola/Downloads/TETRIS-artefact/src/MaskedHLS_LP/src/skinny_sbox_nor_d4_lat6.v:2982$812'.
  created $dff cell `$procdff$1315' with positive edge clock.
Creating register for signal `\sbox.\w14_HPC22_reg' using process `\sbox.$proc$/home/nilotpola/Downloads/TETRIS-artefact/src/MaskedHLS_LP/src/skinny_sbox_nor_d4_lat6.v:2982$812'.
  created $dff cell `$procdff$1316' with positive edge clock.
Creating register for signal `\sbox.\temp_hpc2_v_4_order8_HPC22' using process `\sbox.$proc$/home/nilotpola/Downloads/TETRIS-artefact/src/MaskedHLS_LP/src/skinny_sbox_nor_d4_lat6.v:2982$812'.
  created $dff cell `$procdff$1317' with positive edge clock.
Creating register for signal `\sbox.\n2_2_reg' using process `\sbox.$proc$/home/nilotpola/Downloads/TETRIS-artefact/src/MaskedHLS_LP/src/skinny_sbox_nor_d4_lat6.v:2982$812'.
  created $dff cell `$procdff$1318' with positive edge clock.
Creating register for signal `\sbox.\v20_HPC22' using process `\sbox.$proc$/home/nilotpola/Downloads/TETRIS-artefact/src/MaskedHLS_LP/src/skinny_sbox_nor_d4_lat6.v:2982$812'.
  created $dff cell `$procdff$1319' with positive edge clock.
Creating register for signal `\sbox.\w20_HPC22' using process `\sbox.$proc$/home/nilotpola/Downloads/TETRIS-artefact/src/MaskedHLS_LP/src/skinny_sbox_nor_d4_lat6.v:2982$812'.
  created $dff cell `$procdff$1320' with positive edge clock.
Creating register for signal `\sbox.\w20_HPC22_reg' using process `\sbox.$proc$/home/nilotpola/Downloads/TETRIS-artefact/src/MaskedHLS_LP/src/skinny_sbox_nor_d4_lat6.v:2982$812'.
  created $dff cell `$procdff$1321' with positive edge clock.
Creating register for signal `\sbox.\temp_hpc2_v_4_order9_HPC22' using process `\sbox.$proc$/home/nilotpola/Downloads/TETRIS-artefact/src/MaskedHLS_LP/src/skinny_sbox_nor_d4_lat6.v:2982$812'.
  created $dff cell `$procdff$1322' with positive edge clock.
Creating register for signal `\sbox.\v21_HPC22' using process `\sbox.$proc$/home/nilotpola/Downloads/TETRIS-artefact/src/MaskedHLS_LP/src/skinny_sbox_nor_d4_lat6.v:2982$812'.
  created $dff cell `$procdff$1323' with positive edge clock.
Creating register for signal `\sbox.\w21_HPC22' using process `\sbox.$proc$/home/nilotpola/Downloads/TETRIS-artefact/src/MaskedHLS_LP/src/skinny_sbox_nor_d4_lat6.v:2982$812'.
  created $dff cell `$procdff$1324' with positive edge clock.
Creating register for signal `\sbox.\w21_HPC22_reg' using process `\sbox.$proc$/home/nilotpola/Downloads/TETRIS-artefact/src/MaskedHLS_LP/src/skinny_sbox_nor_d4_lat6.v:2982$812'.
  created $dff cell `$procdff$1325' with positive edge clock.
Creating register for signal `\sbox.\temp_hpc2_v_4_order10_HPC22' using process `\sbox.$proc$/home/nilotpola/Downloads/TETRIS-artefact/src/MaskedHLS_LP/src/skinny_sbox_nor_d4_lat6.v:2982$812'.
  created $dff cell `$procdff$1326' with positive edge clock.
Creating register for signal `\sbox.\v23_HPC22' using process `\sbox.$proc$/home/nilotpola/Downloads/TETRIS-artefact/src/MaskedHLS_LP/src/skinny_sbox_nor_d4_lat6.v:2982$812'.
  created $dff cell `$procdff$1327' with positive edge clock.
Creating register for signal `\sbox.\w23_HPC22' using process `\sbox.$proc$/home/nilotpola/Downloads/TETRIS-artefact/src/MaskedHLS_LP/src/skinny_sbox_nor_d4_lat6.v:2982$812'.
  created $dff cell `$procdff$1328' with positive edge clock.
Creating register for signal `\sbox.\w23_HPC22_reg' using process `\sbox.$proc$/home/nilotpola/Downloads/TETRIS-artefact/src/MaskedHLS_LP/src/skinny_sbox_nor_d4_lat6.v:2982$812'.
  created $dff cell `$procdff$1329' with positive edge clock.
Creating register for signal `\sbox.\temp_hpc2_v_4_order11_HPC22' using process `\sbox.$proc$/home/nilotpola/Downloads/TETRIS-artefact/src/MaskedHLS_LP/src/skinny_sbox_nor_d4_lat6.v:2982$812'.
  created $dff cell `$procdff$1330' with positive edge clock.
Creating register for signal `\sbox.\v24_HPC22' using process `\sbox.$proc$/home/nilotpola/Downloads/TETRIS-artefact/src/MaskedHLS_LP/src/skinny_sbox_nor_d4_lat6.v:2982$812'.
  created $dff cell `$procdff$1331' with positive edge clock.
Creating register for signal `\sbox.\w24_HPC22' using process `\sbox.$proc$/home/nilotpola/Downloads/TETRIS-artefact/src/MaskedHLS_LP/src/skinny_sbox_nor_d4_lat6.v:2982$812'.
  created $dff cell `$procdff$1332' with positive edge clock.
Creating register for signal `\sbox.\w24_HPC22_reg' using process `\sbox.$proc$/home/nilotpola/Downloads/TETRIS-artefact/src/MaskedHLS_LP/src/skinny_sbox_nor_d4_lat6.v:2982$812'.
  created $dff cell `$procdff$1333' with positive edge clock.
Creating register for signal `\sbox.\temp_hpc2_v_4_order12_HPC22' using process `\sbox.$proc$/home/nilotpola/Downloads/TETRIS-artefact/src/MaskedHLS_LP/src/skinny_sbox_nor_d4_lat6.v:2982$812'.
  created $dff cell `$procdff$1334' with positive edge clock.
Creating register for signal `\sbox.\n2_3_reg' using process `\sbox.$proc$/home/nilotpola/Downloads/TETRIS-artefact/src/MaskedHLS_LP/src/skinny_sbox_nor_d4_lat6.v:2982$812'.
  created $dff cell `$procdff$1335' with positive edge clock.
Creating register for signal `\sbox.\v30_HPC22' using process `\sbox.$proc$/home/nilotpola/Downloads/TETRIS-artefact/src/MaskedHLS_LP/src/skinny_sbox_nor_d4_lat6.v:2982$812'.
  created $dff cell `$procdff$1336' with positive edge clock.
Creating register for signal `\sbox.\w30_HPC22' using process `\sbox.$proc$/home/nilotpola/Downloads/TETRIS-artefact/src/MaskedHLS_LP/src/skinny_sbox_nor_d4_lat6.v:2982$812'.
  created $dff cell `$procdff$1337' with positive edge clock.
Creating register for signal `\sbox.\w30_HPC22_reg' using process `\sbox.$proc$/home/nilotpola/Downloads/TETRIS-artefact/src/MaskedHLS_LP/src/skinny_sbox_nor_d4_lat6.v:2982$812'.
  created $dff cell `$procdff$1338' with positive edge clock.
Creating register for signal `\sbox.\temp_hpc2_v_4_order13_HPC22' using process `\sbox.$proc$/home/nilotpola/Downloads/TETRIS-artefact/src/MaskedHLS_LP/src/skinny_sbox_nor_d4_lat6.v:2982$812'.
  created $dff cell `$procdff$1339' with positive edge clock.
Creating register for signal `\sbox.\v31_HPC22' using process `\sbox.$proc$/home/nilotpola/Downloads/TETRIS-artefact/src/MaskedHLS_LP/src/skinny_sbox_nor_d4_lat6.v:2982$812'.
  created $dff cell `$procdff$1340' with positive edge clock.
Creating register for signal `\sbox.\w31_HPC22' using process `\sbox.$proc$/home/nilotpola/Downloads/TETRIS-artefact/src/MaskedHLS_LP/src/skinny_sbox_nor_d4_lat6.v:2982$812'.
  created $dff cell `$procdff$1341' with positive edge clock.
Creating register for signal `\sbox.\w31_HPC22_reg' using process `\sbox.$proc$/home/nilotpola/Downloads/TETRIS-artefact/src/MaskedHLS_LP/src/skinny_sbox_nor_d4_lat6.v:2982$812'.
  created $dff cell `$procdff$1342' with positive edge clock.
Creating register for signal `\sbox.\temp_hpc2_v_4_order14_HPC22' using process `\sbox.$proc$/home/nilotpola/Downloads/TETRIS-artefact/src/MaskedHLS_LP/src/skinny_sbox_nor_d4_lat6.v:2982$812'.
  created $dff cell `$procdff$1343' with positive edge clock.
Creating register for signal `\sbox.\v32_HPC22' using process `\sbox.$proc$/home/nilotpola/Downloads/TETRIS-artefact/src/MaskedHLS_LP/src/skinny_sbox_nor_d4_lat6.v:2982$812'.
  created $dff cell `$procdff$1344' with positive edge clock.
Creating register for signal `\sbox.\w32_HPC22' using process `\sbox.$proc$/home/nilotpola/Downloads/TETRIS-artefact/src/MaskedHLS_LP/src/skinny_sbox_nor_d4_lat6.v:2982$812'.
  created $dff cell `$procdff$1345' with positive edge clock.
Creating register for signal `\sbox.\w32_HPC22_reg' using process `\sbox.$proc$/home/nilotpola/Downloads/TETRIS-artefact/src/MaskedHLS_LP/src/skinny_sbox_nor_d4_lat6.v:2982$812'.
  created $dff cell `$procdff$1346' with positive edge clock.
Creating register for signal `\sbox.\temp_hpc2_v_4_order15_HPC22' using process `\sbox.$proc$/home/nilotpola/Downloads/TETRIS-artefact/src/MaskedHLS_LP/src/skinny_sbox_nor_d4_lat6.v:2982$812'.
  created $dff cell `$procdff$1347' with positive edge clock.
Creating register for signal `\sbox.\v34_HPC22' using process `\sbox.$proc$/home/nilotpola/Downloads/TETRIS-artefact/src/MaskedHLS_LP/src/skinny_sbox_nor_d4_lat6.v:2982$812'.
  created $dff cell `$procdff$1348' with positive edge clock.
Creating register for signal `\sbox.\w34_HPC22' using process `\sbox.$proc$/home/nilotpola/Downloads/TETRIS-artefact/src/MaskedHLS_LP/src/skinny_sbox_nor_d4_lat6.v:2982$812'.
  created $dff cell `$procdff$1349' with positive edge clock.
Creating register for signal `\sbox.\w34_HPC22_reg' using process `\sbox.$proc$/home/nilotpola/Downloads/TETRIS-artefact/src/MaskedHLS_LP/src/skinny_sbox_nor_d4_lat6.v:2982$812'.
  created $dff cell `$procdff$1350' with positive edge clock.
Creating register for signal `\sbox.\temp_hpc2_v_4_order16_HPC22' using process `\sbox.$proc$/home/nilotpola/Downloads/TETRIS-artefact/src/MaskedHLS_LP/src/skinny_sbox_nor_d4_lat6.v:2982$812'.
  created $dff cell `$procdff$1351' with positive edge clock.
Creating register for signal `\sbox.\n2_4_reg' using process `\sbox.$proc$/home/nilotpola/Downloads/TETRIS-artefact/src/MaskedHLS_LP/src/skinny_sbox_nor_d4_lat6.v:2982$812'.
  created $dff cell `$procdff$1352' with positive edge clock.
Creating register for signal `\sbox.\v40_HPC22' using process `\sbox.$proc$/home/nilotpola/Downloads/TETRIS-artefact/src/MaskedHLS_LP/src/skinny_sbox_nor_d4_lat6.v:2982$812'.
  created $dff cell `$procdff$1353' with positive edge clock.
Creating register for signal `\sbox.\w40_HPC22' using process `\sbox.$proc$/home/nilotpola/Downloads/TETRIS-artefact/src/MaskedHLS_LP/src/skinny_sbox_nor_d4_lat6.v:2982$812'.
  created $dff cell `$procdff$1354' with positive edge clock.
Creating register for signal `\sbox.\w40_HPC22_reg' using process `\sbox.$proc$/home/nilotpola/Downloads/TETRIS-artefact/src/MaskedHLS_LP/src/skinny_sbox_nor_d4_lat6.v:2982$812'.
  created $dff cell `$procdff$1355' with positive edge clock.
Creating register for signal `\sbox.\temp_hpc2_v_4_order17_HPC22' using process `\sbox.$proc$/home/nilotpola/Downloads/TETRIS-artefact/src/MaskedHLS_LP/src/skinny_sbox_nor_d4_lat6.v:2982$812'.
  created $dff cell `$procdff$1356' with positive edge clock.
Creating register for signal `\sbox.\v41_HPC22' using process `\sbox.$proc$/home/nilotpola/Downloads/TETRIS-artefact/src/MaskedHLS_LP/src/skinny_sbox_nor_d4_lat6.v:2982$812'.
  created $dff cell `$procdff$1357' with positive edge clock.
Creating register for signal `\sbox.\w41_HPC22' using process `\sbox.$proc$/home/nilotpola/Downloads/TETRIS-artefact/src/MaskedHLS_LP/src/skinny_sbox_nor_d4_lat6.v:2982$812'.
  created $dff cell `$procdff$1358' with positive edge clock.
Creating register for signal `\sbox.\w41_HPC22_reg' using process `\sbox.$proc$/home/nilotpola/Downloads/TETRIS-artefact/src/MaskedHLS_LP/src/skinny_sbox_nor_d4_lat6.v:2982$812'.
  created $dff cell `$procdff$1359' with positive edge clock.
Creating register for signal `\sbox.\temp_hpc2_v_4_order18_HPC22' using process `\sbox.$proc$/home/nilotpola/Downloads/TETRIS-artefact/src/MaskedHLS_LP/src/skinny_sbox_nor_d4_lat6.v:2982$812'.
  created $dff cell `$procdff$1360' with positive edge clock.
Creating register for signal `\sbox.\v42_HPC22' using process `\sbox.$proc$/home/nilotpola/Downloads/TETRIS-artefact/src/MaskedHLS_LP/src/skinny_sbox_nor_d4_lat6.v:2982$812'.
  created $dff cell `$procdff$1361' with positive edge clock.
Creating register for signal `\sbox.\w42_HPC22' using process `\sbox.$proc$/home/nilotpola/Downloads/TETRIS-artefact/src/MaskedHLS_LP/src/skinny_sbox_nor_d4_lat6.v:2982$812'.
  created $dff cell `$procdff$1362' with positive edge clock.
Creating register for signal `\sbox.\w42_HPC22_reg' using process `\sbox.$proc$/home/nilotpola/Downloads/TETRIS-artefact/src/MaskedHLS_LP/src/skinny_sbox_nor_d4_lat6.v:2982$812'.
  created $dff cell `$procdff$1363' with positive edge clock.
Creating register for signal `\sbox.\temp_hpc2_v_4_order19_HPC22' using process `\sbox.$proc$/home/nilotpola/Downloads/TETRIS-artefact/src/MaskedHLS_LP/src/skinny_sbox_nor_d4_lat6.v:2982$812'.
  created $dff cell `$procdff$1364' with positive edge clock.
Creating register for signal `\sbox.\v43_HPC22' using process `\sbox.$proc$/home/nilotpola/Downloads/TETRIS-artefact/src/MaskedHLS_LP/src/skinny_sbox_nor_d4_lat6.v:2982$812'.
  created $dff cell `$procdff$1365' with positive edge clock.
Creating register for signal `\sbox.\w43_HPC22' using process `\sbox.$proc$/home/nilotpola/Downloads/TETRIS-artefact/src/MaskedHLS_LP/src/skinny_sbox_nor_d4_lat6.v:2982$812'.
  created $dff cell `$procdff$1366' with positive edge clock.
Creating register for signal `\sbox.\w43_HPC22_reg' using process `\sbox.$proc$/home/nilotpola/Downloads/TETRIS-artefact/src/MaskedHLS_LP/src/skinny_sbox_nor_d4_lat6.v:2982$812'.
  created $dff cell `$procdff$1367' with positive edge clock.
Creating register for signal `\sbox.\z3891_assgn38910' using process `\sbox.$proc$/home/nilotpola/Downloads/TETRIS-artefact/src/MaskedHLS_LP/src/skinny_sbox_nor_d4_lat6.v:2982$812'.
  created $dff cell `$procdff$1368' with positive edge clock.
Creating register for signal `\sbox.\z1122_assgn1122' using process `\sbox.$proc$/home/nilotpola/Downloads/TETRIS-artefact/src/MaskedHLS_LP/src/skinny_sbox_nor_d4_lat6.v:2982$812'.
  created $dff cell `$procdff$1369' with positive edge clock.
Creating register for signal `\sbox.\z3901_assgn39010' using process `\sbox.$proc$/home/nilotpola/Downloads/TETRIS-artefact/src/MaskedHLS_LP/src/skinny_sbox_nor_d4_lat6.v:2982$812'.
  created $dff cell `$procdff$1370' with positive edge clock.
Creating register for signal `\sbox.\z1129_assgn1129' using process `\sbox.$proc$/home/nilotpola/Downloads/TETRIS-artefact/src/MaskedHLS_LP/src/skinny_sbox_nor_d4_lat6.v:2982$812'.
  created $dff cell `$procdff$1371' with positive edge clock.
Creating register for signal `\sbox.\z3913_assgn39130' using process `\sbox.$proc$/home/nilotpola/Downloads/TETRIS-artefact/src/MaskedHLS_LP/src/skinny_sbox_nor_d4_lat6.v:2982$812'.
  created $dff cell `$procdff$1372' with positive edge clock.
Creating register for signal `\sbox.\z1139_assgn1139' using process `\sbox.$proc$/home/nilotpola/Downloads/TETRIS-artefact/src/MaskedHLS_LP/src/skinny_sbox_nor_d4_lat6.v:2982$812'.
  created $dff cell `$procdff$1373' with positive edge clock.
Creating register for signal `\sbox.\z3925_assgn39250' using process `\sbox.$proc$/home/nilotpola/Downloads/TETRIS-artefact/src/MaskedHLS_LP/src/skinny_sbox_nor_d4_lat6.v:2982$812'.
  created $dff cell `$procdff$1374' with positive edge clock.
Creating register for signal `\sbox.\z1149_assgn1149' using process `\sbox.$proc$/home/nilotpola/Downloads/TETRIS-artefact/src/MaskedHLS_LP/src/skinny_sbox_nor_d4_lat6.v:2982$812'.
  created $dff cell `$procdff$1375' with positive edge clock.
Creating register for signal `\sbox.\z3937_assgn39370' using process `\sbox.$proc$/home/nilotpola/Downloads/TETRIS-artefact/src/MaskedHLS_LP/src/skinny_sbox_nor_d4_lat6.v:2982$812'.
  created $dff cell `$procdff$1376' with positive edge clock.
Creating register for signal `\sbox.\z1159_assgn1159' using process `\sbox.$proc$/home/nilotpola/Downloads/TETRIS-artefact/src/MaskedHLS_LP/src/skinny_sbox_nor_d4_lat6.v:2982$812'.
  created $dff cell `$procdff$1377' with positive edge clock.
Creating register for signal `\sbox.\temp_hpc2_v_4_order0_HPC23' using process `\sbox.$proc$/home/nilotpola/Downloads/TETRIS-artefact/src/MaskedHLS_LP/src/skinny_sbox_nor_d4_lat6.v:2982$812'.
  created $dff cell `$procdff$1378' with positive edge clock.
Creating register for signal `\sbox.\nt0_0_reg' using process `\sbox.$proc$/home/nilotpola/Downloads/TETRIS-artefact/src/MaskedHLS_LP/src/skinny_sbox_nor_d4_lat6.v:2982$812'.
  created $dff cell `$procdff$1379' with positive edge clock.
Creating register for signal `\sbox.\v01_HPC23' using process `\sbox.$proc$/home/nilotpola/Downloads/TETRIS-artefact/src/MaskedHLS_LP/src/skinny_sbox_nor_d4_lat6.v:2982$812'.
  created $dff cell `$procdff$1380' with positive edge clock.
Creating register for signal `\sbox.\w01_HPC23' using process `\sbox.$proc$/home/nilotpola/Downloads/TETRIS-artefact/src/MaskedHLS_LP/src/skinny_sbox_nor_d4_lat6.v:2982$812'.
  created $dff cell `$procdff$1381' with positive edge clock.
Creating register for signal `\sbox.\w01_HPC23_reg' using process `\sbox.$proc$/home/nilotpola/Downloads/TETRIS-artefact/src/MaskedHLS_LP/src/skinny_sbox_nor_d4_lat6.v:2982$812'.
  created $dff cell `$procdff$1382' with positive edge clock.
Creating register for signal `\sbox.\temp_hpc2_v_4_order1_HPC23' using process `\sbox.$proc$/home/nilotpola/Downloads/TETRIS-artefact/src/MaskedHLS_LP/src/skinny_sbox_nor_d4_lat6.v:2982$812'.
  created $dff cell `$procdff$1383' with positive edge clock.
Creating register for signal `\sbox.\v02_HPC23' using process `\sbox.$proc$/home/nilotpola/Downloads/TETRIS-artefact/src/MaskedHLS_LP/src/skinny_sbox_nor_d4_lat6.v:2982$812'.
  created $dff cell `$procdff$1384' with positive edge clock.
Creating register for signal `\sbox.\w02_HPC23' using process `\sbox.$proc$/home/nilotpola/Downloads/TETRIS-artefact/src/MaskedHLS_LP/src/skinny_sbox_nor_d4_lat6.v:2982$812'.
  created $dff cell `$procdff$1385' with positive edge clock.
Creating register for signal `\sbox.\w02_HPC23_reg' using process `\sbox.$proc$/home/nilotpola/Downloads/TETRIS-artefact/src/MaskedHLS_LP/src/skinny_sbox_nor_d4_lat6.v:2982$812'.
  created $dff cell `$procdff$1386' with positive edge clock.
Creating register for signal `\sbox.\temp_hpc2_v_4_order2_HPC23' using process `\sbox.$proc$/home/nilotpola/Downloads/TETRIS-artefact/src/MaskedHLS_LP/src/skinny_sbox_nor_d4_lat6.v:2982$812'.
  created $dff cell `$procdff$1387' with positive edge clock.
Creating register for signal `\sbox.\v03_HPC23' using process `\sbox.$proc$/home/nilotpola/Downloads/TETRIS-artefact/src/MaskedHLS_LP/src/skinny_sbox_nor_d4_lat6.v:2982$812'.
  created $dff cell `$procdff$1388' with positive edge clock.
Creating register for signal `\sbox.\w03_HPC23' using process `\sbox.$proc$/home/nilotpola/Downloads/TETRIS-artefact/src/MaskedHLS_LP/src/skinny_sbox_nor_d4_lat6.v:2982$812'.
  created $dff cell `$procdff$1389' with positive edge clock.
Creating register for signal `\sbox.\w03_HPC23_reg' using process `\sbox.$proc$/home/nilotpola/Downloads/TETRIS-artefact/src/MaskedHLS_LP/src/skinny_sbox_nor_d4_lat6.v:2982$812'.
  created $dff cell `$procdff$1390' with positive edge clock.
Creating register for signal `\sbox.\temp_hpc2_v_4_order3_HPC23' using process `\sbox.$proc$/home/nilotpola/Downloads/TETRIS-artefact/src/MaskedHLS_LP/src/skinny_sbox_nor_d4_lat6.v:2982$812'.
  created $dff cell `$procdff$1391' with positive edge clock.
Creating register for signal `\sbox.\v04_HPC23' using process `\sbox.$proc$/home/nilotpola/Downloads/TETRIS-artefact/src/MaskedHLS_LP/src/skinny_sbox_nor_d4_lat6.v:2982$812'.
  created $dff cell `$procdff$1392' with positive edge clock.
Creating register for signal `\sbox.\w04_HPC23' using process `\sbox.$proc$/home/nilotpola/Downloads/TETRIS-artefact/src/MaskedHLS_LP/src/skinny_sbox_nor_d4_lat6.v:2982$812'.
  created $dff cell `$procdff$1393' with positive edge clock.
Creating register for signal `\sbox.\w04_HPC23_reg' using process `\sbox.$proc$/home/nilotpola/Downloads/TETRIS-artefact/src/MaskedHLS_LP/src/skinny_sbox_nor_d4_lat6.v:2982$812'.
  created $dff cell `$procdff$1394' with positive edge clock.
Creating register for signal `\sbox.\temp_hpc2_v_4_order4_HPC23' using process `\sbox.$proc$/home/nilotpola/Downloads/TETRIS-artefact/src/MaskedHLS_LP/src/skinny_sbox_nor_d4_lat6.v:2982$812'.
  created $dff cell `$procdff$1395' with positive edge clock.
Creating register for signal `\sbox.\nt0_1_reg' using process `\sbox.$proc$/home/nilotpola/Downloads/TETRIS-artefact/src/MaskedHLS_LP/src/skinny_sbox_nor_d4_lat6.v:2982$812'.
  created $dff cell `$procdff$1396' with positive edge clock.
Creating register for signal `\sbox.\v10_HPC23' using process `\sbox.$proc$/home/nilotpola/Downloads/TETRIS-artefact/src/MaskedHLS_LP/src/skinny_sbox_nor_d4_lat6.v:2982$812'.
  created $dff cell `$procdff$1397' with positive edge clock.
Creating register for signal `\sbox.\w10_HPC23' using process `\sbox.$proc$/home/nilotpola/Downloads/TETRIS-artefact/src/MaskedHLS_LP/src/skinny_sbox_nor_d4_lat6.v:2982$812'.
  created $dff cell `$procdff$1398' with positive edge clock.
Creating register for signal `\sbox.\w10_HPC23_reg' using process `\sbox.$proc$/home/nilotpola/Downloads/TETRIS-artefact/src/MaskedHLS_LP/src/skinny_sbox_nor_d4_lat6.v:2982$812'.
  created $dff cell `$procdff$1399' with positive edge clock.
Creating register for signal `\sbox.\temp_hpc2_v_4_order5_HPC23' using process `\sbox.$proc$/home/nilotpola/Downloads/TETRIS-artefact/src/MaskedHLS_LP/src/skinny_sbox_nor_d4_lat6.v:2982$812'.
  created $dff cell `$procdff$1400' with positive edge clock.
Creating register for signal `\sbox.\v12_HPC23' using process `\sbox.$proc$/home/nilotpola/Downloads/TETRIS-artefact/src/MaskedHLS_LP/src/skinny_sbox_nor_d4_lat6.v:2982$812'.
  created $dff cell `$procdff$1401' with positive edge clock.
Creating register for signal `\sbox.\w12_HPC23' using process `\sbox.$proc$/home/nilotpola/Downloads/TETRIS-artefact/src/MaskedHLS_LP/src/skinny_sbox_nor_d4_lat6.v:2982$812'.
  created $dff cell `$procdff$1402' with positive edge clock.
Creating register for signal `\sbox.\w12_HPC23_reg' using process `\sbox.$proc$/home/nilotpola/Downloads/TETRIS-artefact/src/MaskedHLS_LP/src/skinny_sbox_nor_d4_lat6.v:2982$812'.
  created $dff cell `$procdff$1403' with positive edge clock.
Creating register for signal `\sbox.\temp_hpc2_v_4_order6_HPC23' using process `\sbox.$proc$/home/nilotpola/Downloads/TETRIS-artefact/src/MaskedHLS_LP/src/skinny_sbox_nor_d4_lat6.v:2982$812'.
  created $dff cell `$procdff$1404' with positive edge clock.
Creating register for signal `\sbox.\v13_HPC23' using process `\sbox.$proc$/home/nilotpola/Downloads/TETRIS-artefact/src/MaskedHLS_LP/src/skinny_sbox_nor_d4_lat6.v:2982$812'.
  created $dff cell `$procdff$1405' with positive edge clock.
Creating register for signal `\sbox.\w13_HPC23' using process `\sbox.$proc$/home/nilotpola/Downloads/TETRIS-artefact/src/MaskedHLS_LP/src/skinny_sbox_nor_d4_lat6.v:2982$812'.
  created $dff cell `$procdff$1406' with positive edge clock.
Creating register for signal `\sbox.\w13_HPC23_reg' using process `\sbox.$proc$/home/nilotpola/Downloads/TETRIS-artefact/src/MaskedHLS_LP/src/skinny_sbox_nor_d4_lat6.v:2982$812'.
  created $dff cell `$procdff$1407' with positive edge clock.
Creating register for signal `\sbox.\temp_hpc2_v_4_order7_HPC23' using process `\sbox.$proc$/home/nilotpola/Downloads/TETRIS-artefact/src/MaskedHLS_LP/src/skinny_sbox_nor_d4_lat6.v:2982$812'.
  created $dff cell `$procdff$1408' with positive edge clock.
Creating register for signal `\sbox.\v14_HPC23' using process `\sbox.$proc$/home/nilotpola/Downloads/TETRIS-artefact/src/MaskedHLS_LP/src/skinny_sbox_nor_d4_lat6.v:2982$812'.
  created $dff cell `$procdff$1409' with positive edge clock.
Creating register for signal `\sbox.\w14_HPC23' using process `\sbox.$proc$/home/nilotpola/Downloads/TETRIS-artefact/src/MaskedHLS_LP/src/skinny_sbox_nor_d4_lat6.v:2982$812'.
  created $dff cell `$procdff$1410' with positive edge clock.
Creating register for signal `\sbox.\w14_HPC23_reg' using process `\sbox.$proc$/home/nilotpola/Downloads/TETRIS-artefact/src/MaskedHLS_LP/src/skinny_sbox_nor_d4_lat6.v:2982$812'.
  created $dff cell `$procdff$1411' with positive edge clock.
Creating register for signal `\sbox.\temp_hpc2_v_4_order8_HPC23' using process `\sbox.$proc$/home/nilotpola/Downloads/TETRIS-artefact/src/MaskedHLS_LP/src/skinny_sbox_nor_d4_lat6.v:2982$812'.
  created $dff cell `$procdff$1412' with positive edge clock.
Creating register for signal `\sbox.\nt0_2_reg' using process `\sbox.$proc$/home/nilotpola/Downloads/TETRIS-artefact/src/MaskedHLS_LP/src/skinny_sbox_nor_d4_lat6.v:2982$812'.
  created $dff cell `$procdff$1413' with positive edge clock.
Creating register for signal `\sbox.\v20_HPC23' using process `\sbox.$proc$/home/nilotpola/Downloads/TETRIS-artefact/src/MaskedHLS_LP/src/skinny_sbox_nor_d4_lat6.v:2982$812'.
  created $dff cell `$procdff$1414' with positive edge clock.
Creating register for signal `\sbox.\w20_HPC23' using process `\sbox.$proc$/home/nilotpola/Downloads/TETRIS-artefact/src/MaskedHLS_LP/src/skinny_sbox_nor_d4_lat6.v:2982$812'.
  created $dff cell `$procdff$1415' with positive edge clock.
Creating register for signal `\sbox.\w20_HPC23_reg' using process `\sbox.$proc$/home/nilotpola/Downloads/TETRIS-artefact/src/MaskedHLS_LP/src/skinny_sbox_nor_d4_lat6.v:2982$812'.
  created $dff cell `$procdff$1416' with positive edge clock.
Creating register for signal `\sbox.\temp_hpc2_v_4_order9_HPC23' using process `\sbox.$proc$/home/nilotpola/Downloads/TETRIS-artefact/src/MaskedHLS_LP/src/skinny_sbox_nor_d4_lat6.v:2982$812'.
  created $dff cell `$procdff$1417' with positive edge clock.
Creating register for signal `\sbox.\v21_HPC23' using process `\sbox.$proc$/home/nilotpola/Downloads/TETRIS-artefact/src/MaskedHLS_LP/src/skinny_sbox_nor_d4_lat6.v:2982$812'.
  created $dff cell `$procdff$1418' with positive edge clock.
Creating register for signal `\sbox.\w21_HPC23' using process `\sbox.$proc$/home/nilotpola/Downloads/TETRIS-artefact/src/MaskedHLS_LP/src/skinny_sbox_nor_d4_lat6.v:2982$812'.
  created $dff cell `$procdff$1419' with positive edge clock.
Creating register for signal `\sbox.\w21_HPC23_reg' using process `\sbox.$proc$/home/nilotpola/Downloads/TETRIS-artefact/src/MaskedHLS_LP/src/skinny_sbox_nor_d4_lat6.v:2982$812'.
  created $dff cell `$procdff$1420' with positive edge clock.
Creating register for signal `\sbox.\temp_hpc2_v_4_order10_HPC23' using process `\sbox.$proc$/home/nilotpola/Downloads/TETRIS-artefact/src/MaskedHLS_LP/src/skinny_sbox_nor_d4_lat6.v:2982$812'.
  created $dff cell `$procdff$1421' with positive edge clock.
Creating register for signal `\sbox.\v23_HPC23' using process `\sbox.$proc$/home/nilotpola/Downloads/TETRIS-artefact/src/MaskedHLS_LP/src/skinny_sbox_nor_d4_lat6.v:2982$812'.
  created $dff cell `$procdff$1422' with positive edge clock.
Creating register for signal `\sbox.\w23_HPC23' using process `\sbox.$proc$/home/nilotpola/Downloads/TETRIS-artefact/src/MaskedHLS_LP/src/skinny_sbox_nor_d4_lat6.v:2982$812'.
  created $dff cell `$procdff$1423' with positive edge clock.
Creating register for signal `\sbox.\w23_HPC23_reg' using process `\sbox.$proc$/home/nilotpola/Downloads/TETRIS-artefact/src/MaskedHLS_LP/src/skinny_sbox_nor_d4_lat6.v:2982$812'.
  created $dff cell `$procdff$1424' with positive edge clock.
Creating register for signal `\sbox.\temp_hpc2_v_4_order11_HPC23' using process `\sbox.$proc$/home/nilotpola/Downloads/TETRIS-artefact/src/MaskedHLS_LP/src/skinny_sbox_nor_d4_lat6.v:2982$812'.
  created $dff cell `$procdff$1425' with positive edge clock.
Creating register for signal `\sbox.\v24_HPC23' using process `\sbox.$proc$/home/nilotpola/Downloads/TETRIS-artefact/src/MaskedHLS_LP/src/skinny_sbox_nor_d4_lat6.v:2982$812'.
  created $dff cell `$procdff$1426' with positive edge clock.
Creating register for signal `\sbox.\w24_HPC23' using process `\sbox.$proc$/home/nilotpola/Downloads/TETRIS-artefact/src/MaskedHLS_LP/src/skinny_sbox_nor_d4_lat6.v:2982$812'.
  created $dff cell `$procdff$1427' with positive edge clock.
Creating register for signal `\sbox.\w24_HPC23_reg' using process `\sbox.$proc$/home/nilotpola/Downloads/TETRIS-artefact/src/MaskedHLS_LP/src/skinny_sbox_nor_d4_lat6.v:2982$812'.
  created $dff cell `$procdff$1428' with positive edge clock.
Creating register for signal `\sbox.\temp_hpc2_v_4_order12_HPC23' using process `\sbox.$proc$/home/nilotpola/Downloads/TETRIS-artefact/src/MaskedHLS_LP/src/skinny_sbox_nor_d4_lat6.v:2982$812'.
  created $dff cell `$procdff$1429' with positive edge clock.
Creating register for signal `\sbox.\nt0_3_reg' using process `\sbox.$proc$/home/nilotpola/Downloads/TETRIS-artefact/src/MaskedHLS_LP/src/skinny_sbox_nor_d4_lat6.v:2982$812'.
  created $dff cell `$procdff$1430' with positive edge clock.
Creating register for signal `\sbox.\v30_HPC23' using process `\sbox.$proc$/home/nilotpola/Downloads/TETRIS-artefact/src/MaskedHLS_LP/src/skinny_sbox_nor_d4_lat6.v:2982$812'.
  created $dff cell `$procdff$1431' with positive edge clock.
Creating register for signal `\sbox.\w30_HPC23' using process `\sbox.$proc$/home/nilotpola/Downloads/TETRIS-artefact/src/MaskedHLS_LP/src/skinny_sbox_nor_d4_lat6.v:2982$812'.
  created $dff cell `$procdff$1432' with positive edge clock.
Creating register for signal `\sbox.\w30_HPC23_reg' using process `\sbox.$proc$/home/nilotpola/Downloads/TETRIS-artefact/src/MaskedHLS_LP/src/skinny_sbox_nor_d4_lat6.v:2982$812'.
  created $dff cell `$procdff$1433' with positive edge clock.
Creating register for signal `\sbox.\temp_hpc2_v_4_order13_HPC23' using process `\sbox.$proc$/home/nilotpola/Downloads/TETRIS-artefact/src/MaskedHLS_LP/src/skinny_sbox_nor_d4_lat6.v:2982$812'.
  created $dff cell `$procdff$1434' with positive edge clock.
Creating register for signal `\sbox.\v31_HPC23' using process `\sbox.$proc$/home/nilotpola/Downloads/TETRIS-artefact/src/MaskedHLS_LP/src/skinny_sbox_nor_d4_lat6.v:2982$812'.
  created $dff cell `$procdff$1435' with positive edge clock.
Creating register for signal `\sbox.\w31_HPC23' using process `\sbox.$proc$/home/nilotpola/Downloads/TETRIS-artefact/src/MaskedHLS_LP/src/skinny_sbox_nor_d4_lat6.v:2982$812'.
  created $dff cell `$procdff$1436' with positive edge clock.
Creating register for signal `\sbox.\w31_HPC23_reg' using process `\sbox.$proc$/home/nilotpola/Downloads/TETRIS-artefact/src/MaskedHLS_LP/src/skinny_sbox_nor_d4_lat6.v:2982$812'.
  created $dff cell `$procdff$1437' with positive edge clock.
Creating register for signal `\sbox.\temp_hpc2_v_4_order14_HPC23' using process `\sbox.$proc$/home/nilotpola/Downloads/TETRIS-artefact/src/MaskedHLS_LP/src/skinny_sbox_nor_d4_lat6.v:2982$812'.
  created $dff cell `$procdff$1438' with positive edge clock.
Creating register for signal `\sbox.\v32_HPC23' using process `\sbox.$proc$/home/nilotpola/Downloads/TETRIS-artefact/src/MaskedHLS_LP/src/skinny_sbox_nor_d4_lat6.v:2982$812'.
  created $dff cell `$procdff$1439' with positive edge clock.
Creating register for signal `\sbox.\w32_HPC23' using process `\sbox.$proc$/home/nilotpola/Downloads/TETRIS-artefact/src/MaskedHLS_LP/src/skinny_sbox_nor_d4_lat6.v:2982$812'.
  created $dff cell `$procdff$1440' with positive edge clock.
Creating register for signal `\sbox.\w32_HPC23_reg' using process `\sbox.$proc$/home/nilotpola/Downloads/TETRIS-artefact/src/MaskedHLS_LP/src/skinny_sbox_nor_d4_lat6.v:2982$812'.
  created $dff cell `$procdff$1441' with positive edge clock.
Creating register for signal `\sbox.\temp_hpc2_v_4_order15_HPC23' using process `\sbox.$proc$/home/nilotpola/Downloads/TETRIS-artefact/src/MaskedHLS_LP/src/skinny_sbox_nor_d4_lat6.v:2982$812'.
  created $dff cell `$procdff$1442' with positive edge clock.
Creating register for signal `\sbox.\v34_HPC23' using process `\sbox.$proc$/home/nilotpola/Downloads/TETRIS-artefact/src/MaskedHLS_LP/src/skinny_sbox_nor_d4_lat6.v:2982$812'.
  created $dff cell `$procdff$1443' with positive edge clock.
Creating register for signal `\sbox.\w34_HPC23' using process `\sbox.$proc$/home/nilotpola/Downloads/TETRIS-artefact/src/MaskedHLS_LP/src/skinny_sbox_nor_d4_lat6.v:2982$812'.
  created $dff cell `$procdff$1444' with positive edge clock.
Creating register for signal `\sbox.\w34_HPC23_reg' using process `\sbox.$proc$/home/nilotpola/Downloads/TETRIS-artefact/src/MaskedHLS_LP/src/skinny_sbox_nor_d4_lat6.v:2982$812'.
  created $dff cell `$procdff$1445' with positive edge clock.
Creating register for signal `\sbox.\temp_hpc2_v_4_order16_HPC23' using process `\sbox.$proc$/home/nilotpola/Downloads/TETRIS-artefact/src/MaskedHLS_LP/src/skinny_sbox_nor_d4_lat6.v:2982$812'.
  created $dff cell `$procdff$1446' with positive edge clock.
Creating register for signal `\sbox.\nt0_4_reg' using process `\sbox.$proc$/home/nilotpola/Downloads/TETRIS-artefact/src/MaskedHLS_LP/src/skinny_sbox_nor_d4_lat6.v:2982$812'.
  created $dff cell `$procdff$1447' with positive edge clock.
Creating register for signal `\sbox.\v40_HPC23' using process `\sbox.$proc$/home/nilotpola/Downloads/TETRIS-artefact/src/MaskedHLS_LP/src/skinny_sbox_nor_d4_lat6.v:2982$812'.
  created $dff cell `$procdff$1448' with positive edge clock.
Creating register for signal `\sbox.\w40_HPC23' using process `\sbox.$proc$/home/nilotpola/Downloads/TETRIS-artefact/src/MaskedHLS_LP/src/skinny_sbox_nor_d4_lat6.v:2982$812'.
  created $dff cell `$procdff$1449' with positive edge clock.
Creating register for signal `\sbox.\w40_HPC23_reg' using process `\sbox.$proc$/home/nilotpola/Downloads/TETRIS-artefact/src/MaskedHLS_LP/src/skinny_sbox_nor_d4_lat6.v:2982$812'.
  created $dff cell `$procdff$1450' with positive edge clock.
Creating register for signal `\sbox.\temp_hpc2_v_4_order17_HPC23' using process `\sbox.$proc$/home/nilotpola/Downloads/TETRIS-artefact/src/MaskedHLS_LP/src/skinny_sbox_nor_d4_lat6.v:2982$812'.
  created $dff cell `$procdff$1451' with positive edge clock.
Creating register for signal `\sbox.\v41_HPC23' using process `\sbox.$proc$/home/nilotpola/Downloads/TETRIS-artefact/src/MaskedHLS_LP/src/skinny_sbox_nor_d4_lat6.v:2982$812'.
  created $dff cell `$procdff$1452' with positive edge clock.
Creating register for signal `\sbox.\w41_HPC23' using process `\sbox.$proc$/home/nilotpola/Downloads/TETRIS-artefact/src/MaskedHLS_LP/src/skinny_sbox_nor_d4_lat6.v:2982$812'.
  created $dff cell `$procdff$1453' with positive edge clock.
Creating register for signal `\sbox.\w41_HPC23_reg' using process `\sbox.$proc$/home/nilotpola/Downloads/TETRIS-artefact/src/MaskedHLS_LP/src/skinny_sbox_nor_d4_lat6.v:2982$812'.
  created $dff cell `$procdff$1454' with positive edge clock.
Creating register for signal `\sbox.\temp_hpc2_v_4_order18_HPC23' using process `\sbox.$proc$/home/nilotpola/Downloads/TETRIS-artefact/src/MaskedHLS_LP/src/skinny_sbox_nor_d4_lat6.v:2982$812'.
  created $dff cell `$procdff$1455' with positive edge clock.
Creating register for signal `\sbox.\v42_HPC23' using process `\sbox.$proc$/home/nilotpola/Downloads/TETRIS-artefact/src/MaskedHLS_LP/src/skinny_sbox_nor_d4_lat6.v:2982$812'.
  created $dff cell `$procdff$1456' with positive edge clock.
Creating register for signal `\sbox.\w42_HPC23' using process `\sbox.$proc$/home/nilotpola/Downloads/TETRIS-artefact/src/MaskedHLS_LP/src/skinny_sbox_nor_d4_lat6.v:2982$812'.
  created $dff cell `$procdff$1457' with positive edge clock.
Creating register for signal `\sbox.\w42_HPC23_reg' using process `\sbox.$proc$/home/nilotpola/Downloads/TETRIS-artefact/src/MaskedHLS_LP/src/skinny_sbox_nor_d4_lat6.v:2982$812'.
  created $dff cell `$procdff$1458' with positive edge clock.
Creating register for signal `\sbox.\temp_hpc2_v_4_order19_HPC23' using process `\sbox.$proc$/home/nilotpola/Downloads/TETRIS-artefact/src/MaskedHLS_LP/src/skinny_sbox_nor_d4_lat6.v:2982$812'.
  created $dff cell `$procdff$1459' with positive edge clock.
Creating register for signal `\sbox.\v43_HPC23' using process `\sbox.$proc$/home/nilotpola/Downloads/TETRIS-artefact/src/MaskedHLS_LP/src/skinny_sbox_nor_d4_lat6.v:2982$812'.
  created $dff cell `$procdff$1460' with positive edge clock.
Creating register for signal `\sbox.\w43_HPC23' using process `\sbox.$proc$/home/nilotpola/Downloads/TETRIS-artefact/src/MaskedHLS_LP/src/skinny_sbox_nor_d4_lat6.v:2982$812'.
  created $dff cell `$procdff$1461' with positive edge clock.
Creating register for signal `\sbox.\w43_HPC23_reg' using process `\sbox.$proc$/home/nilotpola/Downloads/TETRIS-artefact/src/MaskedHLS_LP/src/skinny_sbox_nor_d4_lat6.v:2982$812'.
  created $dff cell `$procdff$1462' with positive edge clock.
Creating register for signal `\sbox.\z4221_assgn42210' using process `\sbox.$proc$/home/nilotpola/Downloads/TETRIS-artefact/src/MaskedHLS_LP/src/skinny_sbox_nor_d4_lat6.v:2982$812'.
  created $dff cell `$procdff$1463' with positive edge clock.
Creating register for signal `\sbox.\z1442_assgn1442' using process `\sbox.$proc$/home/nilotpola/Downloads/TETRIS-artefact/src/MaskedHLS_LP/src/skinny_sbox_nor_d4_lat6.v:2982$812'.
  created $dff cell `$procdff$1464' with positive edge clock.
Creating register for signal `\sbox.\z4231_assgn42310' using process `\sbox.$proc$/home/nilotpola/Downloads/TETRIS-artefact/src/MaskedHLS_LP/src/skinny_sbox_nor_d4_lat6.v:2982$812'.
  created $dff cell `$procdff$1465' with positive edge clock.
Creating register for signal `\sbox.\z1449_assgn1449' using process `\sbox.$proc$/home/nilotpola/Downloads/TETRIS-artefact/src/MaskedHLS_LP/src/skinny_sbox_nor_d4_lat6.v:2982$812'.
  created $dff cell `$procdff$1466' with positive edge clock.
Creating register for signal `\sbox.\z4243_assgn42430' using process `\sbox.$proc$/home/nilotpola/Downloads/TETRIS-artefact/src/MaskedHLS_LP/src/skinny_sbox_nor_d4_lat6.v:2982$812'.
  created $dff cell `$procdff$1467' with positive edge clock.
Creating register for signal `\sbox.\z1459_assgn1459' using process `\sbox.$proc$/home/nilotpola/Downloads/TETRIS-artefact/src/MaskedHLS_LP/src/skinny_sbox_nor_d4_lat6.v:2982$812'.
  created $dff cell `$procdff$1468' with positive edge clock.
Creating register for signal `\sbox.\z4255_assgn42550' using process `\sbox.$proc$/home/nilotpola/Downloads/TETRIS-artefact/src/MaskedHLS_LP/src/skinny_sbox_nor_d4_lat6.v:2982$812'.
  created $dff cell `$procdff$1469' with positive edge clock.
Creating register for signal `\sbox.\z1469_assgn1469' using process `\sbox.$proc$/home/nilotpola/Downloads/TETRIS-artefact/src/MaskedHLS_LP/src/skinny_sbox_nor_d4_lat6.v:2982$812'.
  created $dff cell `$procdff$1470' with positive edge clock.
Creating register for signal `\sbox.\z4267_assgn42670' using process `\sbox.$proc$/home/nilotpola/Downloads/TETRIS-artefact/src/MaskedHLS_LP/src/skinny_sbox_nor_d4_lat6.v:2982$812'.
  created $dff cell `$procdff$1471' with positive edge clock.
Creating register for signal `\sbox.\z1479_assgn1479' using process `\sbox.$proc$/home/nilotpola/Downloads/TETRIS-artefact/src/MaskedHLS_LP/src/skinny_sbox_nor_d4_lat6.v:2982$812'.
  created $dff cell `$procdff$1472' with positive edge clock.
Creating register for signal `\sbox.\z4271_assgn42710' using process `\sbox.$proc$/home/nilotpola/Downloads/TETRIS-artefact/src/MaskedHLS_LP/src/skinny_sbox_nor_d4_lat6.v:2982$812'.
  created $dff cell `$procdff$1473' with positive edge clock.
Creating register for signal `\sbox.\z1481_assgn1481' using process `\sbox.$proc$/home/nilotpola/Downloads/TETRIS-artefact/src/MaskedHLS_LP/src/skinny_sbox_nor_d4_lat6.v:2982$812'.
  created $dff cell `$procdff$1474' with positive edge clock.
Creating register for signal `\sbox.\temp_hpc2_v_4_order0_HPC24' using process `\sbox.$proc$/home/nilotpola/Downloads/TETRIS-artefact/src/MaskedHLS_LP/src/skinny_sbox_nor_d4_lat6.v:2982$812'.
  created $dff cell `$procdff$1475' with positive edge clock.
Creating register for signal `\sbox.\temp_hpc2_v_4_order0_HPC24_reg' using process `\sbox.$proc$/home/nilotpola/Downloads/TETRIS-artefact/src/MaskedHLS_LP/src/skinny_sbox_nor_d4_lat6.v:2982$812'.
  created $dff cell `$procdff$1476' with positive edge clock.
Creating register for signal `\sbox.\v01_HPC24' using process `\sbox.$proc$/home/nilotpola/Downloads/TETRIS-artefact/src/MaskedHLS_LP/src/skinny_sbox_nor_d4_lat6.v:2982$812'.
  created $dff cell `$procdff$1477' with positive edge clock.
Creating register for signal `\sbox.\w01_HPC24' using process `\sbox.$proc$/home/nilotpola/Downloads/TETRIS-artefact/src/MaskedHLS_LP/src/skinny_sbox_nor_d4_lat6.v:2982$812'.
  created $dff cell `$procdff$1478' with positive edge clock.
Creating register for signal `\sbox.\temp_hpc2_v_4_order1_HPC24' using process `\sbox.$proc$/home/nilotpola/Downloads/TETRIS-artefact/src/MaskedHLS_LP/src/skinny_sbox_nor_d4_lat6.v:2982$812'.
  created $dff cell `$procdff$1479' with positive edge clock.
Creating register for signal `\sbox.\temp_hpc2_v_4_order1_HPC24_reg' using process `\sbox.$proc$/home/nilotpola/Downloads/TETRIS-artefact/src/MaskedHLS_LP/src/skinny_sbox_nor_d4_lat6.v:2982$812'.
  created $dff cell `$procdff$1480' with positive edge clock.
Creating register for signal `\sbox.\v02_HPC24' using process `\sbox.$proc$/home/nilotpola/Downloads/TETRIS-artefact/src/MaskedHLS_LP/src/skinny_sbox_nor_d4_lat6.v:2982$812'.
  created $dff cell `$procdff$1481' with positive edge clock.
Creating register for signal `\sbox.\w02_HPC24' using process `\sbox.$proc$/home/nilotpola/Downloads/TETRIS-artefact/src/MaskedHLS_LP/src/skinny_sbox_nor_d4_lat6.v:2982$812'.
  created $dff cell `$procdff$1482' with positive edge clock.
Creating register for signal `\sbox.\temp_hpc2_v_4_order2_HPC24' using process `\sbox.$proc$/home/nilotpola/Downloads/TETRIS-artefact/src/MaskedHLS_LP/src/skinny_sbox_nor_d4_lat6.v:2982$812'.
  created $dff cell `$procdff$1483' with positive edge clock.
Creating register for signal `\sbox.\temp_hpc2_v_4_order2_HPC24_reg' using process `\sbox.$proc$/home/nilotpola/Downloads/TETRIS-artefact/src/MaskedHLS_LP/src/skinny_sbox_nor_d4_lat6.v:2982$812'.
  created $dff cell `$procdff$1484' with positive edge clock.
Creating register for signal `\sbox.\v03_HPC24' using process `\sbox.$proc$/home/nilotpola/Downloads/TETRIS-artefact/src/MaskedHLS_LP/src/skinny_sbox_nor_d4_lat6.v:2982$812'.
  created $dff cell `$procdff$1485' with positive edge clock.
Creating register for signal `\sbox.\w03_HPC24' using process `\sbox.$proc$/home/nilotpola/Downloads/TETRIS-artefact/src/MaskedHLS_LP/src/skinny_sbox_nor_d4_lat6.v:2982$812'.
  created $dff cell `$procdff$1486' with positive edge clock.
Creating register for signal `\sbox.\temp_hpc2_v_4_order3_HPC24' using process `\sbox.$proc$/home/nilotpola/Downloads/TETRIS-artefact/src/MaskedHLS_LP/src/skinny_sbox_nor_d4_lat6.v:2982$812'.
  created $dff cell `$procdff$1487' with positive edge clock.
Creating register for signal `\sbox.\temp_hpc2_v_4_order3_HPC24_reg' using process `\sbox.$proc$/home/nilotpola/Downloads/TETRIS-artefact/src/MaskedHLS_LP/src/skinny_sbox_nor_d4_lat6.v:2982$812'.
  created $dff cell `$procdff$1488' with positive edge clock.
Creating register for signal `\sbox.\v04_HPC24' using process `\sbox.$proc$/home/nilotpola/Downloads/TETRIS-artefact/src/MaskedHLS_LP/src/skinny_sbox_nor_d4_lat6.v:2982$812'.
  created $dff cell `$procdff$1489' with positive edge clock.
Creating register for signal `\sbox.\w04_HPC24' using process `\sbox.$proc$/home/nilotpola/Downloads/TETRIS-artefact/src/MaskedHLS_LP/src/skinny_sbox_nor_d4_lat6.v:2982$812'.
  created $dff cell `$procdff$1490' with positive edge clock.
Creating register for signal `\sbox.\temp_hpc2_v_4_order4_HPC24' using process `\sbox.$proc$/home/nilotpola/Downloads/TETRIS-artefact/src/MaskedHLS_LP/src/skinny_sbox_nor_d4_lat6.v:2982$812'.
  created $dff cell `$procdff$1491' with positive edge clock.
Creating register for signal `\sbox.\temp_hpc2_v_4_order4_HPC24_reg' using process `\sbox.$proc$/home/nilotpola/Downloads/TETRIS-artefact/src/MaskedHLS_LP/src/skinny_sbox_nor_d4_lat6.v:2982$812'.
  created $dff cell `$procdff$1492' with positive edge clock.
Creating register for signal `\sbox.\v10_HPC24' using process `\sbox.$proc$/home/nilotpola/Downloads/TETRIS-artefact/src/MaskedHLS_LP/src/skinny_sbox_nor_d4_lat6.v:2982$812'.
  created $dff cell `$procdff$1493' with positive edge clock.
Creating register for signal `\sbox.\w10_HPC24' using process `\sbox.$proc$/home/nilotpola/Downloads/TETRIS-artefact/src/MaskedHLS_LP/src/skinny_sbox_nor_d4_lat6.v:2982$812'.
  created $dff cell `$procdff$1494' with positive edge clock.
Creating register for signal `\sbox.\z4335_assgn43350' using process `\sbox.$proc$/home/nilotpola/Downloads/TETRIS-artefact/src/MaskedHLS_LP/src/skinny_sbox_nor_d4_lat6.v:2982$812'.
  created $dff cell `$procdff$1495' with positive edge clock.
Creating register for signal `\sbox.\z1543_assgn1543' using process `\sbox.$proc$/home/nilotpola/Downloads/TETRIS-artefact/src/MaskedHLS_LP/src/skinny_sbox_nor_d4_lat6.v:2982$812'.
  created $dff cell `$procdff$1496' with positive edge clock.
Creating register for signal `\sbox.\temp_hpc2_v_4_order5_HPC24' using process `\sbox.$proc$/home/nilotpola/Downloads/TETRIS-artefact/src/MaskedHLS_LP/src/skinny_sbox_nor_d4_lat6.v:2982$812'.
  created $dff cell `$procdff$1497' with positive edge clock.
Creating register for signal `\sbox.\temp_hpc2_v_4_order5_HPC24_reg' using process `\sbox.$proc$/home/nilotpola/Downloads/TETRIS-artefact/src/MaskedHLS_LP/src/skinny_sbox_nor_d4_lat6.v:2982$812'.
  created $dff cell `$procdff$1498' with positive edge clock.
Creating register for signal `\sbox.\v12_HPC24' using process `\sbox.$proc$/home/nilotpola/Downloads/TETRIS-artefact/src/MaskedHLS_LP/src/skinny_sbox_nor_d4_lat6.v:2982$812'.
  created $dff cell `$procdff$1499' with positive edge clock.
Creating register for signal `\sbox.\w12_HPC24' using process `\sbox.$proc$/home/nilotpola/Downloads/TETRIS-artefact/src/MaskedHLS_LP/src/skinny_sbox_nor_d4_lat6.v:2982$812'.
  created $dff cell `$procdff$1500' with positive edge clock.
Creating register for signal `\sbox.\temp_hpc2_v_4_order6_HPC24' using process `\sbox.$proc$/home/nilotpola/Downloads/TETRIS-artefact/src/MaskedHLS_LP/src/skinny_sbox_nor_d4_lat6.v:2982$812'.
  created $dff cell `$procdff$1501' with positive edge clock.
Creating register for signal `\sbox.\temp_hpc2_v_4_order6_HPC24_reg' using process `\sbox.$proc$/home/nilotpola/Downloads/TETRIS-artefact/src/MaskedHLS_LP/src/skinny_sbox_nor_d4_lat6.v:2982$812'.
  created $dff cell `$procdff$1502' with positive edge clock.
Creating register for signal `\sbox.\v13_HPC24' using process `\sbox.$proc$/home/nilotpola/Downloads/TETRIS-artefact/src/MaskedHLS_LP/src/skinny_sbox_nor_d4_lat6.v:2982$812'.
  created $dff cell `$procdff$1503' with positive edge clock.
Creating register for signal `\sbox.\w13_HPC24' using process `\sbox.$proc$/home/nilotpola/Downloads/TETRIS-artefact/src/MaskedHLS_LP/src/skinny_sbox_nor_d4_lat6.v:2982$812'.
  created $dff cell `$procdff$1504' with positive edge clock.
Creating register for signal `\sbox.\temp_hpc2_v_4_order7_HPC24' using process `\sbox.$proc$/home/nilotpola/Downloads/TETRIS-artefact/src/MaskedHLS_LP/src/skinny_sbox_nor_d4_lat6.v:2982$812'.
  created $dff cell `$procdff$1505' with positive edge clock.
Creating register for signal `\sbox.\temp_hpc2_v_4_order7_HPC24_reg' using process `\sbox.$proc$/home/nilotpola/Downloads/TETRIS-artefact/src/MaskedHLS_LP/src/skinny_sbox_nor_d4_lat6.v:2982$812'.
  created $dff cell `$procdff$1506' with positive edge clock.
Creating register for signal `\sbox.\v14_HPC24' using process `\sbox.$proc$/home/nilotpola/Downloads/TETRIS-artefact/src/MaskedHLS_LP/src/skinny_sbox_nor_d4_lat6.v:2982$812'.
  created $dff cell `$procdff$1507' with positive edge clock.
Creating register for signal `\sbox.\w14_HPC24' using process `\sbox.$proc$/home/nilotpola/Downloads/TETRIS-artefact/src/MaskedHLS_LP/src/skinny_sbox_nor_d4_lat6.v:2982$812'.
  created $dff cell `$procdff$1508' with positive edge clock.
Creating register for signal `\sbox.\temp_hpc2_v_4_order8_HPC24' using process `\sbox.$proc$/home/nilotpola/Downloads/TETRIS-artefact/src/MaskedHLS_LP/src/skinny_sbox_nor_d4_lat6.v:2982$812'.
  created $dff cell `$procdff$1509' with positive edge clock.
Creating register for signal `\sbox.\temp_hpc2_v_4_order8_HPC24_reg' using process `\sbox.$proc$/home/nilotpola/Downloads/TETRIS-artefact/src/MaskedHLS_LP/src/skinny_sbox_nor_d4_lat6.v:2982$812'.
  created $dff cell `$procdff$1510' with positive edge clock.
Creating register for signal `\sbox.\v20_HPC24' using process `\sbox.$proc$/home/nilotpola/Downloads/TETRIS-artefact/src/MaskedHLS_LP/src/skinny_sbox_nor_d4_lat6.v:2982$812'.
  created $dff cell `$procdff$1511' with positive edge clock.
Creating register for signal `\sbox.\w20_HPC24' using process `\sbox.$proc$/home/nilotpola/Downloads/TETRIS-artefact/src/MaskedHLS_LP/src/skinny_sbox_nor_d4_lat6.v:2982$812'.
  created $dff cell `$procdff$1512' with positive edge clock.
Creating register for signal `\sbox.\temp_hpc2_v_4_order9_HPC24' using process `\sbox.$proc$/home/nilotpola/Downloads/TETRIS-artefact/src/MaskedHLS_LP/src/skinny_sbox_nor_d4_lat6.v:2982$812'.
  created $dff cell `$procdff$1513' with positive edge clock.
Creating register for signal `\sbox.\temp_hpc2_v_4_order9_HPC24_reg' using process `\sbox.$proc$/home/nilotpola/Downloads/TETRIS-artefact/src/MaskedHLS_LP/src/skinny_sbox_nor_d4_lat6.v:2982$812'.
  created $dff cell `$procdff$1514' with positive edge clock.
Creating register for signal `\sbox.\v21_HPC24' using process `\sbox.$proc$/home/nilotpola/Downloads/TETRIS-artefact/src/MaskedHLS_LP/src/skinny_sbox_nor_d4_lat6.v:2982$812'.
  created $dff cell `$procdff$1515' with positive edge clock.
Creating register for signal `\sbox.\w21_HPC24' using process `\sbox.$proc$/home/nilotpola/Downloads/TETRIS-artefact/src/MaskedHLS_LP/src/skinny_sbox_nor_d4_lat6.v:2982$812'.
  created $dff cell `$procdff$1516' with positive edge clock.
Creating register for signal `\sbox.\z4399_assgn43990' using process `\sbox.$proc$/home/nilotpola/Downloads/TETRIS-artefact/src/MaskedHLS_LP/src/skinny_sbox_nor_d4_lat6.v:2982$812'.
  created $dff cell `$procdff$1517' with positive edge clock.
Creating register for signal `\sbox.\z1605_assgn1605' using process `\sbox.$proc$/home/nilotpola/Downloads/TETRIS-artefact/src/MaskedHLS_LP/src/skinny_sbox_nor_d4_lat6.v:2982$812'.
  created $dff cell `$procdff$1518' with positive edge clock.
Creating register for signal `\sbox.\temp_hpc2_v_4_order10_HPC24' using process `\sbox.$proc$/home/nilotpola/Downloads/TETRIS-artefact/src/MaskedHLS_LP/src/skinny_sbox_nor_d4_lat6.v:2982$812'.
  created $dff cell `$procdff$1519' with positive edge clock.
Creating register for signal `\sbox.\temp_hpc2_v_4_order10_HPC24_reg' using process `\sbox.$proc$/home/nilotpola/Downloads/TETRIS-artefact/src/MaskedHLS_LP/src/skinny_sbox_nor_d4_lat6.v:2982$812'.
  created $dff cell `$procdff$1520' with positive edge clock.
Creating register for signal `\sbox.\v23_HPC24' using process `\sbox.$proc$/home/nilotpola/Downloads/TETRIS-artefact/src/MaskedHLS_LP/src/skinny_sbox_nor_d4_lat6.v:2982$812'.
  created $dff cell `$procdff$1521' with positive edge clock.
Creating register for signal `\sbox.\w23_HPC24' using process `\sbox.$proc$/home/nilotpola/Downloads/TETRIS-artefact/src/MaskedHLS_LP/src/skinny_sbox_nor_d4_lat6.v:2982$812'.
  created $dff cell `$procdff$1522' with positive edge clock.
Creating register for signal `\sbox.\temp_hpc2_v_4_order11_HPC24' using process `\sbox.$proc$/home/nilotpola/Downloads/TETRIS-artefact/src/MaskedHLS_LP/src/skinny_sbox_nor_d4_lat6.v:2982$812'.
  created $dff cell `$procdff$1523' with positive edge clock.
Creating register for signal `\sbox.\temp_hpc2_v_4_order11_HPC24_reg' using process `\sbox.$proc$/home/nilotpola/Downloads/TETRIS-artefact/src/MaskedHLS_LP/src/skinny_sbox_nor_d4_lat6.v:2982$812'.
  created $dff cell `$procdff$1524' with positive edge clock.
Creating register for signal `\sbox.\v24_HPC24' using process `\sbox.$proc$/home/nilotpola/Downloads/TETRIS-artefact/src/MaskedHLS_LP/src/skinny_sbox_nor_d4_lat6.v:2982$812'.
  created $dff cell `$procdff$1525' with positive edge clock.
Creating register for signal `\sbox.\w24_HPC24' using process `\sbox.$proc$/home/nilotpola/Downloads/TETRIS-artefact/src/MaskedHLS_LP/src/skinny_sbox_nor_d4_lat6.v:2982$812'.
  created $dff cell `$procdff$1526' with positive edge clock.
Creating register for signal `\sbox.\temp_hpc2_v_4_order12_HPC24' using process `\sbox.$proc$/home/nilotpola/Downloads/TETRIS-artefact/src/MaskedHLS_LP/src/skinny_sbox_nor_d4_lat6.v:2982$812'.
  created $dff cell `$procdff$1527' with positive edge clock.
Creating register for signal `\sbox.\temp_hpc2_v_4_order12_HPC24_reg' using process `\sbox.$proc$/home/nilotpola/Downloads/TETRIS-artefact/src/MaskedHLS_LP/src/skinny_sbox_nor_d4_lat6.v:2982$812'.
  created $dff cell `$procdff$1528' with positive edge clock.
Creating register for signal `\sbox.\v30_HPC24' using process `\sbox.$proc$/home/nilotpola/Downloads/TETRIS-artefact/src/MaskedHLS_LP/src/skinny_sbox_nor_d4_lat6.v:2982$812'.
  created $dff cell `$procdff$1529' with positive edge clock.
Creating register for signal `\sbox.\w30_HPC24' using process `\sbox.$proc$/home/nilotpola/Downloads/TETRIS-artefact/src/MaskedHLS_LP/src/skinny_sbox_nor_d4_lat6.v:2982$812'.
  created $dff cell `$procdff$1530' with positive edge clock.
Creating register for signal `\sbox.\temp_hpc2_v_4_order13_HPC24' using process `\sbox.$proc$/home/nilotpola/Downloads/TETRIS-artefact/src/MaskedHLS_LP/src/skinny_sbox_nor_d4_lat6.v:2982$812'.
  created $dff cell `$procdff$1531' with positive edge clock.
Creating register for signal `\sbox.\temp_hpc2_v_4_order13_HPC24_reg' using process `\sbox.$proc$/home/nilotpola/Downloads/TETRIS-artefact/src/MaskedHLS_LP/src/skinny_sbox_nor_d4_lat6.v:2982$812'.
  created $dff cell `$procdff$1532' with positive edge clock.
Creating register for signal `\sbox.\v31_HPC24' using process `\sbox.$proc$/home/nilotpola/Downloads/TETRIS-artefact/src/MaskedHLS_LP/src/skinny_sbox_nor_d4_lat6.v:2982$812'.
  created $dff cell `$procdff$1533' with positive edge clock.
Creating register for signal `\sbox.\w31_HPC24' using process `\sbox.$proc$/home/nilotpola/Downloads/TETRIS-artefact/src/MaskedHLS_LP/src/skinny_sbox_nor_d4_lat6.v:2982$812'.
  created $dff cell `$procdff$1534' with positive edge clock.
Creating register for signal `\sbox.\temp_hpc2_v_4_order14_HPC24' using process `\sbox.$proc$/home/nilotpola/Downloads/TETRIS-artefact/src/MaskedHLS_LP/src/skinny_sbox_nor_d4_lat6.v:2982$812'.
  created $dff cell `$procdff$1535' with positive edge clock.
Creating register for signal `\sbox.\temp_hpc2_v_4_order14_HPC24_reg' using process `\sbox.$proc$/home/nilotpola/Downloads/TETRIS-artefact/src/MaskedHLS_LP/src/skinny_sbox_nor_d4_lat6.v:2982$812'.
  created $dff cell `$procdff$1536' with positive edge clock.
Creating register for signal `\sbox.\v32_HPC24' using process `\sbox.$proc$/home/nilotpola/Downloads/TETRIS-artefact/src/MaskedHLS_LP/src/skinny_sbox_nor_d4_lat6.v:2982$812'.
  created $dff cell `$procdff$1537' with positive edge clock.
Creating register for signal `\sbox.\w32_HPC24' using process `\sbox.$proc$/home/nilotpola/Downloads/TETRIS-artefact/src/MaskedHLS_LP/src/skinny_sbox_nor_d4_lat6.v:2982$812'.
  created $dff cell `$procdff$1538' with positive edge clock.
Creating register for signal `\sbox.\z4463_assgn44630' using process `\sbox.$proc$/home/nilotpola/Downloads/TETRIS-artefact/src/MaskedHLS_LP/src/skinny_sbox_nor_d4_lat6.v:2982$812'.
  created $dff cell `$procdff$1539' with positive edge clock.
Creating register for signal `\sbox.\z1667_assgn1667' using process `\sbox.$proc$/home/nilotpola/Downloads/TETRIS-artefact/src/MaskedHLS_LP/src/skinny_sbox_nor_d4_lat6.v:2982$812'.
  created $dff cell `$procdff$1540' with positive edge clock.
Creating register for signal `\sbox.\temp_hpc2_v_4_order15_HPC24' using process `\sbox.$proc$/home/nilotpola/Downloads/TETRIS-artefact/src/MaskedHLS_LP/src/skinny_sbox_nor_d4_lat6.v:2982$812'.
  created $dff cell `$procdff$1541' with positive edge clock.
Creating register for signal `\sbox.\temp_hpc2_v_4_order15_HPC24_reg' using process `\sbox.$proc$/home/nilotpola/Downloads/TETRIS-artefact/src/MaskedHLS_LP/src/skinny_sbox_nor_d4_lat6.v:2982$812'.
  created $dff cell `$procdff$1542' with positive edge clock.
Creating register for signal `\sbox.\v34_HPC24' using process `\sbox.$proc$/home/nilotpola/Downloads/TETRIS-artefact/src/MaskedHLS_LP/src/skinny_sbox_nor_d4_lat6.v:2982$812'.
  created $dff cell `$procdff$1543' with positive edge clock.
Creating register for signal `\sbox.\w34_HPC24' using process `\sbox.$proc$/home/nilotpola/Downloads/TETRIS-artefact/src/MaskedHLS_LP/src/skinny_sbox_nor_d4_lat6.v:2982$812'.
  created $dff cell `$procdff$1544' with positive edge clock.
Creating register for signal `\sbox.\temp_hpc2_v_4_order16_HPC24' using process `\sbox.$proc$/home/nilotpola/Downloads/TETRIS-artefact/src/MaskedHLS_LP/src/skinny_sbox_nor_d4_lat6.v:2982$812'.
  created $dff cell `$procdff$1545' with positive edge clock.
Creating register for signal `\sbox.\temp_hpc2_v_4_order16_HPC24_reg' using process `\sbox.$proc$/home/nilotpola/Downloads/TETRIS-artefact/src/MaskedHLS_LP/src/skinny_sbox_nor_d4_lat6.v:2982$812'.
  created $dff cell `$procdff$1546' with positive edge clock.
Creating register for signal `\sbox.\v40_HPC24' using process `\sbox.$proc$/home/nilotpola/Downloads/TETRIS-artefact/src/MaskedHLS_LP/src/skinny_sbox_nor_d4_lat6.v:2982$812'.
  created $dff cell `$procdff$1547' with positive edge clock.
Creating register for signal `\sbox.\w40_HPC24' using process `\sbox.$proc$/home/nilotpola/Downloads/TETRIS-artefact/src/MaskedHLS_LP/src/skinny_sbox_nor_d4_lat6.v:2982$812'.
  created $dff cell `$procdff$1548' with positive edge clock.
Creating register for signal `\sbox.\temp_hpc2_v_4_order17_HPC24' using process `\sbox.$proc$/home/nilotpola/Downloads/TETRIS-artefact/src/MaskedHLS_LP/src/skinny_sbox_nor_d4_lat6.v:2982$812'.
  created $dff cell `$procdff$1549' with positive edge clock.
Creating register for signal `\sbox.\temp_hpc2_v_4_order17_HPC24_reg' using process `\sbox.$proc$/home/nilotpola/Downloads/TETRIS-artefact/src/MaskedHLS_LP/src/skinny_sbox_nor_d4_lat6.v:2982$812'.
  created $dff cell `$procdff$1550' with positive edge clock.
Creating register for signal `\sbox.\v41_HPC24' using process `\sbox.$proc$/home/nilotpola/Downloads/TETRIS-artefact/src/MaskedHLS_LP/src/skinny_sbox_nor_d4_lat6.v:2982$812'.
  created $dff cell `$procdff$1551' with positive edge clock.
Creating register for signal `\sbox.\w41_HPC24' using process `\sbox.$proc$/home/nilotpola/Downloads/TETRIS-artefact/src/MaskedHLS_LP/src/skinny_sbox_nor_d4_lat6.v:2982$812'.
  created $dff cell `$procdff$1552' with positive edge clock.
Creating register for signal `\sbox.\temp_hpc2_v_4_order18_HPC24' using process `\sbox.$proc$/home/nilotpola/Downloads/TETRIS-artefact/src/MaskedHLS_LP/src/skinny_sbox_nor_d4_lat6.v:2982$812'.
  created $dff cell `$procdff$1553' with positive edge clock.
Creating register for signal `\sbox.\temp_hpc2_v_4_order18_HPC24_reg' using process `\sbox.$proc$/home/nilotpola/Downloads/TETRIS-artefact/src/MaskedHLS_LP/src/skinny_sbox_nor_d4_lat6.v:2982$812'.
  created $dff cell `$procdff$1554' with positive edge clock.
Creating register for signal `\sbox.\v42_HPC24' using process `\sbox.$proc$/home/nilotpola/Downloads/TETRIS-artefact/src/MaskedHLS_LP/src/skinny_sbox_nor_d4_lat6.v:2982$812'.
  created $dff cell `$procdff$1555' with positive edge clock.
Creating register for signal `\sbox.\w42_HPC24' using process `\sbox.$proc$/home/nilotpola/Downloads/TETRIS-artefact/src/MaskedHLS_LP/src/skinny_sbox_nor_d4_lat6.v:2982$812'.
  created $dff cell `$procdff$1556' with positive edge clock.
Creating register for signal `\sbox.\temp_hpc2_v_4_order19_HPC24' using process `\sbox.$proc$/home/nilotpola/Downloads/TETRIS-artefact/src/MaskedHLS_LP/src/skinny_sbox_nor_d4_lat6.v:2982$812'.
  created $dff cell `$procdff$1557' with positive edge clock.
Creating register for signal `\sbox.\temp_hpc2_v_4_order19_HPC24_reg' using process `\sbox.$proc$/home/nilotpola/Downloads/TETRIS-artefact/src/MaskedHLS_LP/src/skinny_sbox_nor_d4_lat6.v:2982$812'.
  created $dff cell `$procdff$1558' with positive edge clock.
Creating register for signal `\sbox.\v43_HPC24' using process `\sbox.$proc$/home/nilotpola/Downloads/TETRIS-artefact/src/MaskedHLS_LP/src/skinny_sbox_nor_d4_lat6.v:2982$812'.
  created $dff cell `$procdff$1559' with positive edge clock.
Creating register for signal `\sbox.\w43_HPC24' using process `\sbox.$proc$/home/nilotpola/Downloads/TETRIS-artefact/src/MaskedHLS_LP/src/skinny_sbox_nor_d4_lat6.v:2982$812'.
  created $dff cell `$procdff$1560' with positive edge clock.
Creating register for signal `\sbox.\z4527_assgn45270' using process `\sbox.$proc$/home/nilotpola/Downloads/TETRIS-artefact/src/MaskedHLS_LP/src/skinny_sbox_nor_d4_lat6.v:2982$812'.
  created $dff cell `$procdff$1561' with positive edge clock.
Creating register for signal `\sbox.\z1729_assgn1729' using process `\sbox.$proc$/home/nilotpola/Downloads/TETRIS-artefact/src/MaskedHLS_LP/src/skinny_sbox_nor_d4_lat6.v:2982$812'.
  created $dff cell `$procdff$1562' with positive edge clock.
Creating register for signal `\sbox.\u00_HPC24_reg' using process `\sbox.$proc$/home/nilotpola/Downloads/TETRIS-artefact/src/MaskedHLS_LP/src/skinny_sbox_nor_d4_lat6.v:2982$812'.
  created $dff cell `$procdff$1563' with positive edge clock.
Creating register for signal `\sbox.\u11_HPC24_reg' using process `\sbox.$proc$/home/nilotpola/Downloads/TETRIS-artefact/src/MaskedHLS_LP/src/skinny_sbox_nor_d4_lat6.v:2982$812'.
  created $dff cell `$procdff$1564' with positive edge clock.
Creating register for signal `\sbox.\u22_HPC24_reg' using process `\sbox.$proc$/home/nilotpola/Downloads/TETRIS-artefact/src/MaskedHLS_LP/src/skinny_sbox_nor_d4_lat6.v:2982$812'.
  created $dff cell `$procdff$1565' with positive edge clock.
Creating register for signal `\sbox.\u33_HPC24_reg' using process `\sbox.$proc$/home/nilotpola/Downloads/TETRIS-artefact/src/MaskedHLS_LP/src/skinny_sbox_nor_d4_lat6.v:2982$812'.
  created $dff cell `$procdff$1566' with positive edge clock.
Creating register for signal `\sbox.\u44_HPC24_reg' using process `\sbox.$proc$/home/nilotpola/Downloads/TETRIS-artefact/src/MaskedHLS_LP/src/skinny_sbox_nor_d4_lat6.v:2982$812'.
  created $dff cell `$procdff$1567' with positive edge clock.
Creating register for signal `\sbox.\z4581_assgn45810' using process `\sbox.$proc$/home/nilotpola/Downloads/TETRIS-artefact/src/MaskedHLS_LP/src/skinny_sbox_nor_d4_lat6.v:2982$812'.
  created $dff cell `$procdff$1568' with positive edge clock.
Creating register for signal `\sbox.\z1782_assgn1782' using process `\sbox.$proc$/home/nilotpola/Downloads/TETRIS-artefact/src/MaskedHLS_LP/src/skinny_sbox_nor_d4_lat6.v:2982$812'.
  created $dff cell `$procdff$1569' with positive edge clock.
Creating register for signal `\sbox.\temp_hpc2sw_v_4_order0_HPC2_swapped5' using process `\sbox.$proc$/home/nilotpola/Downloads/TETRIS-artefact/src/MaskedHLS_LP/src/skinny_sbox_nor_d4_lat6.v:2982$812'.
  created $dff cell `$procdff$1570' with positive edge clock.
Creating register for signal `\sbox.\temp_hpc2sw_v_4_order0_HPC2_swapped5_reg' using process `\sbox.$proc$/home/nilotpola/Downloads/TETRIS-artefact/src/MaskedHLS_LP/src/skinny_sbox_nor_d4_lat6.v:2982$812'.
  created $dff cell `$procdff$1571' with positive edge clock.
Creating register for signal `\sbox.\v01_HPC2_swapped5' using process `\sbox.$proc$/home/nilotpola/Downloads/TETRIS-artefact/src/MaskedHLS_LP/src/skinny_sbox_nor_d4_lat6.v:2982$812'.
  created $dff cell `$procdff$1572' with positive edge clock.
Creating register for signal `\sbox.\w01_HPC2_swapped5' using process `\sbox.$proc$/home/nilotpola/Downloads/TETRIS-artefact/src/MaskedHLS_LP/src/skinny_sbox_nor_d4_lat6.v:2982$812'.
  created $dff cell `$procdff$1573' with positive edge clock.
Creating register for signal `\sbox.\temp_hpc2sw_v_4_order1_HPC2_swapped5' using process `\sbox.$proc$/home/nilotpola/Downloads/TETRIS-artefact/src/MaskedHLS_LP/src/skinny_sbox_nor_d4_lat6.v:2982$812'.
  created $dff cell `$procdff$1574' with positive edge clock.
Creating register for signal `\sbox.\temp_hpc2sw_v_4_order1_HPC2_swapped5_reg' using process `\sbox.$proc$/home/nilotpola/Downloads/TETRIS-artefact/src/MaskedHLS_LP/src/skinny_sbox_nor_d4_lat6.v:2982$812'.
  created $dff cell `$procdff$1575' with positive edge clock.
Creating register for signal `\sbox.\v02_HPC2_swapped5' using process `\sbox.$proc$/home/nilotpola/Downloads/TETRIS-artefact/src/MaskedHLS_LP/src/skinny_sbox_nor_d4_lat6.v:2982$812'.
  created $dff cell `$procdff$1576' with positive edge clock.
Creating register for signal `\sbox.\w02_HPC2_swapped5' using process `\sbox.$proc$/home/nilotpola/Downloads/TETRIS-artefact/src/MaskedHLS_LP/src/skinny_sbox_nor_d4_lat6.v:2982$812'.
  created $dff cell `$procdff$1577' with positive edge clock.
Creating register for signal `\sbox.\temp_hpc2sw_v_4_order2_HPC2_swapped5' using process `\sbox.$proc$/home/nilotpola/Downloads/TETRIS-artefact/src/MaskedHLS_LP/src/skinny_sbox_nor_d4_lat6.v:2982$812'.
  created $dff cell `$procdff$1578' with positive edge clock.
Creating register for signal `\sbox.\temp_hpc2sw_v_4_order2_HPC2_swapped5_reg' using process `\sbox.$proc$/home/nilotpola/Downloads/TETRIS-artefact/src/MaskedHLS_LP/src/skinny_sbox_nor_d4_lat6.v:2982$812'.
  created $dff cell `$procdff$1579' with positive edge clock.
Creating register for signal `\sbox.\v03_HPC2_swapped5' using process `\sbox.$proc$/home/nilotpola/Downloads/TETRIS-artefact/src/MaskedHLS_LP/src/skinny_sbox_nor_d4_lat6.v:2982$812'.
  created $dff cell `$procdff$1580' with positive edge clock.
Creating register for signal `\sbox.\w03_HPC2_swapped5' using process `\sbox.$proc$/home/nilotpola/Downloads/TETRIS-artefact/src/MaskedHLS_LP/src/skinny_sbox_nor_d4_lat6.v:2982$812'.
  created $dff cell `$procdff$1581' with positive edge clock.
Creating register for signal `\sbox.\temp_hpc2sw_v_4_order3_HPC2_swapped5' using process `\sbox.$proc$/home/nilotpola/Downloads/TETRIS-artefact/src/MaskedHLS_LP/src/skinny_sbox_nor_d4_lat6.v:2982$812'.
  created $dff cell `$procdff$1582' with positive edge clock.
Creating register for signal `\sbox.\temp_hpc2sw_v_4_order3_HPC2_swapped5_reg' using process `\sbox.$proc$/home/nilotpola/Downloads/TETRIS-artefact/src/MaskedHLS_LP/src/skinny_sbox_nor_d4_lat6.v:2982$812'.
  created $dff cell `$procdff$1583' with positive edge clock.
Creating register for signal `\sbox.\v04_HPC2_swapped5' using process `\sbox.$proc$/home/nilotpola/Downloads/TETRIS-artefact/src/MaskedHLS_LP/src/skinny_sbox_nor_d4_lat6.v:2982$812'.
  created $dff cell `$procdff$1584' with positive edge clock.
Creating register for signal `\sbox.\w04_HPC2_swapped5' using process `\sbox.$proc$/home/nilotpola/Downloads/TETRIS-artefact/src/MaskedHLS_LP/src/skinny_sbox_nor_d4_lat6.v:2982$812'.
  created $dff cell `$procdff$1585' with positive edge clock.
Creating register for signal `\sbox.\temp_hpc2sw_v_4_order4_HPC2_swapped5' using process `\sbox.$proc$/home/nilotpola/Downloads/TETRIS-artefact/src/MaskedHLS_LP/src/skinny_sbox_nor_d4_lat6.v:2982$812'.
  created $dff cell `$procdff$1586' with positive edge clock.
Creating register for signal `\sbox.\temp_hpc2sw_v_4_order4_HPC2_swapped5_reg' using process `\sbox.$proc$/home/nilotpola/Downloads/TETRIS-artefact/src/MaskedHLS_LP/src/skinny_sbox_nor_d4_lat6.v:2982$812'.
  created $dff cell `$procdff$1587' with positive edge clock.
Creating register for signal `\sbox.\v10_HPC2_swapped5' using process `\sbox.$proc$/home/nilotpola/Downloads/TETRIS-artefact/src/MaskedHLS_LP/src/skinny_sbox_nor_d4_lat6.v:2982$812'.
  created $dff cell `$procdff$1588' with positive edge clock.
Creating register for signal `\sbox.\w10_HPC2_swapped5' using process `\sbox.$proc$/home/nilotpola/Downloads/TETRIS-artefact/src/MaskedHLS_LP/src/skinny_sbox_nor_d4_lat6.v:2982$812'.
  created $dff cell `$procdff$1589' with positive edge clock.
Creating register for signal `\sbox.\z4645_assgn46450' using process `\sbox.$proc$/home/nilotpola/Downloads/TETRIS-artefact/src/MaskedHLS_LP/src/skinny_sbox_nor_d4_lat6.v:2982$812'.
  created $dff cell `$procdff$1590' with positive edge clock.
Creating register for signal `\sbox.\z1844_assgn1844' using process `\sbox.$proc$/home/nilotpola/Downloads/TETRIS-artefact/src/MaskedHLS_LP/src/skinny_sbox_nor_d4_lat6.v:2982$812'.
  created $dff cell `$procdff$1591' with positive edge clock.
Creating register for signal `\sbox.\temp_hpc2sw_v_4_order5_HPC2_swapped5' using process `\sbox.$proc$/home/nilotpola/Downloads/TETRIS-artefact/src/MaskedHLS_LP/src/skinny_sbox_nor_d4_lat6.v:2982$812'.
  created $dff cell `$procdff$1592' with positive edge clock.
Creating register for signal `\sbox.\temp_hpc2sw_v_4_order5_HPC2_swapped5_reg' using process `\sbox.$proc$/home/nilotpola/Downloads/TETRIS-artefact/src/MaskedHLS_LP/src/skinny_sbox_nor_d4_lat6.v:2982$812'.
  created $dff cell `$procdff$1593' with positive edge clock.
Creating register for signal `\sbox.\v12_HPC2_swapped5' using process `\sbox.$proc$/home/nilotpola/Downloads/TETRIS-artefact/src/MaskedHLS_LP/src/skinny_sbox_nor_d4_lat6.v:2982$812'.
  created $dff cell `$procdff$1594' with positive edge clock.
Creating register for signal `\sbox.\w12_HPC2_swapped5' using process `\sbox.$proc$/home/nilotpola/Downloads/TETRIS-artefact/src/MaskedHLS_LP/src/skinny_sbox_nor_d4_lat6.v:2982$812'.
  created $dff cell `$procdff$1595' with positive edge clock.
Creating register for signal `\sbox.\temp_hpc2sw_v_4_order6_HPC2_swapped5' using process `\sbox.$proc$/home/nilotpola/Downloads/TETRIS-artefact/src/MaskedHLS_LP/src/skinny_sbox_nor_d4_lat6.v:2982$812'.
  created $dff cell `$procdff$1596' with positive edge clock.
Creating register for signal `\sbox.\temp_hpc2sw_v_4_order6_HPC2_swapped5_reg' using process `\sbox.$proc$/home/nilotpola/Downloads/TETRIS-artefact/src/MaskedHLS_LP/src/skinny_sbox_nor_d4_lat6.v:2982$812'.
  created $dff cell `$procdff$1597' with positive edge clock.
Creating register for signal `\sbox.\v13_HPC2_swapped5' using process `\sbox.$proc$/home/nilotpola/Downloads/TETRIS-artefact/src/MaskedHLS_LP/src/skinny_sbox_nor_d4_lat6.v:2982$812'.
  created $dff cell `$procdff$1598' with positive edge clock.
Creating register for signal `\sbox.\w13_HPC2_swapped5' using process `\sbox.$proc$/home/nilotpola/Downloads/TETRIS-artefact/src/MaskedHLS_LP/src/skinny_sbox_nor_d4_lat6.v:2982$812'.
  created $dff cell `$procdff$1599' with positive edge clock.
Creating register for signal `\sbox.\temp_hpc2sw_v_4_order7_HPC2_swapped5' using process `\sbox.$proc$/home/nilotpola/Downloads/TETRIS-artefact/src/MaskedHLS_LP/src/skinny_sbox_nor_d4_lat6.v:2982$812'.
  created $dff cell `$procdff$1600' with positive edge clock.
Creating register for signal `\sbox.\temp_hpc2sw_v_4_order7_HPC2_swapped5_reg' using process `\sbox.$proc$/home/nilotpola/Downloads/TETRIS-artefact/src/MaskedHLS_LP/src/skinny_sbox_nor_d4_lat6.v:2982$812'.
  created $dff cell `$procdff$1601' with positive edge clock.
Creating register for signal `\sbox.\v14_HPC2_swapped5' using process `\sbox.$proc$/home/nilotpola/Downloads/TETRIS-artefact/src/MaskedHLS_LP/src/skinny_sbox_nor_d4_lat6.v:2982$812'.
  created $dff cell `$procdff$1602' with positive edge clock.
Creating register for signal `\sbox.\w14_HPC2_swapped5' using process `\sbox.$proc$/home/nilotpola/Downloads/TETRIS-artefact/src/MaskedHLS_LP/src/skinny_sbox_nor_d4_lat6.v:2982$812'.
  created $dff cell `$procdff$1603' with positive edge clock.
Creating register for signal `\sbox.\temp_hpc2sw_v_4_order8_HPC2_swapped5' using process `\sbox.$proc$/home/nilotpola/Downloads/TETRIS-artefact/src/MaskedHLS_LP/src/skinny_sbox_nor_d4_lat6.v:2982$812'.
  created $dff cell `$procdff$1604' with positive edge clock.
Creating register for signal `\sbox.\temp_hpc2sw_v_4_order8_HPC2_swapped5_reg' using process `\sbox.$proc$/home/nilotpola/Downloads/TETRIS-artefact/src/MaskedHLS_LP/src/skinny_sbox_nor_d4_lat6.v:2982$812'.
  created $dff cell `$procdff$1605' with positive edge clock.
Creating register for signal `\sbox.\v20_HPC2_swapped5' using process `\sbox.$proc$/home/nilotpola/Downloads/TETRIS-artefact/src/MaskedHLS_LP/src/skinny_sbox_nor_d4_lat6.v:2982$812'.
  created $dff cell `$procdff$1606' with positive edge clock.
Creating register for signal `\sbox.\w20_HPC2_swapped5' using process `\sbox.$proc$/home/nilotpola/Downloads/TETRIS-artefact/src/MaskedHLS_LP/src/skinny_sbox_nor_d4_lat6.v:2982$812'.
  created $dff cell `$procdff$1607' with positive edge clock.
Creating register for signal `\sbox.\temp_hpc2sw_v_4_order9_HPC2_swapped5' using process `\sbox.$proc$/home/nilotpola/Downloads/TETRIS-artefact/src/MaskedHLS_LP/src/skinny_sbox_nor_d4_lat6.v:2982$812'.
  created $dff cell `$procdff$1608' with positive edge clock.
Creating register for signal `\sbox.\temp_hpc2sw_v_4_order9_HPC2_swapped5_reg' using process `\sbox.$proc$/home/nilotpola/Downloads/TETRIS-artefact/src/MaskedHLS_LP/src/skinny_sbox_nor_d4_lat6.v:2982$812'.
  created $dff cell `$procdff$1609' with positive edge clock.
Creating register for signal `\sbox.\v21_HPC2_swapped5' using process `\sbox.$proc$/home/nilotpola/Downloads/TETRIS-artefact/src/MaskedHLS_LP/src/skinny_sbox_nor_d4_lat6.v:2982$812'.
  created $dff cell `$procdff$1610' with positive edge clock.
Creating register for signal `\sbox.\w21_HPC2_swapped5' using process `\sbox.$proc$/home/nilotpola/Downloads/TETRIS-artefact/src/MaskedHLS_LP/src/skinny_sbox_nor_d4_lat6.v:2982$812'.
  created $dff cell `$procdff$1611' with positive edge clock.
Creating register for signal `\sbox.\z4709_assgn47090' using process `\sbox.$proc$/home/nilotpola/Downloads/TETRIS-artefact/src/MaskedHLS_LP/src/skinny_sbox_nor_d4_lat6.v:2982$812'.
  created $dff cell `$procdff$1612' with positive edge clock.
Creating register for signal `\sbox.\z1906_assgn1906' using process `\sbox.$proc$/home/nilotpola/Downloads/TETRIS-artefact/src/MaskedHLS_LP/src/skinny_sbox_nor_d4_lat6.v:2982$812'.
  created $dff cell `$procdff$1613' with positive edge clock.
Creating register for signal `\sbox.\temp_hpc2sw_v_4_order10_HPC2_swapped5' using process `\sbox.$proc$/home/nilotpola/Downloads/TETRIS-artefact/src/MaskedHLS_LP/src/skinny_sbox_nor_d4_lat6.v:2982$812'.
  created $dff cell `$procdff$1614' with positive edge clock.
Creating register for signal `\sbox.\temp_hpc2sw_v_4_order10_HPC2_swapped5_reg' using process `\sbox.$proc$/home/nilotpola/Downloads/TETRIS-artefact/src/MaskedHLS_LP/src/skinny_sbox_nor_d4_lat6.v:2982$812'.
  created $dff cell `$procdff$1615' with positive edge clock.
Creating register for signal `\sbox.\v23_HPC2_swapped5' using process `\sbox.$proc$/home/nilotpola/Downloads/TETRIS-artefact/src/MaskedHLS_LP/src/skinny_sbox_nor_d4_lat6.v:2982$812'.
  created $dff cell `$procdff$1616' with positive edge clock.
Creating register for signal `\sbox.\w23_HPC2_swapped5' using process `\sbox.$proc$/home/nilotpola/Downloads/TETRIS-artefact/src/MaskedHLS_LP/src/skinny_sbox_nor_d4_lat6.v:2982$812'.
  created $dff cell `$procdff$1617' with positive edge clock.
Creating register for signal `\sbox.\temp_hpc2sw_v_4_order11_HPC2_swapped5' using process `\sbox.$proc$/home/nilotpola/Downloads/TETRIS-artefact/src/MaskedHLS_LP/src/skinny_sbox_nor_d4_lat6.v:2982$812'.
  created $dff cell `$procdff$1618' with positive edge clock.
Creating register for signal `\sbox.\temp_hpc2sw_v_4_order11_HPC2_swapped5_reg' using process `\sbox.$proc$/home/nilotpola/Downloads/TETRIS-artefact/src/MaskedHLS_LP/src/skinny_sbox_nor_d4_lat6.v:2982$812'.
  created $dff cell `$procdff$1619' with positive edge clock.
Creating register for signal `\sbox.\v24_HPC2_swapped5' using process `\sbox.$proc$/home/nilotpola/Downloads/TETRIS-artefact/src/MaskedHLS_LP/src/skinny_sbox_nor_d4_lat6.v:2982$812'.
  created $dff cell `$procdff$1620' with positive edge clock.
Creating register for signal `\sbox.\w24_HPC2_swapped5' using process `\sbox.$proc$/home/nilotpola/Downloads/TETRIS-artefact/src/MaskedHLS_LP/src/skinny_sbox_nor_d4_lat6.v:2982$812'.
  created $dff cell `$procdff$1621' with positive edge clock.
Creating register for signal `\sbox.\temp_hpc2sw_v_4_order12_HPC2_swapped5' using process `\sbox.$proc$/home/nilotpola/Downloads/TETRIS-artefact/src/MaskedHLS_LP/src/skinny_sbox_nor_d4_lat6.v:2982$812'.
  created $dff cell `$procdff$1622' with positive edge clock.
Creating register for signal `\sbox.\temp_hpc2sw_v_4_order12_HPC2_swapped5_reg' using process `\sbox.$proc$/home/nilotpola/Downloads/TETRIS-artefact/src/MaskedHLS_LP/src/skinny_sbox_nor_d4_lat6.v:2982$812'.
  created $dff cell `$procdff$1623' with positive edge clock.
Creating register for signal `\sbox.\v30_HPC2_swapped5' using process `\sbox.$proc$/home/nilotpola/Downloads/TETRIS-artefact/src/MaskedHLS_LP/src/skinny_sbox_nor_d4_lat6.v:2982$812'.
  created $dff cell `$procdff$1624' with positive edge clock.
Creating register for signal `\sbox.\w30_HPC2_swapped5' using process `\sbox.$proc$/home/nilotpola/Downloads/TETRIS-artefact/src/MaskedHLS_LP/src/skinny_sbox_nor_d4_lat6.v:2982$812'.
  created $dff cell `$procdff$1625' with positive edge clock.
Creating register for signal `\sbox.\temp_hpc2sw_v_4_order13_HPC2_swapped5' using process `\sbox.$proc$/home/nilotpola/Downloads/TETRIS-artefact/src/MaskedHLS_LP/src/skinny_sbox_nor_d4_lat6.v:2982$812'.
  created $dff cell `$procdff$1626' with positive edge clock.
Creating register for signal `\sbox.\temp_hpc2sw_v_4_order13_HPC2_swapped5_reg' using process `\sbox.$proc$/home/nilotpola/Downloads/TETRIS-artefact/src/MaskedHLS_LP/src/skinny_sbox_nor_d4_lat6.v:2982$812'.
  created $dff cell `$procdff$1627' with positive edge clock.
Creating register for signal `\sbox.\v31_HPC2_swapped5' using process `\sbox.$proc$/home/nilotpola/Downloads/TETRIS-artefact/src/MaskedHLS_LP/src/skinny_sbox_nor_d4_lat6.v:2982$812'.
  created $dff cell `$procdff$1628' with positive edge clock.
Creating register for signal `\sbox.\w31_HPC2_swapped5' using process `\sbox.$proc$/home/nilotpola/Downloads/TETRIS-artefact/src/MaskedHLS_LP/src/skinny_sbox_nor_d4_lat6.v:2982$812'.
  created $dff cell `$procdff$1629' with positive edge clock.
Creating register for signal `\sbox.\temp_hpc2sw_v_4_order14_HPC2_swapped5' using process `\sbox.$proc$/home/nilotpola/Downloads/TETRIS-artefact/src/MaskedHLS_LP/src/skinny_sbox_nor_d4_lat6.v:2982$812'.
  created $dff cell `$procdff$1630' with positive edge clock.
Creating register for signal `\sbox.\temp_hpc2sw_v_4_order14_HPC2_swapped5_reg' using process `\sbox.$proc$/home/nilotpola/Downloads/TETRIS-artefact/src/MaskedHLS_LP/src/skinny_sbox_nor_d4_lat6.v:2982$812'.
  created $dff cell `$procdff$1631' with positive edge clock.
Creating register for signal `\sbox.\v32_HPC2_swapped5' using process `\sbox.$proc$/home/nilotpola/Downloads/TETRIS-artefact/src/MaskedHLS_LP/src/skinny_sbox_nor_d4_lat6.v:2982$812'.
  created $dff cell `$procdff$1632' with positive edge clock.
Creating register for signal `\sbox.\w32_HPC2_swapped5' using process `\sbox.$proc$/home/nilotpola/Downloads/TETRIS-artefact/src/MaskedHLS_LP/src/skinny_sbox_nor_d4_lat6.v:2982$812'.
  created $dff cell `$procdff$1633' with positive edge clock.
Creating register for signal `\sbox.\z4773_assgn47730' using process `\sbox.$proc$/home/nilotpola/Downloads/TETRIS-artefact/src/MaskedHLS_LP/src/skinny_sbox_nor_d4_lat6.v:2982$812'.
  created $dff cell `$procdff$1634' with positive edge clock.
Creating register for signal `\sbox.\z1968_assgn1968' using process `\sbox.$proc$/home/nilotpola/Downloads/TETRIS-artefact/src/MaskedHLS_LP/src/skinny_sbox_nor_d4_lat6.v:2982$812'.
  created $dff cell `$procdff$1635' with positive edge clock.
Creating register for signal `\sbox.\temp_hpc2sw_v_4_order15_HPC2_swapped5' using process `\sbox.$proc$/home/nilotpola/Downloads/TETRIS-artefact/src/MaskedHLS_LP/src/skinny_sbox_nor_d4_lat6.v:2982$812'.
  created $dff cell `$procdff$1636' with positive edge clock.
Creating register for signal `\sbox.\temp_hpc2sw_v_4_order15_HPC2_swapped5_reg' using process `\sbox.$proc$/home/nilotpola/Downloads/TETRIS-artefact/src/MaskedHLS_LP/src/skinny_sbox_nor_d4_lat6.v:2982$812'.
  created $dff cell `$procdff$1637' with positive edge clock.
Creating register for signal `\sbox.\v34_HPC2_swapped5' using process `\sbox.$proc$/home/nilotpola/Downloads/TETRIS-artefact/src/MaskedHLS_LP/src/skinny_sbox_nor_d4_lat6.v:2982$812'.
  created $dff cell `$procdff$1638' with positive edge clock.
Creating register for signal `\sbox.\w34_HPC2_swapped5' using process `\sbox.$proc$/home/nilotpola/Downloads/TETRIS-artefact/src/MaskedHLS_LP/src/skinny_sbox_nor_d4_lat6.v:2982$812'.
  created $dff cell `$procdff$1639' with positive edge clock.
Creating register for signal `\sbox.\temp_hpc2sw_v_4_order16_HPC2_swapped5' using process `\sbox.$proc$/home/nilotpola/Downloads/TETRIS-artefact/src/MaskedHLS_LP/src/skinny_sbox_nor_d4_lat6.v:2982$812'.
  created $dff cell `$procdff$1640' with positive edge clock.
Creating register for signal `\sbox.\temp_hpc2sw_v_4_order16_HPC2_swapped5_reg' using process `\sbox.$proc$/home/nilotpola/Downloads/TETRIS-artefact/src/MaskedHLS_LP/src/skinny_sbox_nor_d4_lat6.v:2982$812'.
  created $dff cell `$procdff$1641' with positive edge clock.
Creating register for signal `\sbox.\v40_HPC2_swapped5' using process `\sbox.$proc$/home/nilotpola/Downloads/TETRIS-artefact/src/MaskedHLS_LP/src/skinny_sbox_nor_d4_lat6.v:2982$812'.
  created $dff cell `$procdff$1642' with positive edge clock.
Creating register for signal `\sbox.\w40_HPC2_swapped5' using process `\sbox.$proc$/home/nilotpola/Downloads/TETRIS-artefact/src/MaskedHLS_LP/src/skinny_sbox_nor_d4_lat6.v:2982$812'.
  created $dff cell `$procdff$1643' with positive edge clock.
Creating register for signal `\sbox.\temp_hpc2sw_v_4_order17_HPC2_swapped5' using process `\sbox.$proc$/home/nilotpola/Downloads/TETRIS-artefact/src/MaskedHLS_LP/src/skinny_sbox_nor_d4_lat6.v:2982$812'.
  created $dff cell `$procdff$1644' with positive edge clock.
Creating register for signal `\sbox.\temp_hpc2sw_v_4_order17_HPC2_swapped5_reg' using process `\sbox.$proc$/home/nilotpola/Downloads/TETRIS-artefact/src/MaskedHLS_LP/src/skinny_sbox_nor_d4_lat6.v:2982$812'.
  created $dff cell `$procdff$1645' with positive edge clock.
Creating register for signal `\sbox.\v41_HPC2_swapped5' using process `\sbox.$proc$/home/nilotpola/Downloads/TETRIS-artefact/src/MaskedHLS_LP/src/skinny_sbox_nor_d4_lat6.v:2982$812'.
  created $dff cell `$procdff$1646' with positive edge clock.
Creating register for signal `\sbox.\w41_HPC2_swapped5' using process `\sbox.$proc$/home/nilotpola/Downloads/TETRIS-artefact/src/MaskedHLS_LP/src/skinny_sbox_nor_d4_lat6.v:2982$812'.
  created $dff cell `$procdff$1647' with positive edge clock.
Creating register for signal `\sbox.\temp_hpc2sw_v_4_order18_HPC2_swapped5' using process `\sbox.$proc$/home/nilotpola/Downloads/TETRIS-artefact/src/MaskedHLS_LP/src/skinny_sbox_nor_d4_lat6.v:2982$812'.
  created $dff cell `$procdff$1648' with positive edge clock.
Creating register for signal `\sbox.\temp_hpc2sw_v_4_order18_HPC2_swapped5_reg' using process `\sbox.$proc$/home/nilotpola/Downloads/TETRIS-artefact/src/MaskedHLS_LP/src/skinny_sbox_nor_d4_lat6.v:2982$812'.
  created $dff cell `$procdff$1649' with positive edge clock.
Creating register for signal `\sbox.\v42_HPC2_swapped5' using process `\sbox.$proc$/home/nilotpola/Downloads/TETRIS-artefact/src/MaskedHLS_LP/src/skinny_sbox_nor_d4_lat6.v:2982$812'.
  created $dff cell `$procdff$1650' with positive edge clock.
Creating register for signal `\sbox.\w42_HPC2_swapped5' using process `\sbox.$proc$/home/nilotpola/Downloads/TETRIS-artefact/src/MaskedHLS_LP/src/skinny_sbox_nor_d4_lat6.v:2982$812'.
  created $dff cell `$procdff$1651' with positive edge clock.
Creating register for signal `\sbox.\temp_hpc2sw_v_4_order19_HPC2_swapped5' using process `\sbox.$proc$/home/nilotpola/Downloads/TETRIS-artefact/src/MaskedHLS_LP/src/skinny_sbox_nor_d4_lat6.v:2982$812'.
  created $dff cell `$procdff$1652' with positive edge clock.
Creating register for signal `\sbox.\temp_hpc2sw_v_4_order19_HPC2_swapped5_reg' using process `\sbox.$proc$/home/nilotpola/Downloads/TETRIS-artefact/src/MaskedHLS_LP/src/skinny_sbox_nor_d4_lat6.v:2982$812'.
  created $dff cell `$procdff$1653' with positive edge clock.
Creating register for signal `\sbox.\v43_HPC2_swapped5' using process `\sbox.$proc$/home/nilotpola/Downloads/TETRIS-artefact/src/MaskedHLS_LP/src/skinny_sbox_nor_d4_lat6.v:2982$812'.
  created $dff cell `$procdff$1654' with positive edge clock.
Creating register for signal `\sbox.\w43_HPC2_swapped5' using process `\sbox.$proc$/home/nilotpola/Downloads/TETRIS-artefact/src/MaskedHLS_LP/src/skinny_sbox_nor_d4_lat6.v:2982$812'.
  created $dff cell `$procdff$1655' with positive edge clock.
Creating register for signal `\sbox.\z4837_assgn48370' using process `\sbox.$proc$/home/nilotpola/Downloads/TETRIS-artefact/src/MaskedHLS_LP/src/skinny_sbox_nor_d4_lat6.v:2982$812'.
  created $dff cell `$procdff$1656' with positive edge clock.
Creating register for signal `\sbox.\z2030_assgn2030' using process `\sbox.$proc$/home/nilotpola/Downloads/TETRIS-artefact/src/MaskedHLS_LP/src/skinny_sbox_nor_d4_lat6.v:2982$812'.
  created $dff cell `$procdff$1657' with positive edge clock.
Creating register for signal `\sbox.\u00_HPC2_swapped5_reg' using process `\sbox.$proc$/home/nilotpola/Downloads/TETRIS-artefact/src/MaskedHLS_LP/src/skinny_sbox_nor_d4_lat6.v:2982$812'.
  created $dff cell `$procdff$1658' with positive edge clock.
Creating register for signal `\sbox.\u11_HPC2_swapped5_reg' using process `\sbox.$proc$/home/nilotpola/Downloads/TETRIS-artefact/src/MaskedHLS_LP/src/skinny_sbox_nor_d4_lat6.v:2982$812'.
  created $dff cell `$procdff$1659' with positive edge clock.
Creating register for signal `\sbox.\u22_HPC2_swapped5_reg' using process `\sbox.$proc$/home/nilotpola/Downloads/TETRIS-artefact/src/MaskedHLS_LP/src/skinny_sbox_nor_d4_lat6.v:2982$812'.
  created $dff cell `$procdff$1660' with positive edge clock.
Creating register for signal `\sbox.\u33_HPC2_swapped5_reg' using process `\sbox.$proc$/home/nilotpola/Downloads/TETRIS-artefact/src/MaskedHLS_LP/src/skinny_sbox_nor_d4_lat6.v:2982$812'.
  created $dff cell `$procdff$1661' with positive edge clock.
Creating register for signal `\sbox.\u44_HPC2_swapped5_reg' using process `\sbox.$proc$/home/nilotpola/Downloads/TETRIS-artefact/src/MaskedHLS_LP/src/skinny_sbox_nor_d4_lat6.v:2982$812'.
  created $dff cell `$procdff$1662' with positive edge clock.
Creating register for signal `\sbox.\z4941_assgn49410' using process `\sbox.$proc$/home/nilotpola/Downloads/TETRIS-artefact/src/MaskedHLS_LP/src/skinny_sbox_nor_d4_lat6.v:2982$812'.
  created $dff cell `$procdff$1663' with positive edge clock.
Creating register for signal `\sbox.\z2131_assgn2131' using process `\sbox.$proc$/home/nilotpola/Downloads/TETRIS-artefact/src/MaskedHLS_LP/src/skinny_sbox_nor_d4_lat6.v:2982$812'.
  created $dff cell `$procdff$1664' with positive edge clock.
Creating register for signal `\sbox.\w01_HPC2o_swapped6' using process `\sbox.$proc$/home/nilotpola/Downloads/TETRIS-artefact/src/MaskedHLS_LP/src/skinny_sbox_nor_d4_lat6.v:2982$812'.
  created $dff cell `$procdff$1665' with positive edge clock.
Creating register for signal `\sbox.\temp_hpc2osw_v_4_order0_HPC2o_swapped6' using process `\sbox.$proc$/home/nilotpola/Downloads/TETRIS-artefact/src/MaskedHLS_LP/src/skinny_sbox_nor_d4_lat6.v:2982$812'.
  created $dff cell `$procdff$1666' with positive edge clock.
Creating register for signal `\sbox.\temp_hpc2osw_v_4_order0_HPC2o_swapped6_reg' using process `\sbox.$proc$/home/nilotpola/Downloads/TETRIS-artefact/src/MaskedHLS_LP/src/skinny_sbox_nor_d4_lat6.v:2982$812'.
  created $dff cell `$procdff$1667' with positive edge clock.
Creating register for signal `\sbox.\v01_HPC2o_swapped6' using process `\sbox.$proc$/home/nilotpola/Downloads/TETRIS-artefact/src/MaskedHLS_LP/src/skinny_sbox_nor_d4_lat6.v:2982$812'.
  created $dff cell `$procdff$1668' with positive edge clock.
Creating register for signal `\sbox.\w02_HPC2o_swapped6' using process `\sbox.$proc$/home/nilotpola/Downloads/TETRIS-artefact/src/MaskedHLS_LP/src/skinny_sbox_nor_d4_lat6.v:2982$812'.
  created $dff cell `$procdff$1669' with positive edge clock.
Creating register for signal `\sbox.\temp_hpc2osw_v_4_order1_HPC2o_swapped6' using process `\sbox.$proc$/home/nilotpola/Downloads/TETRIS-artefact/src/MaskedHLS_LP/src/skinny_sbox_nor_d4_lat6.v:2982$812'.
  created $dff cell `$procdff$1670' with positive edge clock.
Creating register for signal `\sbox.\temp_hpc2osw_v_4_order1_HPC2o_swapped6_reg' using process `\sbox.$proc$/home/nilotpola/Downloads/TETRIS-artefact/src/MaskedHLS_LP/src/skinny_sbox_nor_d4_lat6.v:2982$812'.
  created $dff cell `$procdff$1671' with positive edge clock.
Creating register for signal `\sbox.\v02_HPC2o_swapped6' using process `\sbox.$proc$/home/nilotpola/Downloads/TETRIS-artefact/src/MaskedHLS_LP/src/skinny_sbox_nor_d4_lat6.v:2982$812'.
  created $dff cell `$procdff$1672' with positive edge clock.
Creating register for signal `\sbox.\w03_HPC2o_swapped6' using process `\sbox.$proc$/home/nilotpola/Downloads/TETRIS-artefact/src/MaskedHLS_LP/src/skinny_sbox_nor_d4_lat6.v:2982$812'.
  created $dff cell `$procdff$1673' with positive edge clock.
Creating register for signal `\sbox.\temp_hpc2osw_v_4_order2_HPC2o_swapped6' using process `\sbox.$proc$/home/nilotpola/Downloads/TETRIS-artefact/src/MaskedHLS_LP/src/skinny_sbox_nor_d4_lat6.v:2982$812'.
  created $dff cell `$procdff$1674' with positive edge clock.
Creating register for signal `\sbox.\temp_hpc2osw_v_4_order2_HPC2o_swapped6_reg' using process `\sbox.$proc$/home/nilotpola/Downloads/TETRIS-artefact/src/MaskedHLS_LP/src/skinny_sbox_nor_d4_lat6.v:2982$812'.
  created $dff cell `$procdff$1675' with positive edge clock.
Creating register for signal `\sbox.\v03_HPC2o_swapped6' using process `\sbox.$proc$/home/nilotpola/Downloads/TETRIS-artefact/src/MaskedHLS_LP/src/skinny_sbox_nor_d4_lat6.v:2982$812'.
  created $dff cell `$procdff$1676' with positive edge clock.
Creating register for signal `\sbox.\w04_HPC2o_swapped6' using process `\sbox.$proc$/home/nilotpola/Downloads/TETRIS-artefact/src/MaskedHLS_LP/src/skinny_sbox_nor_d4_lat6.v:2982$812'.
  created $dff cell `$procdff$1677' with positive edge clock.
Creating register for signal `\sbox.\temp_hpc2osw_v_4_order3_HPC2o_swapped6' using process `\sbox.$proc$/home/nilotpola/Downloads/TETRIS-artefact/src/MaskedHLS_LP/src/skinny_sbox_nor_d4_lat6.v:2982$812'.
  created $dff cell `$procdff$1678' with positive edge clock.
Creating register for signal `\sbox.\temp_hpc2osw_v_4_order3_HPC2o_swapped6_reg' using process `\sbox.$proc$/home/nilotpola/Downloads/TETRIS-artefact/src/MaskedHLS_LP/src/skinny_sbox_nor_d4_lat6.v:2982$812'.
  created $dff cell `$procdff$1679' with positive edge clock.
Creating register for signal `\sbox.\v04_HPC2o_swapped6' using process `\sbox.$proc$/home/nilotpola/Downloads/TETRIS-artefact/src/MaskedHLS_LP/src/skinny_sbox_nor_d4_lat6.v:2982$812'.
  created $dff cell `$procdff$1680' with positive edge clock.
Creating register for signal `\sbox.\z5013_assgn50130' using process `\sbox.$proc$/home/nilotpola/Downloads/TETRIS-artefact/src/MaskedHLS_LP/src/skinny_sbox_nor_d4_lat6.v:2982$812'.
  created $dff cell `$procdff$1681' with positive edge clock.
Creating register for signal `\sbox.\z2201_assgn2201' using process `\sbox.$proc$/home/nilotpola/Downloads/TETRIS-artefact/src/MaskedHLS_LP/src/skinny_sbox_nor_d4_lat6.v:2982$812'.
  created $dff cell `$procdff$1682' with positive edge clock.
Creating register for signal `\sbox.\w10_HPC2o_swapped6' using process `\sbox.$proc$/home/nilotpola/Downloads/TETRIS-artefact/src/MaskedHLS_LP/src/skinny_sbox_nor_d4_lat6.v:2982$812'.
  created $dff cell `$procdff$1683' with positive edge clock.
Creating register for signal `\sbox.\temp_hpc2osw_v_4_order4_HPC2o_swapped6' using process `\sbox.$proc$/home/nilotpola/Downloads/TETRIS-artefact/src/MaskedHLS_LP/src/skinny_sbox_nor_d4_lat6.v:2982$812'.
  created $dff cell `$procdff$1684' with positive edge clock.
Creating register for signal `\sbox.\temp_hpc2osw_v_4_order4_HPC2o_swapped6_reg' using process `\sbox.$proc$/home/nilotpola/Downloads/TETRIS-artefact/src/MaskedHLS_LP/src/skinny_sbox_nor_d4_lat6.v:2982$812'.
  created $dff cell `$procdff$1685' with positive edge clock.
Creating register for signal `\sbox.\v10_HPC2o_swapped6' using process `\sbox.$proc$/home/nilotpola/Downloads/TETRIS-artefact/src/MaskedHLS_LP/src/skinny_sbox_nor_d4_lat6.v:2982$812'.
  created $dff cell `$procdff$1686' with positive edge clock.
Creating register for signal `\sbox.\w12_HPC2o_swapped6' using process `\sbox.$proc$/home/nilotpola/Downloads/TETRIS-artefact/src/MaskedHLS_LP/src/skinny_sbox_nor_d4_lat6.v:2982$812'.
  created $dff cell `$procdff$1687' with positive edge clock.
Creating register for signal `\sbox.\temp_hpc2osw_v_4_order5_HPC2o_swapped6' using process `\sbox.$proc$/home/nilotpola/Downloads/TETRIS-artefact/src/MaskedHLS_LP/src/skinny_sbox_nor_d4_lat6.v:2982$812'.
  created $dff cell `$procdff$1688' with positive edge clock.
Creating register for signal `\sbox.\temp_hpc2osw_v_4_order5_HPC2o_swapped6_reg' using process `\sbox.$proc$/home/nilotpola/Downloads/TETRIS-artefact/src/MaskedHLS_LP/src/skinny_sbox_nor_d4_lat6.v:2982$812'.
  created $dff cell `$procdff$1689' with positive edge clock.
Creating register for signal `\sbox.\v12_HPC2o_swapped6' using process `\sbox.$proc$/home/nilotpola/Downloads/TETRIS-artefact/src/MaskedHLS_LP/src/skinny_sbox_nor_d4_lat6.v:2982$812'.
  created $dff cell `$procdff$1690' with positive edge clock.
Creating register for signal `\sbox.\w13_HPC2o_swapped6' using process `\sbox.$proc$/home/nilotpola/Downloads/TETRIS-artefact/src/MaskedHLS_LP/src/skinny_sbox_nor_d4_lat6.v:2982$812'.
  created $dff cell `$procdff$1691' with positive edge clock.
Creating register for signal `\sbox.\temp_hpc2osw_v_4_order6_HPC2o_swapped6' using process `\sbox.$proc$/home/nilotpola/Downloads/TETRIS-artefact/src/MaskedHLS_LP/src/skinny_sbox_nor_d4_lat6.v:2982$812'.
  created $dff cell `$procdff$1692' with positive edge clock.
Creating register for signal `\sbox.\temp_hpc2osw_v_4_order6_HPC2o_swapped6_reg' using process `\sbox.$proc$/home/nilotpola/Downloads/TETRIS-artefact/src/MaskedHLS_LP/src/skinny_sbox_nor_d4_lat6.v:2982$812'.
  created $dff cell `$procdff$1693' with positive edge clock.
Creating register for signal `\sbox.\v13_HPC2o_swapped6' using process `\sbox.$proc$/home/nilotpola/Downloads/TETRIS-artefact/src/MaskedHLS_LP/src/skinny_sbox_nor_d4_lat6.v:2982$812'.
  created $dff cell `$procdff$1694' with positive edge clock.
Creating register for signal `\sbox.\w14_HPC2o_swapped6' using process `\sbox.$proc$/home/nilotpola/Downloads/TETRIS-artefact/src/MaskedHLS_LP/src/skinny_sbox_nor_d4_lat6.v:2982$812'.
  created $dff cell `$procdff$1695' with positive edge clock.
Creating register for signal `\sbox.\temp_hpc2osw_v_4_order7_HPC2o_swapped6' using process `\sbox.$proc$/home/nilotpola/Downloads/TETRIS-artefact/src/MaskedHLS_LP/src/skinny_sbox_nor_d4_lat6.v:2982$812'.
  created $dff cell `$procdff$1696' with positive edge clock.
Creating register for signal `\sbox.\temp_hpc2osw_v_4_order7_HPC2o_swapped6_reg' using process `\sbox.$proc$/home/nilotpola/Downloads/TETRIS-artefact/src/MaskedHLS_LP/src/skinny_sbox_nor_d4_lat6.v:2982$812'.
  created $dff cell `$procdff$1697' with positive edge clock.
Creating register for signal `\sbox.\v14_HPC2o_swapped6' using process `\sbox.$proc$/home/nilotpola/Downloads/TETRIS-artefact/src/MaskedHLS_LP/src/skinny_sbox_nor_d4_lat6.v:2982$812'.
  created $dff cell `$procdff$1698' with positive edge clock.
Creating register for signal `\sbox.\z5085_assgn50850' using process `\sbox.$proc$/home/nilotpola/Downloads/TETRIS-artefact/src/MaskedHLS_LP/src/skinny_sbox_nor_d4_lat6.v:2982$812'.
  created $dff cell `$procdff$1699' with positive edge clock.
Creating register for signal `\sbox.\z2271_assgn2271' using process `\sbox.$proc$/home/nilotpola/Downloads/TETRIS-artefact/src/MaskedHLS_LP/src/skinny_sbox_nor_d4_lat6.v:2982$812'.
  created $dff cell `$procdff$1700' with positive edge clock.
Creating register for signal `\sbox.\w20_HPC2o_swapped6' using process `\sbox.$proc$/home/nilotpola/Downloads/TETRIS-artefact/src/MaskedHLS_LP/src/skinny_sbox_nor_d4_lat6.v:2982$812'.
  created $dff cell `$procdff$1701' with positive edge clock.
Creating register for signal `\sbox.\temp_hpc2osw_v_4_order8_HPC2o_swapped6' using process `\sbox.$proc$/home/nilotpola/Downloads/TETRIS-artefact/src/MaskedHLS_LP/src/skinny_sbox_nor_d4_lat6.v:2982$812'.
  created $dff cell `$procdff$1702' with positive edge clock.
Creating register for signal `\sbox.\temp_hpc2osw_v_4_order8_HPC2o_swapped6_reg' using process `\sbox.$proc$/home/nilotpola/Downloads/TETRIS-artefact/src/MaskedHLS_LP/src/skinny_sbox_nor_d4_lat6.v:2982$812'.
  created $dff cell `$procdff$1703' with positive edge clock.
Creating register for signal `\sbox.\v20_HPC2o_swapped6' using process `\sbox.$proc$/home/nilotpola/Downloads/TETRIS-artefact/src/MaskedHLS_LP/src/skinny_sbox_nor_d4_lat6.v:2982$812'.
  created $dff cell `$procdff$1704' with positive edge clock.
Creating register for signal `\sbox.\w21_HPC2o_swapped6' using process `\sbox.$proc$/home/nilotpola/Downloads/TETRIS-artefact/src/MaskedHLS_LP/src/skinny_sbox_nor_d4_lat6.v:2982$812'.
  created $dff cell `$procdff$1705' with positive edge clock.
Creating register for signal `\sbox.\temp_hpc2osw_v_4_order9_HPC2o_swapped6' using process `\sbox.$proc$/home/nilotpola/Downloads/TETRIS-artefact/src/MaskedHLS_LP/src/skinny_sbox_nor_d4_lat6.v:2982$812'.
  created $dff cell `$procdff$1706' with positive edge clock.
Creating register for signal `\sbox.\temp_hpc2osw_v_4_order9_HPC2o_swapped6_reg' using process `\sbox.$proc$/home/nilotpola/Downloads/TETRIS-artefact/src/MaskedHLS_LP/src/skinny_sbox_nor_d4_lat6.v:2982$812'.
  created $dff cell `$procdff$1707' with positive edge clock.
Creating register for signal `\sbox.\v21_HPC2o_swapped6' using process `\sbox.$proc$/home/nilotpola/Downloads/TETRIS-artefact/src/MaskedHLS_LP/src/skinny_sbox_nor_d4_lat6.v:2982$812'.
  created $dff cell `$procdff$1708' with positive edge clock.
Creating register for signal `\sbox.\w23_HPC2o_swapped6' using process `\sbox.$proc$/home/nilotpola/Downloads/TETRIS-artefact/src/MaskedHLS_LP/src/skinny_sbox_nor_d4_lat6.v:2982$812'.
  created $dff cell `$procdff$1709' with positive edge clock.
Creating register for signal `\sbox.\temp_hpc2osw_v_4_order10_HPC2o_swapped6' using process `\sbox.$proc$/home/nilotpola/Downloads/TETRIS-artefact/src/MaskedHLS_LP/src/skinny_sbox_nor_d4_lat6.v:2982$812'.
  created $dff cell `$procdff$1710' with positive edge clock.
Creating register for signal `\sbox.\temp_hpc2osw_v_4_order10_HPC2o_swapped6_reg' using process `\sbox.$proc$/home/nilotpola/Downloads/TETRIS-artefact/src/MaskedHLS_LP/src/skinny_sbox_nor_d4_lat6.v:2982$812'.
  created $dff cell `$procdff$1711' with positive edge clock.
Creating register for signal `\sbox.\v23_HPC2o_swapped6' using process `\sbox.$proc$/home/nilotpola/Downloads/TETRIS-artefact/src/MaskedHLS_LP/src/skinny_sbox_nor_d4_lat6.v:2982$812'.
  created $dff cell `$procdff$1712' with positive edge clock.
Creating register for signal `\sbox.\w24_HPC2o_swapped6' using process `\sbox.$proc$/home/nilotpola/Downloads/TETRIS-artefact/src/MaskedHLS_LP/src/skinny_sbox_nor_d4_lat6.v:2982$812'.
  created $dff cell `$procdff$1713' with positive edge clock.
Creating register for signal `\sbox.\temp_hpc2osw_v_4_order11_HPC2o_swapped6' using process `\sbox.$proc$/home/nilotpola/Downloads/TETRIS-artefact/src/MaskedHLS_LP/src/skinny_sbox_nor_d4_lat6.v:2982$812'.
  created $dff cell `$procdff$1714' with positive edge clock.
Creating register for signal `\sbox.\temp_hpc2osw_v_4_order11_HPC2o_swapped6_reg' using process `\sbox.$proc$/home/nilotpola/Downloads/TETRIS-artefact/src/MaskedHLS_LP/src/skinny_sbox_nor_d4_lat6.v:2982$812'.
  created $dff cell `$procdff$1715' with positive edge clock.
Creating register for signal `\sbox.\v24_HPC2o_swapped6' using process `\sbox.$proc$/home/nilotpola/Downloads/TETRIS-artefact/src/MaskedHLS_LP/src/skinny_sbox_nor_d4_lat6.v:2982$812'.
  created $dff cell `$procdff$1716' with positive edge clock.
Creating register for signal `\sbox.\z5157_assgn51570' using process `\sbox.$proc$/home/nilotpola/Downloads/TETRIS-artefact/src/MaskedHLS_LP/src/skinny_sbox_nor_d4_lat6.v:2982$812'.
  created $dff cell `$procdff$1717' with positive edge clock.
Creating register for signal `\sbox.\z2341_assgn2341' using process `\sbox.$proc$/home/nilotpola/Downloads/TETRIS-artefact/src/MaskedHLS_LP/src/skinny_sbox_nor_d4_lat6.v:2982$812'.
  created $dff cell `$procdff$1718' with positive edge clock.
Creating register for signal `\sbox.\w30_HPC2o_swapped6' using process `\sbox.$proc$/home/nilotpola/Downloads/TETRIS-artefact/src/MaskedHLS_LP/src/skinny_sbox_nor_d4_lat6.v:2982$812'.
  created $dff cell `$procdff$1719' with positive edge clock.
Creating register for signal `\sbox.\temp_hpc2osw_v_4_order12_HPC2o_swapped6' using process `\sbox.$proc$/home/nilotpola/Downloads/TETRIS-artefact/src/MaskedHLS_LP/src/skinny_sbox_nor_d4_lat6.v:2982$812'.
  created $dff cell `$procdff$1720' with positive edge clock.
Creating register for signal `\sbox.\temp_hpc2osw_v_4_order12_HPC2o_swapped6_reg' using process `\sbox.$proc$/home/nilotpola/Downloads/TETRIS-artefact/src/MaskedHLS_LP/src/skinny_sbox_nor_d4_lat6.v:2982$812'.
  created $dff cell `$procdff$1721' with positive edge clock.
Creating register for signal `\sbox.\v30_HPC2o_swapped6' using process `\sbox.$proc$/home/nilotpola/Downloads/TETRIS-artefact/src/MaskedHLS_LP/src/skinny_sbox_nor_d4_lat6.v:2982$812'.
  created $dff cell `$procdff$1722' with positive edge clock.
Creating register for signal `\sbox.\w31_HPC2o_swapped6' using process `\sbox.$proc$/home/nilotpola/Downloads/TETRIS-artefact/src/MaskedHLS_LP/src/skinny_sbox_nor_d4_lat6.v:2982$812'.
  created $dff cell `$procdff$1723' with positive edge clock.
Creating register for signal `\sbox.\temp_hpc2osw_v_4_order13_HPC2o_swapped6' using process `\sbox.$proc$/home/nilotpola/Downloads/TETRIS-artefact/src/MaskedHLS_LP/src/skinny_sbox_nor_d4_lat6.v:2982$812'.
  created $dff cell `$procdff$1724' with positive edge clock.
Creating register for signal `\sbox.\temp_hpc2osw_v_4_order13_HPC2o_swapped6_reg' using process `\sbox.$proc$/home/nilotpola/Downloads/TETRIS-artefact/src/MaskedHLS_LP/src/skinny_sbox_nor_d4_lat6.v:2982$812'.
  created $dff cell `$procdff$1725' with positive edge clock.
Creating register for signal `\sbox.\v31_HPC2o_swapped6' using process `\sbox.$proc$/home/nilotpola/Downloads/TETRIS-artefact/src/MaskedHLS_LP/src/skinny_sbox_nor_d4_lat6.v:2982$812'.
  created $dff cell `$procdff$1726' with positive edge clock.
Creating register for signal `\sbox.\w32_HPC2o_swapped6' using process `\sbox.$proc$/home/nilotpola/Downloads/TETRIS-artefact/src/MaskedHLS_LP/src/skinny_sbox_nor_d4_lat6.v:2982$812'.
  created $dff cell `$procdff$1727' with positive edge clock.
Creating register for signal `\sbox.\temp_hpc2osw_v_4_order14_HPC2o_swapped6' using process `\sbox.$proc$/home/nilotpola/Downloads/TETRIS-artefact/src/MaskedHLS_LP/src/skinny_sbox_nor_d4_lat6.v:2982$812'.
  created $dff cell `$procdff$1728' with positive edge clock.
Creating register for signal `\sbox.\temp_hpc2osw_v_4_order14_HPC2o_swapped6_reg' using process `\sbox.$proc$/home/nilotpola/Downloads/TETRIS-artefact/src/MaskedHLS_LP/src/skinny_sbox_nor_d4_lat6.v:2982$812'.
  created $dff cell `$procdff$1729' with positive edge clock.
Creating register for signal `\sbox.\v32_HPC2o_swapped6' using process `\sbox.$proc$/home/nilotpola/Downloads/TETRIS-artefact/src/MaskedHLS_LP/src/skinny_sbox_nor_d4_lat6.v:2982$812'.
  created $dff cell `$procdff$1730' with positive edge clock.
Creating register for signal `\sbox.\w34_HPC2o_swapped6' using process `\sbox.$proc$/home/nilotpola/Downloads/TETRIS-artefact/src/MaskedHLS_LP/src/skinny_sbox_nor_d4_lat6.v:2982$812'.
  created $dff cell `$procdff$1731' with positive edge clock.
Creating register for signal `\sbox.\temp_hpc2osw_v_4_order15_HPC2o_swapped6' using process `\sbox.$proc$/home/nilotpola/Downloads/TETRIS-artefact/src/MaskedHLS_LP/src/skinny_sbox_nor_d4_lat6.v:2982$812'.
  created $dff cell `$procdff$1732' with positive edge clock.
Creating register for signal `\sbox.\temp_hpc2osw_v_4_order15_HPC2o_swapped6_reg' using process `\sbox.$proc$/home/nilotpola/Downloads/TETRIS-artefact/src/MaskedHLS_LP/src/skinny_sbox_nor_d4_lat6.v:2982$812'.
  created $dff cell `$procdff$1733' with positive edge clock.
Creating register for signal `\sbox.\v34_HPC2o_swapped6' using process `\sbox.$proc$/home/nilotpola/Downloads/TETRIS-artefact/src/MaskedHLS_LP/src/skinny_sbox_nor_d4_lat6.v:2982$812'.
  created $dff cell `$procdff$1734' with positive edge clock.
Creating register for signal `\sbox.\z5229_assgn52290' using process `\sbox.$proc$/home/nilotpola/Downloads/TETRIS-artefact/src/MaskedHLS_LP/src/skinny_sbox_nor_d4_lat6.v:2982$812'.
  created $dff cell `$procdff$1735' with positive edge clock.
Creating register for signal `\sbox.\z2411_assgn2411' using process `\sbox.$proc$/home/nilotpola/Downloads/TETRIS-artefact/src/MaskedHLS_LP/src/skinny_sbox_nor_d4_lat6.v:2982$812'.
  created $dff cell `$procdff$1736' with positive edge clock.
Creating register for signal `\sbox.\w40_HPC2o_swapped6' using process `\sbox.$proc$/home/nilotpola/Downloads/TETRIS-artefact/src/MaskedHLS_LP/src/skinny_sbox_nor_d4_lat6.v:2982$812'.
  created $dff cell `$procdff$1737' with positive edge clock.
Creating register for signal `\sbox.\temp_hpc2osw_v_4_order16_HPC2o_swapped6' using process `\sbox.$proc$/home/nilotpola/Downloads/TETRIS-artefact/src/MaskedHLS_LP/src/skinny_sbox_nor_d4_lat6.v:2982$812'.
  created $dff cell `$procdff$1738' with positive edge clock.
Creating register for signal `\sbox.\temp_hpc2osw_v_4_order16_HPC2o_swapped6_reg' using process `\sbox.$proc$/home/nilotpola/Downloads/TETRIS-artefact/src/MaskedHLS_LP/src/skinny_sbox_nor_d4_lat6.v:2982$812'.
  created $dff cell `$procdff$1739' with positive edge clock.
Creating register for signal `\sbox.\v40_HPC2o_swapped6' using process `\sbox.$proc$/home/nilotpola/Downloads/TETRIS-artefact/src/MaskedHLS_LP/src/skinny_sbox_nor_d4_lat6.v:2982$812'.
  created $dff cell `$procdff$1740' with positive edge clock.
Creating register for signal `\sbox.\w41_HPC2o_swapped6' using process `\sbox.$proc$/home/nilotpola/Downloads/TETRIS-artefact/src/MaskedHLS_LP/src/skinny_sbox_nor_d4_lat6.v:2982$812'.
  created $dff cell `$procdff$1741' with positive edge clock.
Creating register for signal `\sbox.\temp_hpc2osw_v_4_order17_HPC2o_swapped6' using process `\sbox.$proc$/home/nilotpola/Downloads/TETRIS-artefact/src/MaskedHLS_LP/src/skinny_sbox_nor_d4_lat6.v:2982$812'.
  created $dff cell `$procdff$1742' with positive edge clock.
Creating register for signal `\sbox.\temp_hpc2osw_v_4_order17_HPC2o_swapped6_reg' using process `\sbox.$proc$/home/nilotpola/Downloads/TETRIS-artefact/src/MaskedHLS_LP/src/skinny_sbox_nor_d4_lat6.v:2982$812'.
  created $dff cell `$procdff$1743' with positive edge clock.
Creating register for signal `\sbox.\v41_HPC2o_swapped6' using process `\sbox.$proc$/home/nilotpola/Downloads/TETRIS-artefact/src/MaskedHLS_LP/src/skinny_sbox_nor_d4_lat6.v:2982$812'.
  created $dff cell `$procdff$1744' with positive edge clock.
Creating register for signal `\sbox.\w42_HPC2o_swapped6' using process `\sbox.$proc$/home/nilotpola/Downloads/TETRIS-artefact/src/MaskedHLS_LP/src/skinny_sbox_nor_d4_lat6.v:2982$812'.
  created $dff cell `$procdff$1745' with positive edge clock.
Creating register for signal `\sbox.\temp_hpc2osw_v_4_order18_HPC2o_swapped6' using process `\sbox.$proc$/home/nilotpola/Downloads/TETRIS-artefact/src/MaskedHLS_LP/src/skinny_sbox_nor_d4_lat6.v:2982$812'.
  created $dff cell `$procdff$1746' with positive edge clock.
Creating register for signal `\sbox.\temp_hpc2osw_v_4_order18_HPC2o_swapped6_reg' using process `\sbox.$proc$/home/nilotpola/Downloads/TETRIS-artefact/src/MaskedHLS_LP/src/skinny_sbox_nor_d4_lat6.v:2982$812'.
  created $dff cell `$procdff$1747' with positive edge clock.
Creating register for signal `\sbox.\v42_HPC2o_swapped6' using process `\sbox.$proc$/home/nilotpola/Downloads/TETRIS-artefact/src/MaskedHLS_LP/src/skinny_sbox_nor_d4_lat6.v:2982$812'.
  created $dff cell `$procdff$1748' with positive edge clock.
Creating register for signal `\sbox.\w43_HPC2o_swapped6' using process `\sbox.$proc$/home/nilotpola/Downloads/TETRIS-artefact/src/MaskedHLS_LP/src/skinny_sbox_nor_d4_lat6.v:2982$812'.
  created $dff cell `$procdff$1749' with positive edge clock.
Creating register for signal `\sbox.\temp_hpc2osw_v_4_order19_HPC2o_swapped6' using process `\sbox.$proc$/home/nilotpola/Downloads/TETRIS-artefact/src/MaskedHLS_LP/src/skinny_sbox_nor_d4_lat6.v:2982$812'.
  created $dff cell `$procdff$1750' with positive edge clock.
Creating register for signal `\sbox.\temp_hpc2osw_v_4_order19_HPC2o_swapped6_reg' using process `\sbox.$proc$/home/nilotpola/Downloads/TETRIS-artefact/src/MaskedHLS_LP/src/skinny_sbox_nor_d4_lat6.v:2982$812'.
  created $dff cell `$procdff$1751' with positive edge clock.
Creating register for signal `\sbox.\v43_HPC2o_swapped6' using process `\sbox.$proc$/home/nilotpola/Downloads/TETRIS-artefact/src/MaskedHLS_LP/src/skinny_sbox_nor_d4_lat6.v:2982$812'.
  created $dff cell `$procdff$1752' with positive edge clock.
Creating register for signal `\sbox.\z5331_assgn53310' using process `\sbox.$proc$/home/nilotpola/Downloads/TETRIS-artefact/src/MaskedHLS_LP/src/skinny_sbox_nor_d4_lat6.v:2982$812'.
  created $dff cell `$procdff$1753' with positive edge clock.
Creating register for signal `\sbox.\z2511_assgn2511' using process `\sbox.$proc$/home/nilotpola/Downloads/TETRIS-artefact/src/MaskedHLS_LP/src/skinny_sbox_nor_d4_lat6.v:2982$812'.
  created $dff cell `$procdff$1754' with positive edge clock.
Creating register for signal `\sbox.\w01_HPC2o7' using process `\sbox.$proc$/home/nilotpola/Downloads/TETRIS-artefact/src/MaskedHLS_LP/src/skinny_sbox_nor_d4_lat6.v:2982$812'.
  created $dff cell `$procdff$1755' with positive edge clock.
Creating register for signal `\sbox.\temp_hpc2o_v_4_order0_HPC2o7' using process `\sbox.$proc$/home/nilotpola/Downloads/TETRIS-artefact/src/MaskedHLS_LP/src/skinny_sbox_nor_d4_lat6.v:2982$812'.
  created $dff cell `$procdff$1756' with positive edge clock.
Creating register for signal `\sbox.\temp_hpc2o_v_4_order0_HPC2o7_reg' using process `\sbox.$proc$/home/nilotpola/Downloads/TETRIS-artefact/src/MaskedHLS_LP/src/skinny_sbox_nor_d4_lat6.v:2982$812'.
  created $dff cell `$procdff$1757' with positive edge clock.
Creating register for signal `\sbox.\v01_HPC2o7' using process `\sbox.$proc$/home/nilotpola/Downloads/TETRIS-artefact/src/MaskedHLS_LP/src/skinny_sbox_nor_d4_lat6.v:2982$812'.
  created $dff cell `$procdff$1758' with positive edge clock.
Creating register for signal `\sbox.\w02_HPC2o7' using process `\sbox.$proc$/home/nilotpola/Downloads/TETRIS-artefact/src/MaskedHLS_LP/src/skinny_sbox_nor_d4_lat6.v:2982$812'.
  created $dff cell `$procdff$1759' with positive edge clock.
Creating register for signal `\sbox.\temp_hpc2o_v_4_order1_HPC2o7' using process `\sbox.$proc$/home/nilotpola/Downloads/TETRIS-artefact/src/MaskedHLS_LP/src/skinny_sbox_nor_d4_lat6.v:2982$812'.
  created $dff cell `$procdff$1760' with positive edge clock.
Creating register for signal `\sbox.\temp_hpc2o_v_4_order1_HPC2o7_reg' using process `\sbox.$proc$/home/nilotpola/Downloads/TETRIS-artefact/src/MaskedHLS_LP/src/skinny_sbox_nor_d4_lat6.v:2982$812'.
  created $dff cell `$procdff$1761' with positive edge clock.
Creating register for signal `\sbox.\v02_HPC2o7' using process `\sbox.$proc$/home/nilotpola/Downloads/TETRIS-artefact/src/MaskedHLS_LP/src/skinny_sbox_nor_d4_lat6.v:2982$812'.
  created $dff cell `$procdff$1762' with positive edge clock.
Creating register for signal `\sbox.\w03_HPC2o7' using process `\sbox.$proc$/home/nilotpola/Downloads/TETRIS-artefact/src/MaskedHLS_LP/src/skinny_sbox_nor_d4_lat6.v:2982$812'.
  created $dff cell `$procdff$1763' with positive edge clock.
Creating register for signal `\sbox.\temp_hpc2o_v_4_order2_HPC2o7' using process `\sbox.$proc$/home/nilotpola/Downloads/TETRIS-artefact/src/MaskedHLS_LP/src/skinny_sbox_nor_d4_lat6.v:2982$812'.
  created $dff cell `$procdff$1764' with positive edge clock.
Creating register for signal `\sbox.\temp_hpc2o_v_4_order2_HPC2o7_reg' using process `\sbox.$proc$/home/nilotpola/Downloads/TETRIS-artefact/src/MaskedHLS_LP/src/skinny_sbox_nor_d4_lat6.v:2982$812'.
  created $dff cell `$procdff$1765' with positive edge clock.
Creating register for signal `\sbox.\v03_HPC2o7' using process `\sbox.$proc$/home/nilotpola/Downloads/TETRIS-artefact/src/MaskedHLS_LP/src/skinny_sbox_nor_d4_lat6.v:2982$812'.
  created $dff cell `$procdff$1766' with positive edge clock.
Creating register for signal `\sbox.\w04_HPC2o7' using process `\sbox.$proc$/home/nilotpola/Downloads/TETRIS-artefact/src/MaskedHLS_LP/src/skinny_sbox_nor_d4_lat6.v:2982$812'.
  created $dff cell `$procdff$1767' with positive edge clock.
Creating register for signal `\sbox.\temp_hpc2o_v_4_order3_HPC2o7' using process `\sbox.$proc$/home/nilotpola/Downloads/TETRIS-artefact/src/MaskedHLS_LP/src/skinny_sbox_nor_d4_lat6.v:2982$812'.
  created $dff cell `$procdff$1768' with positive edge clock.
Creating register for signal `\sbox.\temp_hpc2o_v_4_order3_HPC2o7_reg' using process `\sbox.$proc$/home/nilotpola/Downloads/TETRIS-artefact/src/MaskedHLS_LP/src/skinny_sbox_nor_d4_lat6.v:2982$812'.
  created $dff cell `$procdff$1769' with positive edge clock.
Creating register for signal `\sbox.\v04_HPC2o7' using process `\sbox.$proc$/home/nilotpola/Downloads/TETRIS-artefact/src/MaskedHLS_LP/src/skinny_sbox_nor_d4_lat6.v:2982$812'.
  created $dff cell `$procdff$1770' with positive edge clock.
Creating register for signal `\sbox.\z5403_assgn54030' using process `\sbox.$proc$/home/nilotpola/Downloads/TETRIS-artefact/src/MaskedHLS_LP/src/skinny_sbox_nor_d4_lat6.v:2982$812'.
  created $dff cell `$procdff$1771' with positive edge clock.
Creating register for signal `\sbox.\z2581_assgn2581' using process `\sbox.$proc$/home/nilotpola/Downloads/TETRIS-artefact/src/MaskedHLS_LP/src/skinny_sbox_nor_d4_lat6.v:2982$812'.
  created $dff cell `$procdff$1772' with positive edge clock.
Creating register for signal `\sbox.\w10_HPC2o7' using process `\sbox.$proc$/home/nilotpola/Downloads/TETRIS-artefact/src/MaskedHLS_LP/src/skinny_sbox_nor_d4_lat6.v:2982$812'.
  created $dff cell `$procdff$1773' with positive edge clock.
Creating register for signal `\sbox.\temp_hpc2o_v_4_order4_HPC2o7' using process `\sbox.$proc$/home/nilotpola/Downloads/TETRIS-artefact/src/MaskedHLS_LP/src/skinny_sbox_nor_d4_lat6.v:2982$812'.
  created $dff cell `$procdff$1774' with positive edge clock.
Creating register for signal `\sbox.\temp_hpc2o_v_4_order4_HPC2o7_reg' using process `\sbox.$proc$/home/nilotpola/Downloads/TETRIS-artefact/src/MaskedHLS_LP/src/skinny_sbox_nor_d4_lat6.v:2982$812'.
  created $dff cell `$procdff$1775' with positive edge clock.
Creating register for signal `\sbox.\v10_HPC2o7' using process `\sbox.$proc$/home/nilotpola/Downloads/TETRIS-artefact/src/MaskedHLS_LP/src/skinny_sbox_nor_d4_lat6.v:2982$812'.
  created $dff cell `$procdff$1776' with positive edge clock.
Creating register for signal `\sbox.\w12_HPC2o7' using process `\sbox.$proc$/home/nilotpola/Downloads/TETRIS-artefact/src/MaskedHLS_LP/src/skinny_sbox_nor_d4_lat6.v:2982$812'.
  created $dff cell `$procdff$1777' with positive edge clock.
Creating register for signal `\sbox.\temp_hpc2o_v_4_order5_HPC2o7' using process `\sbox.$proc$/home/nilotpola/Downloads/TETRIS-artefact/src/MaskedHLS_LP/src/skinny_sbox_nor_d4_lat6.v:2982$812'.
  created $dff cell `$procdff$1778' with positive edge clock.
Creating register for signal `\sbox.\temp_hpc2o_v_4_order5_HPC2o7_reg' using process `\sbox.$proc$/home/nilotpola/Downloads/TETRIS-artefact/src/MaskedHLS_LP/src/skinny_sbox_nor_d4_lat6.v:2982$812'.
  created $dff cell `$procdff$1779' with positive edge clock.
Creating register for signal `\sbox.\v12_HPC2o7' using process `\sbox.$proc$/home/nilotpola/Downloads/TETRIS-artefact/src/MaskedHLS_LP/src/skinny_sbox_nor_d4_lat6.v:2982$812'.
  created $dff cell `$procdff$1780' with positive edge clock.
Creating register for signal `\sbox.\w13_HPC2o7' using process `\sbox.$proc$/home/nilotpola/Downloads/TETRIS-artefact/src/MaskedHLS_LP/src/skinny_sbox_nor_d4_lat6.v:2982$812'.
  created $dff cell `$procdff$1781' with positive edge clock.
Creating register for signal `\sbox.\temp_hpc2o_v_4_order6_HPC2o7' using process `\sbox.$proc$/home/nilotpola/Downloads/TETRIS-artefact/src/MaskedHLS_LP/src/skinny_sbox_nor_d4_lat6.v:2982$812'.
  created $dff cell `$procdff$1782' with positive edge clock.
Creating register for signal `\sbox.\temp_hpc2o_v_4_order6_HPC2o7_reg' using process `\sbox.$proc$/home/nilotpola/Downloads/TETRIS-artefact/src/MaskedHLS_LP/src/skinny_sbox_nor_d4_lat6.v:2982$812'.
  created $dff cell `$procdff$1783' with positive edge clock.
Creating register for signal `\sbox.\v13_HPC2o7' using process `\sbox.$proc$/home/nilotpola/Downloads/TETRIS-artefact/src/MaskedHLS_LP/src/skinny_sbox_nor_d4_lat6.v:2982$812'.
  created $dff cell `$procdff$1784' with positive edge clock.
Creating register for signal `\sbox.\w14_HPC2o7' using process `\sbox.$proc$/home/nilotpola/Downloads/TETRIS-artefact/src/MaskedHLS_LP/src/skinny_sbox_nor_d4_lat6.v:2982$812'.
  created $dff cell `$procdff$1785' with positive edge clock.
Creating register for signal `\sbox.\temp_hpc2o_v_4_order7_HPC2o7' using process `\sbox.$proc$/home/nilotpola/Downloads/TETRIS-artefact/src/MaskedHLS_LP/src/skinny_sbox_nor_d4_lat6.v:2982$812'.
  created $dff cell `$procdff$1786' with positive edge clock.
Creating register for signal `\sbox.\temp_hpc2o_v_4_order7_HPC2o7_reg' using process `\sbox.$proc$/home/nilotpola/Downloads/TETRIS-artefact/src/MaskedHLS_LP/src/skinny_sbox_nor_d4_lat6.v:2982$812'.
  created $dff cell `$procdff$1787' with positive edge clock.
Creating register for signal `\sbox.\v14_HPC2o7' using process `\sbox.$proc$/home/nilotpola/Downloads/TETRIS-artefact/src/MaskedHLS_LP/src/skinny_sbox_nor_d4_lat6.v:2982$812'.
  created $dff cell `$procdff$1788' with positive edge clock.
Creating register for signal `\sbox.\z5475_assgn54750' using process `\sbox.$proc$/home/nilotpola/Downloads/TETRIS-artefact/src/MaskedHLS_LP/src/skinny_sbox_nor_d4_lat6.v:2982$812'.
  created $dff cell `$procdff$1789' with positive edge clock.
Creating register for signal `\sbox.\z2651_assgn2651' using process `\sbox.$proc$/home/nilotpola/Downloads/TETRIS-artefact/src/MaskedHLS_LP/src/skinny_sbox_nor_d4_lat6.v:2982$812'.
  created $dff cell `$procdff$1790' with positive edge clock.
Creating register for signal `\sbox.\w20_HPC2o7' using process `\sbox.$proc$/home/nilotpola/Downloads/TETRIS-artefact/src/MaskedHLS_LP/src/skinny_sbox_nor_d4_lat6.v:2982$812'.
  created $dff cell `$procdff$1791' with positive edge clock.
Creating register for signal `\sbox.\temp_hpc2o_v_4_order8_HPC2o7' using process `\sbox.$proc$/home/nilotpola/Downloads/TETRIS-artefact/src/MaskedHLS_LP/src/skinny_sbox_nor_d4_lat6.v:2982$812'.
  created $dff cell `$procdff$1792' with positive edge clock.
Creating register for signal `\sbox.\temp_hpc2o_v_4_order8_HPC2o7_reg' using process `\sbox.$proc$/home/nilotpola/Downloads/TETRIS-artefact/src/MaskedHLS_LP/src/skinny_sbox_nor_d4_lat6.v:2982$812'.
  created $dff cell `$procdff$1793' with positive edge clock.
Creating register for signal `\sbox.\v20_HPC2o7' using process `\sbox.$proc$/home/nilotpola/Downloads/TETRIS-artefact/src/MaskedHLS_LP/src/skinny_sbox_nor_d4_lat6.v:2982$812'.
  created $dff cell `$procdff$1794' with positive edge clock.
Creating register for signal `\sbox.\w21_HPC2o7' using process `\sbox.$proc$/home/nilotpola/Downloads/TETRIS-artefact/src/MaskedHLS_LP/src/skinny_sbox_nor_d4_lat6.v:2982$812'.
  created $dff cell `$procdff$1795' with positive edge clock.
Creating register for signal `\sbox.\temp_hpc2o_v_4_order9_HPC2o7' using process `\sbox.$proc$/home/nilotpola/Downloads/TETRIS-artefact/src/MaskedHLS_LP/src/skinny_sbox_nor_d4_lat6.v:2982$812'.
  created $dff cell `$procdff$1796' with positive edge clock.
Creating register for signal `\sbox.\temp_hpc2o_v_4_order9_HPC2o7_reg' using process `\sbox.$proc$/home/nilotpola/Downloads/TETRIS-artefact/src/MaskedHLS_LP/src/skinny_sbox_nor_d4_lat6.v:2982$812'.
  created $dff cell `$procdff$1797' with positive edge clock.
Creating register for signal `\sbox.\v21_HPC2o7' using process `\sbox.$proc$/home/nilotpola/Downloads/TETRIS-artefact/src/MaskedHLS_LP/src/skinny_sbox_nor_d4_lat6.v:2982$812'.
  created $dff cell `$procdff$1798' with positive edge clock.
Creating register for signal `\sbox.\w23_HPC2o7' using process `\sbox.$proc$/home/nilotpola/Downloads/TETRIS-artefact/src/MaskedHLS_LP/src/skinny_sbox_nor_d4_lat6.v:2982$812'.
  created $dff cell `$procdff$1799' with positive edge clock.
Creating register for signal `\sbox.\temp_hpc2o_v_4_order10_HPC2o7' using process `\sbox.$proc$/home/nilotpola/Downloads/TETRIS-artefact/src/MaskedHLS_LP/src/skinny_sbox_nor_d4_lat6.v:2982$812'.
  created $dff cell `$procdff$1800' with positive edge clock.
Creating register for signal `\sbox.\temp_hpc2o_v_4_order10_HPC2o7_reg' using process `\sbox.$proc$/home/nilotpola/Downloads/TETRIS-artefact/src/MaskedHLS_LP/src/skinny_sbox_nor_d4_lat6.v:2982$812'.
  created $dff cell `$procdff$1801' with positive edge clock.
Creating register for signal `\sbox.\v23_HPC2o7' using process `\sbox.$proc$/home/nilotpola/Downloads/TETRIS-artefact/src/MaskedHLS_LP/src/skinny_sbox_nor_d4_lat6.v:2982$812'.
  created $dff cell `$procdff$1802' with positive edge clock.
Creating register for signal `\sbox.\w24_HPC2o7' using process `\sbox.$proc$/home/nilotpola/Downloads/TETRIS-artefact/src/MaskedHLS_LP/src/skinny_sbox_nor_d4_lat6.v:2982$812'.
  created $dff cell `$procdff$1803' with positive edge clock.
Creating register for signal `\sbox.\temp_hpc2o_v_4_order11_HPC2o7' using process `\sbox.$proc$/home/nilotpola/Downloads/TETRIS-artefact/src/MaskedHLS_LP/src/skinny_sbox_nor_d4_lat6.v:2982$812'.
  created $dff cell `$procdff$1804' with positive edge clock.
Creating register for signal `\sbox.\temp_hpc2o_v_4_order11_HPC2o7_reg' using process `\sbox.$proc$/home/nilotpola/Downloads/TETRIS-artefact/src/MaskedHLS_LP/src/skinny_sbox_nor_d4_lat6.v:2982$812'.
  created $dff cell `$procdff$1805' with positive edge clock.
Creating register for signal `\sbox.\v24_HPC2o7' using process `\sbox.$proc$/home/nilotpola/Downloads/TETRIS-artefact/src/MaskedHLS_LP/src/skinny_sbox_nor_d4_lat6.v:2982$812'.
  created $dff cell `$procdff$1806' with positive edge clock.
Creating register for signal `\sbox.\z5547_assgn55470' using process `\sbox.$proc$/home/nilotpola/Downloads/TETRIS-artefact/src/MaskedHLS_LP/src/skinny_sbox_nor_d4_lat6.v:2982$812'.
  created $dff cell `$procdff$1807' with positive edge clock.
Creating register for signal `\sbox.\z2721_assgn2721' using process `\sbox.$proc$/home/nilotpola/Downloads/TETRIS-artefact/src/MaskedHLS_LP/src/skinny_sbox_nor_d4_lat6.v:2982$812'.
  created $dff cell `$procdff$1808' with positive edge clock.
Creating register for signal `\sbox.\w30_HPC2o7' using process `\sbox.$proc$/home/nilotpola/Downloads/TETRIS-artefact/src/MaskedHLS_LP/src/skinny_sbox_nor_d4_lat6.v:2982$812'.
  created $dff cell `$procdff$1809' with positive edge clock.
Creating register for signal `\sbox.\temp_hpc2o_v_4_order12_HPC2o7' using process `\sbox.$proc$/home/nilotpola/Downloads/TETRIS-artefact/src/MaskedHLS_LP/src/skinny_sbox_nor_d4_lat6.v:2982$812'.
  created $dff cell `$procdff$1810' with positive edge clock.
Creating register for signal `\sbox.\temp_hpc2o_v_4_order12_HPC2o7_reg' using process `\sbox.$proc$/home/nilotpola/Downloads/TETRIS-artefact/src/MaskedHLS_LP/src/skinny_sbox_nor_d4_lat6.v:2982$812'.
  created $dff cell `$procdff$1811' with positive edge clock.
Creating register for signal `\sbox.\v30_HPC2o7' using process `\sbox.$proc$/home/nilotpola/Downloads/TETRIS-artefact/src/MaskedHLS_LP/src/skinny_sbox_nor_d4_lat6.v:2982$812'.
  created $dff cell `$procdff$1812' with positive edge clock.
Creating register for signal `\sbox.\w31_HPC2o7' using process `\sbox.$proc$/home/nilotpola/Downloads/TETRIS-artefact/src/MaskedHLS_LP/src/skinny_sbox_nor_d4_lat6.v:2982$812'.
  created $dff cell `$procdff$1813' with positive edge clock.
Creating register for signal `\sbox.\temp_hpc2o_v_4_order13_HPC2o7' using process `\sbox.$proc$/home/nilotpola/Downloads/TETRIS-artefact/src/MaskedHLS_LP/src/skinny_sbox_nor_d4_lat6.v:2982$812'.
  created $dff cell `$procdff$1814' with positive edge clock.
Creating register for signal `\sbox.\temp_hpc2o_v_4_order13_HPC2o7_reg' using process `\sbox.$proc$/home/nilotpola/Downloads/TETRIS-artefact/src/MaskedHLS_LP/src/skinny_sbox_nor_d4_lat6.v:2982$812'.
  created $dff cell `$procdff$1815' with positive edge clock.
Creating register for signal `\sbox.\v31_HPC2o7' using process `\sbox.$proc$/home/nilotpola/Downloads/TETRIS-artefact/src/MaskedHLS_LP/src/skinny_sbox_nor_d4_lat6.v:2982$812'.
  created $dff cell `$procdff$1816' with positive edge clock.
Creating register for signal `\sbox.\w32_HPC2o7' using process `\sbox.$proc$/home/nilotpola/Downloads/TETRIS-artefact/src/MaskedHLS_LP/src/skinny_sbox_nor_d4_lat6.v:2982$812'.
  created $dff cell `$procdff$1817' with positive edge clock.
Creating register for signal `\sbox.\temp_hpc2o_v_4_order14_HPC2o7' using process `\sbox.$proc$/home/nilotpola/Downloads/TETRIS-artefact/src/MaskedHLS_LP/src/skinny_sbox_nor_d4_lat6.v:2982$812'.
  created $dff cell `$procdff$1818' with positive edge clock.
Creating register for signal `\sbox.\temp_hpc2o_v_4_order14_HPC2o7_reg' using process `\sbox.$proc$/home/nilotpola/Downloads/TETRIS-artefact/src/MaskedHLS_LP/src/skinny_sbox_nor_d4_lat6.v:2982$812'.
  created $dff cell `$procdff$1819' with positive edge clock.
Creating register for signal `\sbox.\v32_HPC2o7' using process `\sbox.$proc$/home/nilotpola/Downloads/TETRIS-artefact/src/MaskedHLS_LP/src/skinny_sbox_nor_d4_lat6.v:2982$812'.
  created $dff cell `$procdff$1820' with positive edge clock.
Creating register for signal `\sbox.\w34_HPC2o7' using process `\sbox.$proc$/home/nilotpola/Downloads/TETRIS-artefact/src/MaskedHLS_LP/src/skinny_sbox_nor_d4_lat6.v:2982$812'.
  created $dff cell `$procdff$1821' with positive edge clock.
Creating register for signal `\sbox.\temp_hpc2o_v_4_order15_HPC2o7' using process `\sbox.$proc$/home/nilotpola/Downloads/TETRIS-artefact/src/MaskedHLS_LP/src/skinny_sbox_nor_d4_lat6.v:2982$812'.
  created $dff cell `$procdff$1822' with positive edge clock.
Creating register for signal `\sbox.\temp_hpc2o_v_4_order15_HPC2o7_reg' using process `\sbox.$proc$/home/nilotpola/Downloads/TETRIS-artefact/src/MaskedHLS_LP/src/skinny_sbox_nor_d4_lat6.v:2982$812'.
  created $dff cell `$procdff$1823' with positive edge clock.
Creating register for signal `\sbox.\v34_HPC2o7' using process `\sbox.$proc$/home/nilotpola/Downloads/TETRIS-artefact/src/MaskedHLS_LP/src/skinny_sbox_nor_d4_lat6.v:2982$812'.
  created $dff cell `$procdff$1824' with positive edge clock.
Creating register for signal `\sbox.\z5619_assgn56190' using process `\sbox.$proc$/home/nilotpola/Downloads/TETRIS-artefact/src/MaskedHLS_LP/src/skinny_sbox_nor_d4_lat6.v:2982$812'.
  created $dff cell `$procdff$1825' with positive edge clock.
Creating register for signal `\sbox.\z2791_assgn2791' using process `\sbox.$proc$/home/nilotpola/Downloads/TETRIS-artefact/src/MaskedHLS_LP/src/skinny_sbox_nor_d4_lat6.v:2982$812'.
  created $dff cell `$procdff$1826' with positive edge clock.
Creating register for signal `\sbox.\w40_HPC2o7' using process `\sbox.$proc$/home/nilotpola/Downloads/TETRIS-artefact/src/MaskedHLS_LP/src/skinny_sbox_nor_d4_lat6.v:2982$812'.
  created $dff cell `$procdff$1827' with positive edge clock.
Creating register for signal `\sbox.\temp_hpc2o_v_4_order16_HPC2o7' using process `\sbox.$proc$/home/nilotpola/Downloads/TETRIS-artefact/src/MaskedHLS_LP/src/skinny_sbox_nor_d4_lat6.v:2982$812'.
  created $dff cell `$procdff$1828' with positive edge clock.
Creating register for signal `\sbox.\temp_hpc2o_v_4_order16_HPC2o7_reg' using process `\sbox.$proc$/home/nilotpola/Downloads/TETRIS-artefact/src/MaskedHLS_LP/src/skinny_sbox_nor_d4_lat6.v:2982$812'.
  created $dff cell `$procdff$1829' with positive edge clock.
Creating register for signal `\sbox.\v40_HPC2o7' using process `\sbox.$proc$/home/nilotpola/Downloads/TETRIS-artefact/src/MaskedHLS_LP/src/skinny_sbox_nor_d4_lat6.v:2982$812'.
  created $dff cell `$procdff$1830' with positive edge clock.
Creating register for signal `\sbox.\w41_HPC2o7' using process `\sbox.$proc$/home/nilotpola/Downloads/TETRIS-artefact/src/MaskedHLS_LP/src/skinny_sbox_nor_d4_lat6.v:2982$812'.
  created $dff cell `$procdff$1831' with positive edge clock.
Creating register for signal `\sbox.\temp_hpc2o_v_4_order17_HPC2o7' using process `\sbox.$proc$/home/nilotpola/Downloads/TETRIS-artefact/src/MaskedHLS_LP/src/skinny_sbox_nor_d4_lat6.v:2982$812'.
  created $dff cell `$procdff$1832' with positive edge clock.
Creating register for signal `\sbox.\temp_hpc2o_v_4_order17_HPC2o7_reg' using process `\sbox.$proc$/home/nilotpola/Downloads/TETRIS-artefact/src/MaskedHLS_LP/src/skinny_sbox_nor_d4_lat6.v:2982$812'.
  created $dff cell `$procdff$1833' with positive edge clock.
Creating register for signal `\sbox.\v41_HPC2o7' using process `\sbox.$proc$/home/nilotpola/Downloads/TETRIS-artefact/src/MaskedHLS_LP/src/skinny_sbox_nor_d4_lat6.v:2982$812'.
  created $dff cell `$procdff$1834' with positive edge clock.
Creating register for signal `\sbox.\w42_HPC2o7' using process `\sbox.$proc$/home/nilotpola/Downloads/TETRIS-artefact/src/MaskedHLS_LP/src/skinny_sbox_nor_d4_lat6.v:2982$812'.
  created $dff cell `$procdff$1835' with positive edge clock.
Creating register for signal `\sbox.\temp_hpc2o_v_4_order18_HPC2o7' using process `\sbox.$proc$/home/nilotpola/Downloads/TETRIS-artefact/src/MaskedHLS_LP/src/skinny_sbox_nor_d4_lat6.v:2982$812'.
  created $dff cell `$procdff$1836' with positive edge clock.
Creating register for signal `\sbox.\temp_hpc2o_v_4_order18_HPC2o7_reg' using process `\sbox.$proc$/home/nilotpola/Downloads/TETRIS-artefact/src/MaskedHLS_LP/src/skinny_sbox_nor_d4_lat6.v:2982$812'.
  created $dff cell `$procdff$1837' with positive edge clock.
Creating register for signal `\sbox.\v42_HPC2o7' using process `\sbox.$proc$/home/nilotpola/Downloads/TETRIS-artefact/src/MaskedHLS_LP/src/skinny_sbox_nor_d4_lat6.v:2982$812'.
  created $dff cell `$procdff$1838' with positive edge clock.
Creating register for signal `\sbox.\w43_HPC2o7' using process `\sbox.$proc$/home/nilotpola/Downloads/TETRIS-artefact/src/MaskedHLS_LP/src/skinny_sbox_nor_d4_lat6.v:2982$812'.
  created $dff cell `$procdff$1839' with positive edge clock.
Creating register for signal `\sbox.\temp_hpc2o_v_4_order19_HPC2o7' using process `\sbox.$proc$/home/nilotpola/Downloads/TETRIS-artefact/src/MaskedHLS_LP/src/skinny_sbox_nor_d4_lat6.v:2982$812'.
  created $dff cell `$procdff$1840' with positive edge clock.
Creating register for signal `\sbox.\temp_hpc2o_v_4_order19_HPC2o7_reg' using process `\sbox.$proc$/home/nilotpola/Downloads/TETRIS-artefact/src/MaskedHLS_LP/src/skinny_sbox_nor_d4_lat6.v:2982$812'.
  created $dff cell `$procdff$1841' with positive edge clock.
Creating register for signal `\sbox.\v43_HPC2o7' using process `\sbox.$proc$/home/nilotpola/Downloads/TETRIS-artefact/src/MaskedHLS_LP/src/skinny_sbox_nor_d4_lat6.v:2982$812'.
  created $dff cell `$procdff$1842' with positive edge clock.
Creating register for signal `\sbox.\z5761_assgn57610' using process `\sbox.$proc$/home/nilotpola/Downloads/TETRIS-artefact/src/MaskedHLS_LP/src/skinny_sbox_nor_d4_lat6.v:2982$812'.
  created $dff cell `$procdff$1843' with positive edge clock.
Creating register for signal `\sbox.\z5761_assgn57611' using process `\sbox.$proc$/home/nilotpola/Downloads/TETRIS-artefact/src/MaskedHLS_LP/src/skinny_sbox_nor_d4_lat6.v:2982$812'.
  created $dff cell `$procdff$1844' with positive edge clock.
Creating register for signal `\sbox.\z5761_assgn57612' using process `\sbox.$proc$/home/nilotpola/Downloads/TETRIS-artefact/src/MaskedHLS_LP/src/skinny_sbox_nor_d4_lat6.v:2982$812'.
  created $dff cell `$procdff$1845' with positive edge clock.
Creating register for signal `\sbox.\z5763_assgn57630' using process `\sbox.$proc$/home/nilotpola/Downloads/TETRIS-artefact/src/MaskedHLS_LP/src/skinny_sbox_nor_d4_lat6.v:2982$812'.
  created $dff cell `$procdff$1846' with positive edge clock.
Creating register for signal `\sbox.\z5763_assgn57631' using process `\sbox.$proc$/home/nilotpola/Downloads/TETRIS-artefact/src/MaskedHLS_LP/src/skinny_sbox_nor_d4_lat6.v:2982$812'.
  created $dff cell `$procdff$1847' with positive edge clock.
Creating register for signal `\sbox.\z5763_assgn57632' using process `\sbox.$proc$/home/nilotpola/Downloads/TETRIS-artefact/src/MaskedHLS_LP/src/skinny_sbox_nor_d4_lat6.v:2982$812'.
  created $dff cell `$procdff$1848' with positive edge clock.
Creating register for signal `\sbox.\z5765_assgn57650' using process `\sbox.$proc$/home/nilotpola/Downloads/TETRIS-artefact/src/MaskedHLS_LP/src/skinny_sbox_nor_d4_lat6.v:2982$812'.
  created $dff cell `$procdff$1849' with positive edge clock.
Creating register for signal `\sbox.\z5765_assgn57651' using process `\sbox.$proc$/home/nilotpola/Downloads/TETRIS-artefact/src/MaskedHLS_LP/src/skinny_sbox_nor_d4_lat6.v:2982$812'.
  created $dff cell `$procdff$1850' with positive edge clock.
Creating register for signal `\sbox.\z5765_assgn57652' using process `\sbox.$proc$/home/nilotpola/Downloads/TETRIS-artefact/src/MaskedHLS_LP/src/skinny_sbox_nor_d4_lat6.v:2982$812'.
  created $dff cell `$procdff$1851' with positive edge clock.
Creating register for signal `\sbox.\z5767_assgn57670' using process `\sbox.$proc$/home/nilotpola/Downloads/TETRIS-artefact/src/MaskedHLS_LP/src/skinny_sbox_nor_d4_lat6.v:2982$812'.
  created $dff cell `$procdff$1852' with positive edge clock.
Creating register for signal `\sbox.\z5767_assgn57671' using process `\sbox.$proc$/home/nilotpola/Downloads/TETRIS-artefact/src/MaskedHLS_LP/src/skinny_sbox_nor_d4_lat6.v:2982$812'.
  created $dff cell `$procdff$1853' with positive edge clock.
Creating register for signal `\sbox.\z5767_assgn57672' using process `\sbox.$proc$/home/nilotpola/Downloads/TETRIS-artefact/src/MaskedHLS_LP/src/skinny_sbox_nor_d4_lat6.v:2982$812'.
  created $dff cell `$procdff$1854' with positive edge clock.
Creating register for signal `\sbox.\z5769_assgn57690' using process `\sbox.$proc$/home/nilotpola/Downloads/TETRIS-artefact/src/MaskedHLS_LP/src/skinny_sbox_nor_d4_lat6.v:2982$812'.
  created $dff cell `$procdff$1855' with positive edge clock.
Creating register for signal `\sbox.\z5769_assgn57691' using process `\sbox.$proc$/home/nilotpola/Downloads/TETRIS-artefact/src/MaskedHLS_LP/src/skinny_sbox_nor_d4_lat6.v:2982$812'.
  created $dff cell `$procdff$1856' with positive edge clock.
Creating register for signal `\sbox.\z5769_assgn57692' using process `\sbox.$proc$/home/nilotpola/Downloads/TETRIS-artefact/src/MaskedHLS_LP/src/skinny_sbox_nor_d4_lat6.v:2982$812'.
  created $dff cell `$procdff$1857' with positive edge clock.
Creating register for signal `\sbox.\z5771_assgn57710' using process `\sbox.$proc$/home/nilotpola/Downloads/TETRIS-artefact/src/MaskedHLS_LP/src/skinny_sbox_nor_d4_lat6.v:2982$812'.
  created $dff cell `$procdff$1858' with positive edge clock.
Creating register for signal `\sbox.\z5771_assgn57711' using process `\sbox.$proc$/home/nilotpola/Downloads/TETRIS-artefact/src/MaskedHLS_LP/src/skinny_sbox_nor_d4_lat6.v:2982$812'.
  created $dff cell `$procdff$1859' with positive edge clock.
Creating register for signal `\sbox.\z5773_assgn57730' using process `\sbox.$proc$/home/nilotpola/Downloads/TETRIS-artefact/src/MaskedHLS_LP/src/skinny_sbox_nor_d4_lat6.v:2982$812'.
  created $dff cell `$procdff$1860' with positive edge clock.
Creating register for signal `\sbox.\z5773_assgn57731' using process `\sbox.$proc$/home/nilotpola/Downloads/TETRIS-artefact/src/MaskedHLS_LP/src/skinny_sbox_nor_d4_lat6.v:2982$812'.
  created $dff cell `$procdff$1861' with positive edge clock.
Creating register for signal `\sbox.\z5775_assgn57750' using process `\sbox.$proc$/home/nilotpola/Downloads/TETRIS-artefact/src/MaskedHLS_LP/src/skinny_sbox_nor_d4_lat6.v:2982$812'.
  created $dff cell `$procdff$1862' with positive edge clock.
Creating register for signal `\sbox.\z5775_assgn57751' using process `\sbox.$proc$/home/nilotpola/Downloads/TETRIS-artefact/src/MaskedHLS_LP/src/skinny_sbox_nor_d4_lat6.v:2982$812'.
  created $dff cell `$procdff$1863' with positive edge clock.
Creating register for signal `\sbox.\z5777_assgn57770' using process `\sbox.$proc$/home/nilotpola/Downloads/TETRIS-artefact/src/MaskedHLS_LP/src/skinny_sbox_nor_d4_lat6.v:2982$812'.
  created $dff cell `$procdff$1864' with positive edge clock.
Creating register for signal `\sbox.\z5777_assgn57771' using process `\sbox.$proc$/home/nilotpola/Downloads/TETRIS-artefact/src/MaskedHLS_LP/src/skinny_sbox_nor_d4_lat6.v:2982$812'.
  created $dff cell `$procdff$1865' with positive edge clock.
Creating register for signal `\sbox.\z5779_assgn57790' using process `\sbox.$proc$/home/nilotpola/Downloads/TETRIS-artefact/src/MaskedHLS_LP/src/skinny_sbox_nor_d4_lat6.v:2982$812'.
  created $dff cell `$procdff$1866' with positive edge clock.
Creating register for signal `\sbox.\z5779_assgn57791' using process `\sbox.$proc$/home/nilotpola/Downloads/TETRIS-artefact/src/MaskedHLS_LP/src/skinny_sbox_nor_d4_lat6.v:2982$812'.
  created $dff cell `$procdff$1867' with positive edge clock.
Creating register for signal `\sbox.\z5791_assgn57910' using process `\sbox.$proc$/home/nilotpola/Downloads/TETRIS-artefact/src/MaskedHLS_LP/src/skinny_sbox_nor_d4_lat6.v:2982$812'.
  created $dff cell `$procdff$1868' with positive edge clock.
Creating register for signal `\sbox.\z5791_assgn57911' using process `\sbox.$proc$/home/nilotpola/Downloads/TETRIS-artefact/src/MaskedHLS_LP/src/skinny_sbox_nor_d4_lat6.v:2982$812'.
  created $dff cell `$procdff$1869' with positive edge clock.
Creating register for signal `\sbox.\z5791_assgn57912' using process `\sbox.$proc$/home/nilotpola/Downloads/TETRIS-artefact/src/MaskedHLS_LP/src/skinny_sbox_nor_d4_lat6.v:2982$812'.
  created $dff cell `$procdff$1870' with positive edge clock.
Creating register for signal `\sbox.\z5793_assgn57930' using process `\sbox.$proc$/home/nilotpola/Downloads/TETRIS-artefact/src/MaskedHLS_LP/src/skinny_sbox_nor_d4_lat6.v:2982$812'.
  created $dff cell `$procdff$1871' with positive edge clock.
Creating register for signal `\sbox.\z5793_assgn57931' using process `\sbox.$proc$/home/nilotpola/Downloads/TETRIS-artefact/src/MaskedHLS_LP/src/skinny_sbox_nor_d4_lat6.v:2982$812'.
  created $dff cell `$procdff$1872' with positive edge clock.
Creating register for signal `\sbox.\z5793_assgn57932' using process `\sbox.$proc$/home/nilotpola/Downloads/TETRIS-artefact/src/MaskedHLS_LP/src/skinny_sbox_nor_d4_lat6.v:2982$812'.
  created $dff cell `$procdff$1873' with positive edge clock.
Creating register for signal `\sbox.\z5795_assgn57950' using process `\sbox.$proc$/home/nilotpola/Downloads/TETRIS-artefact/src/MaskedHLS_LP/src/skinny_sbox_nor_d4_lat6.v:2982$812'.
  created $dff cell `$procdff$1874' with positive edge clock.
Creating register for signal `\sbox.\z5795_assgn57951' using process `\sbox.$proc$/home/nilotpola/Downloads/TETRIS-artefact/src/MaskedHLS_LP/src/skinny_sbox_nor_d4_lat6.v:2982$812'.
  created $dff cell `$procdff$1875' with positive edge clock.
Creating register for signal `\sbox.\z5795_assgn57952' using process `\sbox.$proc$/home/nilotpola/Downloads/TETRIS-artefact/src/MaskedHLS_LP/src/skinny_sbox_nor_d4_lat6.v:2982$812'.
  created $dff cell `$procdff$1876' with positive edge clock.
Creating register for signal `\sbox.\z5797_assgn57970' using process `\sbox.$proc$/home/nilotpola/Downloads/TETRIS-artefact/src/MaskedHLS_LP/src/skinny_sbox_nor_d4_lat6.v:2982$812'.
  created $dff cell `$procdff$1877' with positive edge clock.
Creating register for signal `\sbox.\z5797_assgn57971' using process `\sbox.$proc$/home/nilotpola/Downloads/TETRIS-artefact/src/MaskedHLS_LP/src/skinny_sbox_nor_d4_lat6.v:2982$812'.
  created $dff cell `$procdff$1878' with positive edge clock.
Creating register for signal `\sbox.\z5797_assgn57972' using process `\sbox.$proc$/home/nilotpola/Downloads/TETRIS-artefact/src/MaskedHLS_LP/src/skinny_sbox_nor_d4_lat6.v:2982$812'.
  created $dff cell `$procdff$1879' with positive edge clock.
Creating register for signal `\sbox.\z5799_assgn57990' using process `\sbox.$proc$/home/nilotpola/Downloads/TETRIS-artefact/src/MaskedHLS_LP/src/skinny_sbox_nor_d4_lat6.v:2982$812'.
  created $dff cell `$procdff$1880' with positive edge clock.
Creating register for signal `\sbox.\z5799_assgn57991' using process `\sbox.$proc$/home/nilotpola/Downloads/TETRIS-artefact/src/MaskedHLS_LP/src/skinny_sbox_nor_d4_lat6.v:2982$812'.
  created $dff cell `$procdff$1881' with positive edge clock.
Creating register for signal `\sbox.\z5799_assgn57992' using process `\sbox.$proc$/home/nilotpola/Downloads/TETRIS-artefact/src/MaskedHLS_LP/src/skinny_sbox_nor_d4_lat6.v:2982$812'.
  created $dff cell `$procdff$1882' with positive edge clock.
Creating register for signal `\sbox.\z5801_assgn58010' using process `\sbox.$proc$/home/nilotpola/Downloads/TETRIS-artefact/src/MaskedHLS_LP/src/skinny_sbox_nor_d4_lat6.v:2982$812'.
  created $dff cell `$procdff$1883' with positive edge clock.
Creating register for signal `\sbox.\z5801_assgn58011' using process `\sbox.$proc$/home/nilotpola/Downloads/TETRIS-artefact/src/MaskedHLS_LP/src/skinny_sbox_nor_d4_lat6.v:2982$812'.
  created $dff cell `$procdff$1884' with positive edge clock.
Creating register for signal `\sbox.\z5801_assgn58012' using process `\sbox.$proc$/home/nilotpola/Downloads/TETRIS-artefact/src/MaskedHLS_LP/src/skinny_sbox_nor_d4_lat6.v:2982$812'.
  created $dff cell `$procdff$1885' with positive edge clock.
Creating register for signal `\sbox.\z5803_assgn58030' using process `\sbox.$proc$/home/nilotpola/Downloads/TETRIS-artefact/src/MaskedHLS_LP/src/skinny_sbox_nor_d4_lat6.v:2982$812'.
  created $dff cell `$procdff$1886' with positive edge clock.
Creating register for signal `\sbox.\z5803_assgn58031' using process `\sbox.$proc$/home/nilotpola/Downloads/TETRIS-artefact/src/MaskedHLS_LP/src/skinny_sbox_nor_d4_lat6.v:2982$812'.
  created $dff cell `$procdff$1887' with positive edge clock.
Creating register for signal `\sbox.\z5803_assgn58032' using process `\sbox.$proc$/home/nilotpola/Downloads/TETRIS-artefact/src/MaskedHLS_LP/src/skinny_sbox_nor_d4_lat6.v:2982$812'.
  created $dff cell `$procdff$1888' with positive edge clock.
Creating register for signal `\sbox.\z5805_assgn58050' using process `\sbox.$proc$/home/nilotpola/Downloads/TETRIS-artefact/src/MaskedHLS_LP/src/skinny_sbox_nor_d4_lat6.v:2982$812'.
  created $dff cell `$procdff$1889' with positive edge clock.
Creating register for signal `\sbox.\z5805_assgn58051' using process `\sbox.$proc$/home/nilotpola/Downloads/TETRIS-artefact/src/MaskedHLS_LP/src/skinny_sbox_nor_d4_lat6.v:2982$812'.
  created $dff cell `$procdff$1890' with positive edge clock.
Creating register for signal `\sbox.\z5805_assgn58052' using process `\sbox.$proc$/home/nilotpola/Downloads/TETRIS-artefact/src/MaskedHLS_LP/src/skinny_sbox_nor_d4_lat6.v:2982$812'.
  created $dff cell `$procdff$1891' with positive edge clock.
Creating register for signal `\sbox.\z5807_assgn58070' using process `\sbox.$proc$/home/nilotpola/Downloads/TETRIS-artefact/src/MaskedHLS_LP/src/skinny_sbox_nor_d4_lat6.v:2982$812'.
  created $dff cell `$procdff$1892' with positive edge clock.
Creating register for signal `\sbox.\z5807_assgn58071' using process `\sbox.$proc$/home/nilotpola/Downloads/TETRIS-artefact/src/MaskedHLS_LP/src/skinny_sbox_nor_d4_lat6.v:2982$812'.
  created $dff cell `$procdff$1893' with positive edge clock.
Creating register for signal `\sbox.\z5807_assgn58072' using process `\sbox.$proc$/home/nilotpola/Downloads/TETRIS-artefact/src/MaskedHLS_LP/src/skinny_sbox_nor_d4_lat6.v:2982$812'.
  created $dff cell `$procdff$1894' with positive edge clock.
Creating register for signal `\sbox.\z5809_assgn58090' using process `\sbox.$proc$/home/nilotpola/Downloads/TETRIS-artefact/src/MaskedHLS_LP/src/skinny_sbox_nor_d4_lat6.v:2982$812'.
  created $dff cell `$procdff$1895' with positive edge clock.
Creating register for signal `\sbox.\z5809_assgn58091' using process `\sbox.$proc$/home/nilotpola/Downloads/TETRIS-artefact/src/MaskedHLS_LP/src/skinny_sbox_nor_d4_lat6.v:2982$812'.
  created $dff cell `$procdff$1896' with positive edge clock.
Creating register for signal `\sbox.\z5809_assgn58092' using process `\sbox.$proc$/home/nilotpola/Downloads/TETRIS-artefact/src/MaskedHLS_LP/src/skinny_sbox_nor_d4_lat6.v:2982$812'.
  created $dff cell `$procdff$1897' with positive edge clock.
Creating register for signal `\sbox.\z5811_assgn58110' using process `\sbox.$proc$/home/nilotpola/Downloads/TETRIS-artefact/src/MaskedHLS_LP/src/skinny_sbox_nor_d4_lat6.v:2982$812'.
  created $dff cell `$procdff$1898' with positive edge clock.
Creating register for signal `\sbox.\z5813_assgn58130' using process `\sbox.$proc$/home/nilotpola/Downloads/TETRIS-artefact/src/MaskedHLS_LP/src/skinny_sbox_nor_d4_lat6.v:2982$812'.
  created $dff cell `$procdff$1899' with positive edge clock.
Creating register for signal `\sbox.\z5815_assgn58150' using process `\sbox.$proc$/home/nilotpola/Downloads/TETRIS-artefact/src/MaskedHLS_LP/src/skinny_sbox_nor_d4_lat6.v:2982$812'.
  created $dff cell `$procdff$1900' with positive edge clock.
Creating register for signal `\sbox.\z5817_assgn58170' using process `\sbox.$proc$/home/nilotpola/Downloads/TETRIS-artefact/src/MaskedHLS_LP/src/skinny_sbox_nor_d4_lat6.v:2982$812'.
  created $dff cell `$procdff$1901' with positive edge clock.
Creating register for signal `\sbox.\z5819_assgn58190' using process `\sbox.$proc$/home/nilotpola/Downloads/TETRIS-artefact/src/MaskedHLS_LP/src/skinny_sbox_nor_d4_lat6.v:2982$812'.
  created $dff cell `$procdff$1902' with positive edge clock.

3.10. Executing PROC_MEMWR pass (convert process memory writes to cells).

3.11. Executing PROC_CLEAN pass (remove empty switches from decision trees).
Removing empty process `sbox.$proc$/home/nilotpola/Downloads/TETRIS-artefact/src/MaskedHLS_LP/src/skinny_sbox_nor_d4_lat6.v:2982$812'.
Cleaned up 0 empty switches.

3.12. Executing OPT_EXPR pass (perform const folding).
Optimizing module sbox.
<suppressed ~32 debug messages>

4. Executing OPT pass (performing simple optimizations).

4.1. Executing OPT_EXPR pass (perform const folding).
Optimizing module sbox.

4.2. Executing OPT_MERGE pass (detect identical cells).
Finding identical cells in module `\sbox'.
<suppressed ~330 debug messages>
Removed a total of 110 cells.

4.3. Executing OPT_MUXTREE pass (detect dead branches in mux trees).
Running muxtree optimizer on module \sbox..
  Creating internal representation of mux trees.
  No muxes found in this module.
Removed 0 multiplexer ports.

4.4. Executing OPT_REDUCE pass (consolidate $*mux and $reduce_* inputs).
  Optimizing cells in module \sbox.
Performed a total of 0 changes.

4.5. Executing OPT_MERGE pass (detect identical cells).
Finding identical cells in module `\sbox'.
Removed a total of 0 cells.

4.6. Executing OPT_DFF pass (perform DFF optimizations).

4.7. Executing OPT_CLEAN pass (remove unused cells and wires).
Finding unused cells or wires in module \sbox..
Removed 0 unused cells and 1661 unused wires.
<suppressed ~1 debug messages>

4.8. Executing OPT_EXPR pass (perform const folding).
Optimizing module sbox.

4.9. Rerunning OPT passes. (Maybe there is more to do..)

4.10. Executing OPT_MUXTREE pass (detect dead branches in mux trees).
Running muxtree optimizer on module \sbox..
  Creating internal representation of mux trees.
  No muxes found in this module.
Removed 0 multiplexer ports.

4.11. Executing OPT_REDUCE pass (consolidate $*mux and $reduce_* inputs).
  Optimizing cells in module \sbox.
Performed a total of 0 changes.

4.12. Executing OPT_MERGE pass (detect identical cells).
Finding identical cells in module `\sbox'.
Removed a total of 0 cells.

4.13. Executing OPT_DFF pass (perform DFF optimizations).

4.14. Executing OPT_CLEAN pass (remove unused cells and wires).
Finding unused cells or wires in module \sbox..

4.15. Executing OPT_EXPR pass (perform const folding).
Optimizing module sbox.

4.16. Finished OPT passes. (There is nothing left to do.)

5. Executing FSM pass (extract and optimize FSM).

5.1. Executing FSM_DETECT pass (finding FSMs in design).

5.2. Executing FSM_EXTRACT pass (extracting FSM from design).

5.3. Executing FSM_OPT pass (simple optimizations of FSMs).

5.4. Executing OPT_CLEAN pass (remove unused cells and wires).
Finding unused cells or wires in module \sbox..

5.5. Executing FSM_OPT pass (simple optimizations of FSMs).

5.6. Executing FSM_RECODE pass (re-assigning FSM state encoding).

5.7. Executing FSM_INFO pass (dumping all available information on FSM cells).

5.8. Executing FSM_MAP pass (mapping FSMs to basic logic).

6. Executing OPT pass (performing simple optimizations).

6.1. Executing OPT_EXPR pass (perform const folding).
Optimizing module sbox.

6.2. Executing OPT_MERGE pass (detect identical cells).
Finding identical cells in module `\sbox'.
Removed a total of 0 cells.

6.3. Executing OPT_MUXTREE pass (detect dead branches in mux trees).
Running muxtree optimizer on module \sbox..
  Creating internal representation of mux trees.
  No muxes found in this module.
Removed 0 multiplexer ports.

6.4. Executing OPT_REDUCE pass (consolidate $*mux and $reduce_* inputs).
  Optimizing cells in module \sbox.
Performed a total of 0 changes.

6.5. Executing OPT_MERGE pass (detect identical cells).
Finding identical cells in module `\sbox'.
Removed a total of 0 cells.

6.6. Executing OPT_DFF pass (perform DFF optimizations).

6.7. Executing OPT_CLEAN pass (remove unused cells and wires).
Finding unused cells or wires in module \sbox..

6.8. Executing OPT_EXPR pass (perform const folding).
Optimizing module sbox.

6.9. Finished OPT passes. (There is nothing left to do.)

7. Executing MEMORY pass.

7.1. Executing OPT_MEM pass (optimize memories).
Performed a total of 0 transformations.

7.2. Executing OPT_MEM_PRIORITY pass (removing unnecessary memory write priority relations).
Performed a total of 0 transformations.

7.3. Executing OPT_MEM_FEEDBACK pass (finding memory read-to-write feedback paths).

7.4. Executing MEMORY_BMUX2ROM pass (converting muxes to ROMs).

7.5. Executing MEMORY_DFF pass (merging $dff cells to $memrd).

7.6. Executing OPT_CLEAN pass (remove unused cells and wires).
Finding unused cells or wires in module \sbox..

7.7. Executing MEMORY_SHARE pass (consolidating $memrd/$memwr cells).

7.8. Executing OPT_MEM_WIDEN pass (optimize memories where all ports are wide).
Performed a total of 0 transformations.

7.9. Executing OPT_CLEAN pass (remove unused cells and wires).
Finding unused cells or wires in module \sbox..

7.10. Executing MEMORY_COLLECT pass (generating $mem cells).

7.11. Executing MEMORY_MAP pass (converting memories to logic and flip-flops).

8. Executing OPT pass (performing simple optimizations).

8.1. Executing OPT_EXPR pass (perform const folding).
Optimizing module sbox.

8.2. Executing OPT_MERGE pass (detect identical cells).
Finding identical cells in module `\sbox'.
Removed a total of 0 cells.

8.3. Executing OPT_MUXTREE pass (detect dead branches in mux trees).
Running muxtree optimizer on module \sbox..
  Creating internal representation of mux trees.
  No muxes found in this module.
Removed 0 multiplexer ports.

8.4. Executing OPT_REDUCE pass (consolidate $*mux and $reduce_* inputs).
  Optimizing cells in module \sbox.
Performed a total of 0 changes.

8.5. Executing OPT_MERGE pass (detect identical cells).
Finding identical cells in module `\sbox'.
Removed a total of 0 cells.

8.6. Executing OPT_DFF pass (perform DFF optimizations).

8.7. Executing OPT_CLEAN pass (remove unused cells and wires).
Finding unused cells or wires in module \sbox..

8.8. Executing OPT_EXPR pass (perform const folding).
Optimizing module sbox.

8.9. Finished OPT passes. (There is nothing left to do.)

9. Executing TECHMAP pass (map to technology primitives).

9.1. Executing Verilog-2005 frontend: /home/nilotpola/.local/bin/../share/yosys/techmap.v
Parsing Verilog input from `/home/nilotpola/.local/bin/../share/yosys/techmap.v' to AST representation.
Generating RTLIL representation for module `\_90_simplemap_bool_ops'.
Generating RTLIL representation for module `\_90_simplemap_reduce_ops'.
Generating RTLIL representation for module `\_90_simplemap_logic_ops'.
Generating RTLIL representation for module `\_90_simplemap_compare_ops'.
Generating RTLIL representation for module `\_90_simplemap_various'.
Generating RTLIL representation for module `\_90_simplemap_registers'.
Generating RTLIL representation for module `\_90_shift_ops_shr_shl_sshl_sshr'.
Generating RTLIL representation for module `\_90_shift_shiftx'.
Generating RTLIL representation for module `\_90_fa'.
Generating RTLIL representation for module `\_90_lcu'.
Generating RTLIL representation for module `\_90_alu'.
Generating RTLIL representation for module `\_90_macc'.
Generating RTLIL representation for module `\_90_alumacc'.
Generating RTLIL representation for module `\$__div_mod_u'.
Generating RTLIL representation for module `\$__div_mod_trunc'.
Generating RTLIL representation for module `\_90_div'.
Generating RTLIL representation for module `\_90_mod'.
Generating RTLIL representation for module `\$__div_mod_floor'.
Generating RTLIL representation for module `\_90_divfloor'.
Generating RTLIL representation for module `\_90_modfloor'.
Generating RTLIL representation for module `\_90_pow'.
Generating RTLIL representation for module `\_90_pmux'.
Generating RTLIL representation for module `\_90_demux'.
Generating RTLIL representation for module `\_90_lut'.
Successfully finished Verilog frontend.

9.2. Continuing TECHMAP pass.
Using extmapper simplemap for cells of type $logic_not.
Using extmapper simplemap for cells of type $and.
Using extmapper simplemap for cells of type $xor.
Using extmapper simplemap for cells of type $or.
Using extmapper simplemap for cells of type $dff.
No more expansions possible.
<suppressed ~1832 debug messages>

10. Executing OPT pass (performing simple optimizations).

10.1. Executing OPT_EXPR pass (perform const folding).
Optimizing module sbox.

10.2. Executing OPT_MERGE pass (detect identical cells).
Finding identical cells in module `\sbox'.
Removed a total of 0 cells.

10.3. Executing OPT_MUXTREE pass (detect dead branches in mux trees).
Running muxtree optimizer on module \sbox..
  Creating internal representation of mux trees.
  No muxes found in this module.
Removed 0 multiplexer ports.

10.4. Executing OPT_REDUCE pass (consolidate $*mux and $reduce_* inputs).
  Optimizing cells in module \sbox.
Performed a total of 0 changes.

10.5. Executing OPT_MERGE pass (detect identical cells).
Finding identical cells in module `\sbox'.
Removed a total of 0 cells.

10.6. Executing OPT_DFF pass (perform DFF optimizations).

10.7. Executing OPT_CLEAN pass (remove unused cells and wires).
Finding unused cells or wires in module \sbox..

10.8. Executing OPT_EXPR pass (perform const folding).
Optimizing module sbox.

10.9. Finished OPT passes. (There is nothing left to do.)

11. Executing DFFLIBMAP pass (mapping DFF cells to sequential cells from liberty file).
Warning: Found unsupported expression 'SE*SI+D*!SE' in pin attribute of cell 'SDFFRS_X1' - skipping.
Warning: Found unsupported expression 'SE*SI+D*!SE' in pin attribute of cell 'SDFFRS_X2' - skipping.
Warning: Found unsupported expression 'SE*SI+D*!SE' in pin attribute of cell 'SDFFR_X1' - skipping.
Warning: Found unsupported expression 'SE*SI+D*!SE' in pin attribute of cell 'SDFFR_X2' - skipping.
Warning: Found unsupported expression 'SE*SI+D*!SE' in pin attribute of cell 'SDFFS_X1' - skipping.
Warning: Found unsupported expression 'SE*SI+D*!SE' in pin attribute of cell 'SDFFS_X2' - skipping.
Warning: Found unsupported expression 'SE*SI+D*!SE' in pin attribute of cell 'SDFF_X1' - skipping.
Warning: Found unsupported expression 'SE*SI+D*!SE' in pin attribute of cell 'SDFF_X2' - skipping.
  cell DFF_X1 (noninv, pins=4, area=4.52) is a direct match for cell type $_DFF_P_.
Warning: Found unsupported expression 'SE*SI+D*!SE' in pin attribute of cell 'SDFFRS_X1' - skipping.
Warning: Found unsupported expression 'SE*SI+D*!SE' in pin attribute of cell 'SDFFRS_X2' - skipping.
Warning: Found unsupported expression 'SE*SI+D*!SE' in pin attribute of cell 'SDFFR_X1' - skipping.
Warning: Found unsupported expression 'SE*SI+D*!SE' in pin attribute of cell 'SDFFR_X2' - skipping.
Warning: Found unsupported expression 'SE*SI+D*!SE' in pin attribute of cell 'SDFFS_X1' - skipping.
Warning: Found unsupported expression 'SE*SI+D*!SE' in pin attribute of cell 'SDFFS_X2' - skipping.
Warning: Found unsupported expression 'SE*SI+D*!SE' in pin attribute of cell 'SDFF_X1' - skipping.
Warning: Found unsupported expression 'SE*SI+D*!SE' in pin attribute of cell 'SDFF_X2' - skipping.
  cell DFFR_X1 (noninv, pins=5, area=5.32) is a direct match for cell type $_DFF_PN0_.
Warning: Found unsupported expression 'SE*SI+D*!SE' in pin attribute of cell 'SDFFRS_X1' - skipping.
Warning: Found unsupported expression 'SE*SI+D*!SE' in pin attribute of cell 'SDFFRS_X2' - skipping.
Warning: Found unsupported expression 'SE*SI+D*!SE' in pin attribute of cell 'SDFFR_X1' - skipping.
Warning: Found unsupported expression 'SE*SI+D*!SE' in pin attribute of cell 'SDFFR_X2' - skipping.
Warning: Found unsupported expression 'SE*SI+D*!SE' in pin attribute of cell 'SDFFS_X1' - skipping.
Warning: Found unsupported expression 'SE*SI+D*!SE' in pin attribute of cell 'SDFFS_X2' - skipping.
Warning: Found unsupported expression 'SE*SI+D*!SE' in pin attribute of cell 'SDFF_X1' - skipping.
Warning: Found unsupported expression 'SE*SI+D*!SE' in pin attribute of cell 'SDFF_X2' - skipping.
  cell DFFS_X1 (noninv, pins=5, area=5.32) is a direct match for cell type $_DFF_PN1_.
Warning: Found unsupported expression 'SE*SI+D*!SE' in pin attribute of cell 'SDFFRS_X1' - skipping.
Warning: Found unsupported expression 'SE*SI+D*!SE' in pin attribute of cell 'SDFFRS_X2' - skipping.
Warning: Found unsupported expression 'SE*SI+D*!SE' in pin attribute of cell 'SDFFR_X1' - skipping.
Warning: Found unsupported expression 'SE*SI+D*!SE' in pin attribute of cell 'SDFFR_X2' - skipping.
Warning: Found unsupported expression 'SE*SI+D*!SE' in pin attribute of cell 'SDFFS_X1' - skipping.
Warning: Found unsupported expression 'SE*SI+D*!SE' in pin attribute of cell 'SDFFS_X2' - skipping.
Warning: Found unsupported expression 'SE*SI+D*!SE' in pin attribute of cell 'SDFF_X1' - skipping.
Warning: Found unsupported expression 'SE*SI+D*!SE' in pin attribute of cell 'SDFF_X2' - skipping.
Warning: Found unsupported expression 'SE*SI+D*!SE' in pin attribute of cell 'SDFFRS_X1' - skipping.
Warning: Found unsupported expression 'SE*SI+D*!SE' in pin attribute of cell 'SDFFRS_X2' - skipping.
Warning: Found unsupported expression 'SE*SI+D*!SE' in pin attribute of cell 'SDFFR_X1' - skipping.
Warning: Found unsupported expression 'SE*SI+D*!SE' in pin attribute of cell 'SDFFR_X2' - skipping.
Warning: Found unsupported expression 'SE*SI+D*!SE' in pin attribute of cell 'SDFFS_X1' - skipping.
Warning: Found unsupported expression 'SE*SI+D*!SE' in pin attribute of cell 'SDFFS_X2' - skipping.
Warning: Found unsupported expression 'SE*SI+D*!SE' in pin attribute of cell 'SDFF_X1' - skipping.
Warning: Found unsupported expression 'SE*SI+D*!SE' in pin attribute of cell 'SDFF_X2' - skipping.
Warning: Found unsupported expression 'SE*SI+D*!SE' in pin attribute of cell 'SDFFRS_X1' - skipping.
Warning: Found unsupported expression 'SE*SI+D*!SE' in pin attribute of cell 'SDFFRS_X2' - skipping.
Warning: Found unsupported expression 'SE*SI+D*!SE' in pin attribute of cell 'SDFFR_X1' - skipping.
Warning: Found unsupported expression 'SE*SI+D*!SE' in pin attribute of cell 'SDFFR_X2' - skipping.
Warning: Found unsupported expression 'SE*SI+D*!SE' in pin attribute of cell 'SDFFS_X1' - skipping.
Warning: Found unsupported expression 'SE*SI+D*!SE' in pin attribute of cell 'SDFFS_X2' - skipping.
Warning: Found unsupported expression 'SE*SI+D*!SE' in pin attribute of cell 'SDFF_X1' - skipping.
Warning: Found unsupported expression 'SE*SI+D*!SE' in pin attribute of cell 'SDFF_X2' - skipping.
  cell DFFRS_X1 (noninv, pins=6, area=6.38) is a direct match for cell type $_DFFSR_PNN_.
Warning: Found unsupported expression 'SE*SI+D*!SE' in pin attribute of cell 'SDFFRS_X1' - skipping.
Warning: Found unsupported expression 'SE*SI+D*!SE' in pin attribute of cell 'SDFFRS_X2' - skipping.
Warning: Found unsupported expression 'SE*SI+D*!SE' in pin attribute of cell 'SDFFR_X1' - skipping.
Warning: Found unsupported expression 'SE*SI+D*!SE' in pin attribute of cell 'SDFFR_X2' - skipping.
Warning: Found unsupported expression 'SE*SI+D*!SE' in pin attribute of cell 'SDFFS_X1' - skipping.
Warning: Found unsupported expression 'SE*SI+D*!SE' in pin attribute of cell 'SDFFS_X2' - skipping.
Warning: Found unsupported expression 'SE*SI+D*!SE' in pin attribute of cell 'SDFF_X1' - skipping.
Warning: Found unsupported expression 'SE*SI+D*!SE' in pin attribute of cell 'SDFF_X2' - skipping.
Warning: Found unsupported expression 'SE*SI+D*!SE' in pin attribute of cell 'SDFFRS_X1' - skipping.
Warning: Found unsupported expression 'SE*SI+D*!SE' in pin attribute of cell 'SDFFRS_X2' - skipping.
Warning: Found unsupported expression 'SE*SI+D*!SE' in pin attribute of cell 'SDFFR_X1' - skipping.
Warning: Found unsupported expression 'SE*SI+D*!SE' in pin attribute of cell 'SDFFR_X2' - skipping.
Warning: Found unsupported expression 'SE*SI+D*!SE' in pin attribute of cell 'SDFFS_X1' - skipping.
Warning: Found unsupported expression 'SE*SI+D*!SE' in pin attribute of cell 'SDFFS_X2' - skipping.
Warning: Found unsupported expression 'SE*SI+D*!SE' in pin attribute of cell 'SDFF_X1' - skipping.
Warning: Found unsupported expression 'SE*SI+D*!SE' in pin attribute of cell 'SDFF_X2' - skipping.
Warning: Found unsupported expression 'SE*SI+D*!SE' in pin attribute of cell 'SDFFRS_X1' - skipping.
Warning: Found unsupported expression 'SE*SI+D*!SE' in pin attribute of cell 'SDFFRS_X2' - skipping.
Warning: Found unsupported expression 'SE*SI+D*!SE' in pin attribute of cell 'SDFFR_X1' - skipping.
Warning: Found unsupported expression 'SE*SI+D*!SE' in pin attribute of cell 'SDFFR_X2' - skipping.
Warning: Found unsupported expression 'SE*SI+D*!SE' in pin attribute of cell 'SDFFS_X1' - skipping.
Warning: Found unsupported expression 'SE*SI+D*!SE' in pin attribute of cell 'SDFFS_X2' - skipping.
Warning: Found unsupported expression 'SE*SI+D*!SE' in pin attribute of cell 'SDFF_X1' - skipping.
Warning: Found unsupported expression 'SE*SI+D*!SE' in pin attribute of cell 'SDFF_X2' - skipping.
  final dff cell mappings:
    unmapped dff cell: $_DFF_N_
    \DFF_X1 _DFF_P_ (.CK( C), .D( D), .Q( Q), .QN(~Q));
    unmapped dff cell: $_DFF_NN0_
    unmapped dff cell: $_DFF_NN1_
    unmapped dff cell: $_DFF_NP0_
    unmapped dff cell: $_DFF_NP1_
    \DFFR_X1 _DFF_PN0_ (.CK( C), .D( D), .Q( Q), .QN(~Q), .RN( R));
    \DFFS_X1 _DFF_PN1_ (.CK( C), .D( D), .Q( Q), .QN(~Q), .SN( R));
    unmapped dff cell: $_DFF_PP0_
    unmapped dff cell: $_DFF_PP1_
    unmapped dff cell: $_DFFSR_NNN_
    unmapped dff cell: $_DFFSR_NNP_
    unmapped dff cell: $_DFFSR_NPN_
    unmapped dff cell: $_DFFSR_NPP_
    \DFFRS_X1 _DFFSR_PNN_ (.CK( C), .D( D), .Q( Q), .QN(~Q), .RN( R), .SN( S));
    unmapped dff cell: $_DFFSR_PNP_
    unmapped dff cell: $_DFFSR_PPN_
    unmapped dff cell: $_DFFSR_PPP_

11.1. Executing DFFLEGALIZE pass (convert FFs to types supported by the target).
Mapping DFF cells in module `\sbox':
  mapped 840 $_DFF_P_ cells to \DFF_X1 cells.

12. Executing ABC pass (technology mapping using ABC).

12.1. Extracting gate netlist of module `\sbox' to `<abc-temp-dir>/input.blif'..
Extracted 919 gates and 1589 wires to a netlist network with 670 inputs and 568 outputs.

12.1.1. Executing ABC.
Running ABC command: "<yosys-exe-dir>/yosys-abc" -s -f <abc-temp-dir>/abc.script 2>&1
ABC: ABC command line: "source <abc-temp-dir>/abc.script".
ABC: 
ABC: + read_blif <abc-temp-dir>/input.blif 
ABC: + read_lib -w /home/nilotpola/Downloads/TETRIS-artefact/src/Design Synthesis/nangate45-pdk/stdcells.lib 
ABC: Parsing finished successfully.  Parsing time =     0.05 sec
ABC: Scl_LibertyReadGenlib() skipped cell "ANTENNA_X1" due to dont_use attribute.
ABC: Scl_LibertyReadGenlib() skipped cell "CLKGATETST_X1" without logic function.
ABC: Scl_LibertyReadGenlib() skipped cell "CLKGATETST_X2" without logic function.
ABC: Scl_LibertyReadGenlib() skipped cell "CLKGATETST_X4" without logic function.
ABC: Scl_LibertyReadGenlib() skipped cell "CLKGATETST_X8" without logic function.
ABC: Scl_LibertyReadGenlib() skipped cell "CLKGATE_X1" without logic function.
ABC: Scl_LibertyReadGenlib() skipped cell "CLKGATE_X2" without logic function.
ABC: Scl_LibertyReadGenlib() skipped cell "CLKGATE_X4" without logic function.
ABC: Scl_LibertyReadGenlib() skipped cell "CLKGATE_X8" without logic function.
ABC: Scl_LibertyReadGenlib() skipped sequential cell "DFFRS_X1".
ABC: Scl_LibertyReadGenlib() skipped sequential cell "DFFRS_X2".
ABC: Scl_LibertyReadGenlib() skipped sequential cell "DFFR_X1".
ABC: Scl_LibertyReadGenlib() skipped sequential cell "DFFR_X2".
ABC: Scl_LibertyReadGenlib() skipped sequential cell "DFFS_X1".
ABC: Scl_LibertyReadGenlib() skipped sequential cell "DFFS_X2".
ABC: Scl_LibertyReadGenlib() skipped sequential cell "DFF_X1".
ABC: Scl_LibertyReadGenlib() skipped sequential cell "DFF_X2".
ABC: Scl_LibertyReadGenlib() skipped sequential cell "DLH_X1".
ABC: Scl_LibertyReadGenlib() skipped sequential cell "DLH_X2".
ABC: Scl_LibertyReadGenlib() skipped sequential cell "DLL_X1".
ABC: Scl_LibertyReadGenlib() skipped sequential cell "DLL_X2".
ABC: Scl_LibertyReadGenlib() skipped cell "WELLTAP_X1" due to dont_use attribute.
ABC: Scl_LibertyReadGenlib() skipped cell "FILLCELL_X1" due to dont_use attribute.
ABC: Scl_LibertyReadGenlib() skipped cell "FILLCELL_X2" due to dont_use attribute.
ABC: Scl_LibertyReadGenlib() skipped cell "FILLCELL_X4" due to dont_use attribute.
ABC: Scl_LibertyReadGenlib() skipped cell "FILLCELL_X8" due to dont_use attribute.
ABC: Scl_LibertyReadGenlib() skipped cell "FILLCELL_X16" due to dont_use attribute.
ABC: Scl_LibertyReadGenlib() skipped cell "FILLCELL_X32" due to dont_use attribute.
ABC: Scl_LibertyReadGenlib() skipped cell "LOGIC0_X1" due to dont_use attribute.
ABC: Scl_LibertyReadGenlib() skipped cell "LOGIC1_X1" due to dont_use attribute.
ABC: Scl_LibertyReadGenlib() skipped sequential cell "SDFFRS_X1".
ABC: Scl_LibertyReadGenlib() skipped sequential cell "SDFFRS_X2".
ABC: Scl_LibertyReadGenlib() skipped sequential cell "SDFFR_X1".
ABC: Scl_LibertyReadGenlib() skipped sequential cell "SDFFR_X2".
ABC: Scl_LibertyReadGenlib() skipped sequential cell "SDFFS_X1".
ABC: Scl_LibertyReadGenlib() skipped sequential cell "SDFFS_X2".
ABC: Scl_LibertyReadGenlib() skipped sequential cell "SDFF_X1".
ABC: Scl_LibertyReadGenlib() skipped sequential cell "SDFF_X2".
ABC: Scl_LibertyReadGenlib() skipped three-state cell "TBUF_X1".
ABC: Scl_LibertyReadGenlib() skipped three-state cell "TBUF_X2".
ABC: Scl_LibertyReadGenlib() skipped three-state cell "TBUF_X4".
ABC: Scl_LibertyReadGenlib() skipped three-state cell "TBUF_X8".
ABC: Scl_LibertyReadGenlib() skipped three-state cell "TBUF_X16".
ABC: Scl_LibertyReadGenlib() skipped three-state cell "TINV_X1".
ABC: Scl_LibertyReadGenlib() skipped sequential cell "TLAT_X1".
ABC: Library "NangateOpenCellLibrary" from "/home/nilotpola/Downloads/TETRIS-artefact/src/Design Synthesis/nangate45-pdk/stdcells.lib" has 90 cells (35 skipped: 21 seq; 6 tri-state; 8 no func; 10 dont_use).  Time =     0.08 sec
ABC: Memory =   11.38 MB. Time =     0.08 sec
ABC: Warning: Detected 2 multi-output gates (for example, "FA_X1").
ABC: + strash 
ABC: + &get -n 
ABC: + &fraig -x 
ABC: + &put 
ABC: + scorr 
ABC: Warning: The network is combinational (run "fraig" or "fraig_sweep").
ABC: + dc2 
ABC: + dretime 
ABC: + strash 
ABC: + &get -n 
ABC: + &dch -f 
ABC: + &nf 
ABC: + &put 
ABC: + write_blif <abc-temp-dir>/output.blif 

12.1.2. Re-integrating ABC results.
ABC RESULTS:            INV_X1 cells:       93
ABC RESULTS:           MUX2_X1 cells:       10
ABC RESULTS:           XOR2_X1 cells:      115
ABC RESULTS:           AND2_X1 cells:      184
ABC RESULTS:          XNOR2_X1 cells:      365
ABC RESULTS:           NOR2_X1 cells:      186
ABC RESULTS:        internal signals:      351
ABC RESULTS:           input signals:      670
ABC RESULTS:          output signals:      568
Removing temp directory.
Removed 0 unused cells and 1721 unused wires.

13. Executing Verilog backend.

13.1. Executing BMUXMAP pass.

13.2. Executing DEMUXMAP pass.
Dumping module `\sbox'.
{
   "creator": "Yosys 0.33 (git sha1 2584903a0, gcc 8.4.0-1ubuntu1~18.04 -fPIC -Os)",
   "invocation": "stat -liberty /home/nilotpola/Downloads/TETRIS-artefact/src/Design Synthesis/nangate45-pdk/stdcells.lib -json ",
   "modules": {
      "\\sbox": {
         "num_wires":         2874,
         "num_wire_bits":     2874,
         "num_pub_wires":     1409,
         "num_pub_wire_bits": 1409,
         "num_memories":      0,
         "num_memory_bits":   0,
         "num_processes":     0,
         "num_cells":         1793,
         "area":              4976.860000,
         "num_cells_by_type": {
            "AND2_X1": 184,
            "DFF_X1": 840,
            "INV_X1": 93,
            "MUX2_X1": 10,
            "NOR2_X1": 186,
            "XNOR2_X1": 365,
            "XOR2_X1": 115
         }
      }
   },
      "design": {
         "num_wires":         2874,
         "num_wire_bits":     2874,
         "num_pub_wires":     1409,
         "num_pub_wire_bits": 1409,
         "num_memories":      0,
         "num_memory_bits":   0,
         "num_processes":     0,
         "num_cells":         1793,
         "area":              4976.860000,
         "num_cells_by_type": {
            "AND2_X1": 184,
            "DFF_X1": 840,
            "INV_X1": 93,
            "MUX2_X1": 10,
            "NOR2_X1": 186,
            "XNOR2_X1": 365,
            "XOR2_X1": 115
         }
      }
}

14. Executing JSON backend.

Warnings: 8 unique messages, 72 total
End of script. Logfile hash: aad0210729, CPU: user 1.08s system 0.01s, MEM: 69.39 MB peak
Yosys 0.33 (git sha1 2584903a0, gcc 8.4.0-1ubuntu1~18.04 -fPIC -Os)
Time spent: 25% 1x abc (0 sec), 17% 10x opt_expr (0 sec), ...


======================================================================
FULL RESULTS — MRLC
======================================================================
Design          : skinny_sbox_nor
Security order  : d = 4  (5 shares)
Latency budget: 6
Achieved randomness : 80 bits
Achieved latency    : 6 cycles
HLS verified latency: 6 cycles
Synthesis area      : 4976.86 liberty-units
Cell count          : 1793
DFF count           : 840
DSE time            : 0.04s

Gadget distribution:
  hpc2               count=5  lat/gadget=2  rand/gadget=10
  hpc2_swapped       count=1  lat/gadget=2  rand/gadget=10
  hpc2o              count=1  lat/gadget=2  rand/gadget=10
  hpc2o_swapped      count=1  lat/gadget=2  rand/gadget=10
